Unnamed: 0,parse_count,restaurant_name,rating_review,sample,review_id,title_review,review_preview,review_full,date,city,url_restaurant,author_id,aspects
371417,371418,Taller_de_Tapas_Argenteria,4,Positive,review_212335326,Lovely tapas,Really lovely food and great service. We visited twice and both times we didn't have to wait long for them to seat all 8 of us together.,Really lovely food and great service. We visited twice and both times we didn't have to wait long for them to seat all 8 of us together.,"June 27, 2014",Barcelona_Catalonia,https://www.tripadvisor.com/Restaurant_Review-g187497-d8017679-Reviews-or630-Taller_de_Tapas_Argenteria-Barcelona_Catalonia.html,UID_209605,"{'food': 'positive', 'service': 'positive', 'wait time': 'positive'}"
247604,247605,Balthazar,3,Negative,review_136600343,busy middle class restaurant,Every time we are in the city visit this restaurant not because it's the best but because it has a varied menu with average price and cozy decoration.Most of the guests are either middle class people or tourists.The menu is long and has...,Every time we are in the city visit this restaurant not because it's the best but because it has a varied menu with average price and cozy decoration. Most of the guests are either middle class people or tourists. The menu is long and has varied dishes... but tasty at average price. The service is usually quick and the staff are friendly. Don't expect a romantic quiet night here. The tabels are close to each other and it gets busy most of the time and VERY noisy on the weekends! I might eat there again once I'm back to BCN.,"August 8, 2012",Barcelona_Catalonia,https://www.tripadvisor.com/Restaurant_Review-g187497-d782427-Reviews-or170-Balthazar-Barcelona_Catalonia.html,UID_6229,"{'restaurant': 'neutral', 'menu variety': 'positive', 'price': 'neutral', 'decoration': 'positive', 'guests': 'neutral', 'dishes': 'neutral', 'taste': 'neutral', 'service': 'positive', 'staff': 'positive', 'atmosphere': 'negative', 'noise level': 'negative', 'wait time': 'positive'}"
140435,140436,Tlaxcal,1,Negative,review_683802816,Awful Customer Service...,"We were is desperate need of some Mexican food after a month traveling in Europe and when we came across this place we thought we were finally going to eat some good Mexican food. But, to our surprise the experience at this place was awful....","We were is desperate need of some Mexican food after a month traveling in Europe and when we came across this place we thought we were finally going to eat some good Mexican food. But, to our surprise the experience at this place was awful. Their extreme lack of customer service skills was incredible. We asked for a table and were told by the person that greeted us, ""there is nothing available"" and he waled away. So after this warm welcome to their restaurant we ordered our food to go which shows how desperate we were for Mexican food because any other day I would have just left. But, we decided to eat outside on the benches. They had given us metal silverware to use while eating at the beches and obviously had to be returned once we were done. Instead a man kept coming outside to check on us as if we were going to run off with his precious forks. To me this was outrageous and I even thought about giving this poor man some money to buy more forks since it seemed he was short on them lol. Not to mention the food, not authentic Mexican food at all! If we would have known that the food was going to be as mediocre as the service we would have left. Deffinitly a learning experince!","June 23, 2019",Barcelona_Catalonia,https://www.tripadvisor.com/Restaurant_Review-g187497-d2321735-Reviews-or10-Tlaxcal-Barcelona_Catalonia.html,UID_104575,"{'mexican food': 'negative', 'service': 'negative', 'atmosphere': 'negative'}"
241076,241077,Agua,4,Positive,review_576732159,Chilled-out place in a great location,Agua is a place with excellent fish and seafood dishes right at Port Olympic/ Barceloneta beach. Getting a table on the sun terrace is a special treat. Service is a bit of a lottery - you can get a great one or a hit-and-miss -...,Agua is a place with excellent fish and seafood dishes right at Port Olympic/ Barceloneta beach. Getting a table on the sun terrace is a special treat. Service is a bit of a lottery - you can get a great one or a hit-and-miss - always difficult to predict,"April 30, 2018",Barcelona_Catalonia,https://www.tripadvisor.com/Restaurant_Review-g187497-d697400-Reviews-or90-Agua-Barcelona_Catalonia.html,UID_96503,"{'fish and seafood dishes': 'positive', 'location': 'positive', 'sun terrace': 'positive', 'service': 'neutral'}"
123114,123115,Cerveceria_Catalana,4,Positive,review_548872719,"Excellent tapas, fast service but often a bit of a wait to get a table","Some of the best tapas that we had in Barcelona. We arrived during the peak time around 21:00 on a Wednesday and had to wait around 15 minutes for a table. While the restaurant was packed, there was luckily a lot of turnover.The wait...","Some of the best tapas that we had in Barcelona. We arrived during the peak time around 21:00 on a Wednesday and had to wait around 15 minutes for a table. While the restaurant was packed, there was luckily a lot of turnover. The wait was well worth it and we enjoyed some excellent tapas. We particularly liked the fried green peppers, fried baby squid, assorted mushrooms, Spanish omelette and garlic prawns. We weren't big fans of the anchovies in vinegar and the bravas potatoes but enjoyed the Sangria. Service was extremely attentive and fast.","December 23, 2017",Barcelona_Catalonia,https://www.tripadvisor.com/Restaurant_Review-g187497-d782944-Reviews-or880-Cerveceria_Catalana-Barcelona_Catalonia.html,UID_94010,"{'tapas': 'positive', 'wait time': 'neutral', 'atmosphere': 'positive', 'fried green peppers': 'positive', 'fried baby squid': 'positive', 'assorted mushrooms': 'positive', 'spanish omelette': 'positive', 'garlic prawns': 'positive', 'anchovies in vinegar': 'negative', 'bravas potatoes': 'negative', 'sangria': 'positive', 'service': 'positive'}"
173416,173417,La_Taberna_del_Cobre,5,Positive,review_129617049,wine & tapas,"We had 5 different tapas and sangria de cava (white sparkling wine with fruits) plus dessertsDelicious spicy sausages, prawns with sauce, bravas patatas, etcIf you want try catalan and spanish food, try this place","We had 5 different tapas and sangria de cava (white sparkling wine with fruits) plus dessertsDelicious spicy sausages, prawns with sauce, bravas patatas, etcIf you want try catalan and spanish food, try this place","May 8, 2012",Barcelona_Catalonia,https://www.tripadvisor.com/Restaurant_Review-g187497-d798485-Reviews-or220-La_Taberna_del_Cobre-Barcelona_Catalonia.html,UID_123666,"{'tapas': 'positive', 'sangria de cava': 'positive', 'desserts': 'positive', 'spicy sausages': 'positive', 'prawns with sauce': 'positive', 'bravas patatas': 'positive', 'catalan and spanish food': 'positive'}"
96773,96774,Flaherty_s_Irish_Pub_Barcelona,5,Positive,review_230534047,"great service, great food, satelite TV for footy lovers",Set in a square next to a small childrens playground so ideal for families. We ate there twice (burger - v nice and full irish breakfast - lovely) Got busy in the evening with football fans - good atmosphere and great staff.,Set in a square next to a small childrens playground so ideal for families. We ate there twice (burger - v nice and full irish breakfast - lovely) Got busy in the evening with football fans - good atmosphere and great staff.,"September 23, 2014",Barcelona_Catalonia,https://www.tripadvisor.com/Restaurant_Review-g187497-d1898196-Reviews-or1230-Flaherty_s_Irish_Pub_Barcelona-Barcelona_Catalonia.html,UID_77086,"{'location': 'positive', 'family-friendliness': 'positive', 'food': 'positive', 'atmosphere': 'positive', 'service': 'positive'}"
237505,237506,Shoko,3,Negative,review_219781233,"Great location, good food, average service...","Our dining experience started out really well. You cannot find fault with Shoko's location on Barcelona's beachfront on a hot summer evening. The two glasses of Cava arrived quickly, the starter and both main courses were delicious and we were enjoying ourselves when suddenly things...","Our dining experience started out really well. You cannot find fault with Shoko's location on Barcelona's beachfront on a hot summer evening. The two glasses of Cava arrived quickly, the starter and both main courses were delicious and we were enjoying ourselves when suddenly things started to go wrong. The main waitress had disappeared, different staff took our orders for dessert, coffee and digestifs - with the result that it turned into a real mess. One espresso arrived on its own, no sign of dessert - and when finally the Marc de Champagne arrived, we realised that it was something totally different - only God (and maybe the bar staff) knew what it was. The espresso had gone cold by that time so we decided that it was time to leave. What a disappointing end to what had started out as a great evening...","August 5, 2014",Barcelona_Catalonia,https://www.tripadvisor.com/Restaurant_Review-g187497-d1308839-Reviews-or410-Shoko-Barcelona_Catalonia.html,UID_1551,"{'location': 'positive', 'drinks': 'positive', 'starter': 'positive', 'main courses': 'positive', 'service': 'negative', 'dessert': 'negative', 'coffee': 'negative', 'digestifs': 'negative', 'atmosphere': 'negative'}"
411525,411526,Crudo_Bar,5,Positive,review_524154869,A gem of a find!,"Last night in Barcelona ..... trying to find a place close to our hotel that would be open for an early dinner.. (7:30)   Crudo delivered on all counts....  7 of us and the service was excellent, the food outstanding and the $ very reasonable....  Friends...","Last night in Barcelona ..... trying to find a place close to our hotel that would be open for an early dinner.. (7:30) Crudo delivered on all counts.... 7 of us and the service was excellent, the food outstanding and the $ very reasonable.... Friends had pitchers of San Gria... and the Bartender even made a pitcher of NOHITO for my wife and I as we do not drink... Orders of Ceviche, calamari, and Tomato bread were some great Tapas to share.. Black rice with Shrimp and Octopus was wonderful.... friend had the Corcina fish and was outstanding...... Do not hesitate to go to this restaurant... the vibe is contemporary, the food...classic!","September 13, 2017",Barcelona_Catalonia,https://www.tripadvisor.com/Restaurant_Review-g187497-d12070921-Reviews-or350-Crudo_Bar-Barcelona_Catalonia.html,UID_224569,"{'location': 'positive', 'service': 'positive', 'food': 'positive', 'price': 'positive', 'drinks': 'positive', 'ceviche': 'positive', 'calamari': 'positive', 'tomato bread': 'positive', 'black rice with shrimp and octopus': 'positive', 'corcina fish': 'positive', 'atmosphere': 'positive'}"
247669,247670,Balthazar,5,Positive,review_576892693,Excellent value for reasonable price in nice setting,Interior of restaurant is modern and comfortable.It tends to get a bit noisy when restaurant is getting full.Service is excellent.Choice is rather limited.Plates are very nicely presented. Price is very reasonable. The restaurant also offers interesting fixed price menus.,Interior of restaurant is modern and comfortable.It tends to get a bit noisy when restaurant is getting full.Service is excellent.Choice is rather limited.Plates are very nicely presented. Price is very reasonable. The restaurant also offers interesting fixed price menus.,"April 30, 2018",Barcelona_Catalonia,https://www.tripadvisor.com/Restaurant_Review-g187497-d782427-Reviews-or30-Balthazar-Barcelona_Catalonia.html,UID_160552,"{'interior': 'positive', 'noise level': 'negative', 'service': 'positive', 'menu variety': 'negative', 'presentation': 'positive', 'price': 'positive', 'fixed price menus': 'positive'}"
147935,147936,Els_Pinxus_Barra_de_Tapes,5,Positive,review_484192770,"Amazing food, by far one of my favourites","I've been to many restaurants on trips to Barcelona and this place is by far still one of my favourites. Great tapas, better in larger groups to get the set menu which is a range of the best tapas dishes they serve.Would highly recommend...","I've been to many restaurants on trips to Barcelona and this place is by far still one of my favourites. Great tapas, better in larger groups to get the set menu which is a range of the best tapas dishes they serve. Would highly recommend this place and the duck dish (with peanuts) is to die for. ","May 14, 2017",Barcelona_Catalonia,https://www.tripadvisor.com/Restaurant_Review-g187497-d7252874-Reviews-or20-Els_Pinxus_Barra_de_Tapes-Barcelona_Catalonia.html,UID_108816,"{'restaurant': 'positive', 'tapas': 'positive', 'group dining': 'positive', 'set menu': 'positive', 'recommendation': 'positive', 'duck dish': 'positive'}"
211639,211640,Boca_Chica,5,Positive,review_293205382,Funky Bar,"I came here with friends and it was a pretty cool bar, I didn't try the food as we came late, but I hear it's great. The decor is really cool and ambiance of the place is dim with dark wood and velour couches so...","I came here with friends and it was a pretty cool bar, I didn't try the food as we came late, but I hear it's great. The decor is really cool and ambiance of the place is dim with dark wood and velour couches so i felt it was a bit more of a winter place as it was really hot in the summer. The drinks were really good and the bartenders were very friendly and accommodating. It's not your typical hole-in-the-wall casual place, it's a bit more upscale but wonderful.","July 28, 2015",Barcelona_Catalonia,https://www.tripadvisor.com/Restaurant_Review-g187497-d3320911-Reviews-or130-Boca_Chica-Barcelona_Catalonia.html,UID_80921,"{'bar': 'positive', 'food': 'neutral', 'decor': 'positive', 'atmosphere': 'neutral', 'drinks': 'positive', 'service': 'positive', 'price': 'neutral'}"
122409,122410,Makamaka,5,Positive,review_482096967,Fabulous food,Best burger ever. Fun atmosphere. Reasonably priced. Perfect for all. Great location. Helpful staff.,Best burger ever. Fun atmosphere. Reasonably priced. Perfect for all. Great location. Helpful staff.,"May 6, 2017",Barcelona_Catalonia,https://www.tripadvisor.com/Restaurant_Review-g187497-d3519081-Reviews-or240-Makamaka-Barcelona_Catalonia.html,UID_93585,"{'burger': 'positive', 'atmosphere': 'positive', 'price': 'positive', 'location': 'positive', 'service': 'positive'}"
125717,125718,Les_Dues_Sicilies,1,Negative,review_745083008,Really bad experience - first,Really bad experience - first our cocktail - mojito - was extremely bad made - the aranchini’s was cold and without any sort of flavor - and the our pasta and steak came 45 min. later and again without any sort of flavor - just...,Really bad experience - first our cocktail - mojito - was extremely bad made - the aranchini’s was cold and without any sort of flavor - and the our pasta and steak came 45 min. later and again without any sort of flavor - just forget it!,"February 14, 2020",Barcelona_Catalonia,https://www.tripadvisor.com/Restaurant_Review-g187497-d8491303-Reviews-Les_Dues_Sicilies-Barcelona_Catalonia.html,UID_95693,"{'cocktail': 'negative', 'aranchini': 'negative', 'wait time': 'negative', 'pasta': 'negative', 'steak': 'negative'}"
392457,392458,Restaurante_Ambos_Mundos,2,Negative,review_526042422,"Tourist trap, good people watching","Went here for a quick lunch. It was obvious before even being seated that this was a tourist trap. With that in mind, I got what I expected. The tapas was so-so and seemed to have been reheated in the microwave oven. Somewhat overpriced. But...","Went here for a quick lunch. It was obvious before even being seated that this was a tourist trap. With that in mind, I got what I expected. The tapas was so-so and seemed to have been reheated in the microwave oven. Somewhat overpriced. But good location for people watching though.","September 20, 2017",Barcelona_Catalonia,https://www.tripadvisor.com/Restaurant_Review-g187497-d997738-Reviews-or120-Restaurante_Ambos_Mundos-Barcelona_Catalonia.html,UID_173257,"{'lunch': 'neutral', 'atmosphere': 'negative', 'tapas': 'negative', 'price': 'negative', 'location': 'positive'}"
361367,361368,Alsur_Cafe,4,Positive,review_409652451,Nice cafe but a bit expensive,"Nice decoration, chill out music and good coffees but a bit high prices. And I have to make a 100 words","Nice decoration, chill out music and good coffees but a bit high prices. And I have to make a 100 words","August 23, 2016",Barcelona_Catalonia,https://www.tripadvisor.com/Restaurant_Review-g187497-d1530224-Reviews-or160-Alsur_Cafe-Barcelona_Catalonia.html,UID_9828,"{'decoration': 'positive', 'music': 'positive', 'coffee': 'positive', 'price': 'negative'}"
276039,276040,El_Nacional_La_Braseria,5,Positive,review_364517551,New culinary experience in Barcelona. Not to be missed,"Found El Nacional by accident while walking on Garcia Street. It is 4 restaurants, 4 sampling bars in an open environment. From fresh oysters to fish to tapas to aged steak meat.La Braseria has some of the best steaks in town. The service was...","Found El Nacional by accident while walking on Garcia Street. It is 4 restaurants, 4 sampling bars in an open environment. From fresh oysters to fish to tapas to aged steak meat. La Braseria has some of the best steaks in town. The service was fabulous and the strawberry choc dessert a nice finish to our meal.","April 15, 2016",Barcelona_Catalonia,https://www.tripadvisor.com/Restaurant_Review-g187497-d12902541-Reviews-or120-El_Nacional_La_Braseria-Barcelona_Catalonia.html,UID_107852,"{'el nacional': 'positive', 'location': 'positive', 'variety': 'positive', 'oysters': 'positive', 'fish': 'positive', 'tapas': 'positive', 'steak': 'positive', 'la braseria': 'positive', 'service': 'positive', 'dessert': 'positive'}"
152265,152266,Botafumeiro,5,Positive,review_163923387,Great  seafood restaurant,One of the best restaurants in Barcelona---food and service excellent and worth the high price--Dinner with wine cost us over 200E--Member of the Chaine du Rottiseurs,One of the best restaurants in Barcelona---food and service excellent and worth the high price--Dinner with wine cost us over 200E--Member of the Chaine du Rottiseurs,"June 13, 2013",Barcelona_Catalonia,https://www.tripadvisor.com/Restaurant_Review-g187497-d697432-Reviews-or1470-Botafumeiro-Barcelona_Catalonia.html,UID_111411,"{'restaurant': 'positive', 'food': 'positive', 'service': 'positive', 'price': 'positive'}"
151378,151379,N_A_P_Neapolitan_Authentic_Pizza,4,Positive,review_388792943,Excellent pizzeria,Buffala and melanzane parmeggaiana excellent. Very good pizzas. However tiramisu needs to be dramatically improved.The service is good and nice.,Buffala and melanzane parmeggaiana excellent. Very good pizzas. However tiramisu needs to be dramatically improved.The service is good and nice.,"July 3, 2016",Barcelona_Catalonia,https://www.tripadvisor.com/Restaurant_Review-g187497-d2709722-Reviews-or230-N_A_P_Neapolitan_Authentic_Pizza-Barcelona_Catalonia.html,UID_110874,"{'buffala': 'positive', 'melanzane parmeggaiana': 'positive', 'pizza': 'positive', 'tiramisu': 'negative', 'service': 'positive'}"
189090,189091,Kynoto_Sushi_Bar,4,Positive,review_600893914,Food was good,Food was good. Service was alright & could speak english. Food was served quickly variation of food was there. For a quick hunger fix it was good.,Food was good. Service was alright & could speak english. Food was served quickly variation of food was there. For a quick hunger fix it was good.,"July 29, 2018",Barcelona_Catalonia,https://www.tripadvisor.com/Restaurant_Review-g187497-d807838-Reviews-Kynoto_Sushi_Bar-Barcelona_Catalonia.html,UID_131812,"{'food': 'positive', 'service': 'neutral', 'language': 'positive', 'wait time': 'positive', 'variety': 'positive'}"
6637,6638,Bodega_Biarritz_1881,5,Positive,review_316264832,the best tapas in barcelona,"we were there for tree times , that was just amazing , the food , the freindly staff , the sangre and mojito greats , the price and value perfect. 52 euros for 4 drinks and 14 tapas , the vegetalian choice icredible .","we were there for tree times , that was just amazing , the food , the freindly staff , the sangre and mojito greats , the price and value perfect. 52 euros for 4 drinks and 14 tapas , the vegetalian choice icredible .","October 5, 2015",Barcelona_Catalonia,https://www.tripadvisor.com/Restaurant_Review-g187497-d3832462-Reviews-or1430-Bodega_Biarritz_1881-Barcelona_Catalonia.html,UID_6326,"{'food': 'positive', 'service': 'positive', 'drinks': 'positive', 'price': 'positive', 'value': 'positive', 'vegetarian options': 'positive'}"
334078,334079,Piu_Restaurants,3,Negative,review_530816245,Nice Lunch,Stopped on a lark for a quick bite.  Ordered two lemonades and a Margherita pizza.  Total bill $18 and change.  This is a small restaurant with sidewalk seating.  Locals take their time eating and visiting.  If your in the area and have no other options...,Stopped on a lark for a quick bite. Ordered two lemonades and a Margherita pizza. Total bill $18 and change. This is a small restaurant with sidewalk seating. Locals take their time eating and visiting. If your in the area and have no other options you won’t go wrong by giving Piu a try.,"October 7, 2017",Barcelona_Catalonia,https://www.tripadvisor.com/Restaurant_Review-g187497-d4607692-Reviews-or30-Piu_Restaurants-Barcelona_Catalonia.html,UID_128770,"{'lemonade': 'neutral', 'margherita pizza': 'neutral', 'price': 'neutral', 'atmosphere': 'positive', 'service': 'positive'}"
292228,292229,Tapa_Tapa,3,Negative,review_151599943,late night eats,"We were starving and it kind of filled the bill, being vegan it wasn't optimal but it was open late and we were staying next door.","We were starving and it kind of filled the bill, being vegan it wasn't optimal but it was open late and we were staying next door.","February 7, 2013",Barcelona_Catalonia,https://www.tripadvisor.com/Restaurant_Review-g187497-d2318625-Reviews-or440-Tapa_Tapa-Barcelona_Catalonia.html,UID_94908,"{'food': 'neutral', 'availability': 'positive', 'location': 'positive'}"
261773,261774,Santa_Clara_Restaurante,3,Negative,review_582971026,Sunday mourning “el Luto” at Santa Clara ,"I’m a very regular coffee drinker at Santa Clara since I discover 4 years ago I love the garden settings the blue & white  color scheme of the place in summer it’s perfect to have the sun shine , I love “maria the server &...","I’m a very regular coffee drinker at Santa Clara since I discover 4 years ago I love the garden settings the blue & white color scheme of the place in summer it’s perfect to have the sun shine , I love “maria the server & Alejandro “ it’s make me sing a song with there’s names very accommodating, helpful & very customer services oriented & the PR is a “winner” but when it comes to Saturday & Sunday it’s a “mourning “ for me because the waiter don’t want to served my favorite glass to had my coffee.... I address this to Marriott customer care but it’s has to action yet..... but I still love this place....","May 27, 2018",Barcelona_Catalonia,https://www.tripadvisor.com/Restaurant_Review-g187497-d8799903-Reviews-Santa_Clara_Restaurante-Barcelona_Catalonia.html,UID_75232,"{'coffee': 'positive', 'atmosphere': 'positive', 'service': 'positive', 'waiter': 'negative', 'customer care': 'negative'}"
360580,360581,Planet_Rous,2,Negative,review_226760857,Good location.  Mediocre food,"Mediocre meal.  Edible but not great.  I had the black rice and some croquettes.  They had their trip advisor reading posted which was 4 out of 5, but that was with only one review. That's quite a bit misleading","Mediocre meal.  Edible but not great.  I had the black rice and some croquettes.  They had their trip advisor reading posted which was 4 out of 5, but that was with only one review. That's quite a bit misleading","September 3, 2014",Barcelona_Catalonia,https://www.tripadvisor.com/Restaurant_Review-g187497-d4605642-Reviews-Planet_Rous-Barcelona_Catalonia.html,UID_117626,"{'meal': 'negative', 'black rice': 'neutral', 'croquettes': 'neutral', 'restaurant rating': 'negative'}"
304352,304353,Kaguya_Hime,3,Negative,review_320219142,Reasonable,Reasonable food and service for the price. Our food was uninspired but fresh. This was not a ripoff. We were reasonably satisfied for the price.  Forgettable but okay.,Reasonable food and service for the price. Our food was uninspired but fresh. This was not a ripoff. We were reasonably satisfied for the price.  Forgettable but okay.,"October 19, 2015",Barcelona_Catalonia,https://www.tripadvisor.com/Restaurant_Review-g187497-d3865061-Reviews-Kaguya_Hime-Barcelona_Catalonia.html,UID_8834,"{'food': 'neutral', 'service': 'neutral', 'price': 'positive'}"
12681,12682,EatMyTrip_Brunch_Bakery_Barcelona,5,Positive,review_587979525,Great brunch spot ,"I  enjoyed my brunch here so much! My Norwegian toast was fantastic - i literally could taste the quality of ingredients! My advise - go for small portion if u r alone, because one  big portion is gonna be filling for 2 people.I like...","I enjoyed my brunch here so much! My Norwegian toast was fantastic - i literally could taste the quality of ingredients! My advise - go for small portion if u r alone, because one big portion is gonna be filling for 2 people. I like how slightly sour was coffee, my type really. Carrot cake is good. I am gonna be a frequent flyer for sure! ","June 17, 2018",Barcelona_Catalonia,https://www.tripadvisor.com/Restaurant_Review-g187497-d14013338-Reviews-or300-EatMyTrip_Brunch_Bakery_Barcelona-Barcelona_Catalonia.html,UID_11876,"{'brunch': 'positive', 'norwegian toast': 'positive', 'portion size': 'positive', 'coffee': 'positive', 'carrot cake': 'positive', 'returning': 'positive'}"
310964,310965,El_Coc,5,Positive,review_414453415,What a  great find,We were looking   for some  where  the  has  fresh salads  with a distinctive local flavour  and  this  ticked  all the  boxes. The  service was  friendly and  prompt .,We were looking   for some  where  the  has  fresh salads  with a distinctive local flavour  and  this  ticked  all the  boxes. The  service was  friendly and  prompt .,"September 4, 2016",Barcelona_Catalonia,https://www.tripadvisor.com/Restaurant_Review-g187497-d10375788-Reviews-El_Coc-Barcelona_Catalonia.html,UID_2539,"{'salads': 'positive', 'service': 'positive', 'local flavour': 'positive'}"
339691,339692,El_Raco_de_Corcega,2,Negative,review_702221129,It's alright food.,"Good English Speaking staff. Food alright, sweet smoked salmon salat was good. The beef 200g has very dry and with some fried potato slizes. Price is avarage. Could get better for that amount around I Barcelona. but maybe other dishes is better. Atmosphere is good....","Good English Speaking staff. Food alright, sweet smoked salmon salat was good. The beef 200g has very dry and with some fried potato slizes. Price is avarage. Could get better for that amount around I Barcelona. but maybe other dishes is better. Atmosphere is good. Location is bit far to walk from barceloneta. Should have treat to sit better. Got a table for 2 away from everything, even tho not many customer in the restaurant. Again not the best and not the worst.","August 23, 2019",Barcelona_Catalonia,https://www.tripadvisor.com/Restaurant_Review-g187497-d4454146-Reviews-El_Raco_de_Corcega-Barcelona_Catalonia.html,UID_144222,"{'staff': 'positive', 'food': 'neutral', 'salmon salad': 'positive', 'beef': 'negative', 'potato slices': 'neutral', 'price': 'neutral', 'atmosphere': 'positive', 'location': 'negative', 'seating': 'negative', 'customer density': 'neutral'}"
360655,360656,Oasis,3,Negative,review_327687655,Good for breakfast,Nice breakfasts but avoid when it's busy!! We went and they kept forgetting about our orders! Food is really nice though,Nice breakfasts but avoid when it's busy!! We went and they kept forgetting about our orders! Food is really nice though,"November 18, 2015",Barcelona_Catalonia,https://www.tripadvisor.com/Restaurant_Review-g187497-d3171900-Reviews-Oasis-Barcelona_Catalonia.html,UID_88641,"{'breakfast': 'positive', 'service': 'negative', 'food': 'positive'}"
387691,387692,El_Cafe_D_en_Victor,3,Negative,review_531447426,Average food and waiters try to upsell,This place is worth a visit mainly for the location in the beautiful square overlooking the cathedral. There are always buskers playing music and it's a sunny area.Unfortunately please be aware that the food costs 20% more if you chose to have it outside...,This place is worth a visit mainly for the location in the beautiful square overlooking the cathedral. There are always buskers playing music and it's a sunny area. Unfortunately please be aware that the food costs 20% more if you chose to have it outside rather than inside. I had the Victor platter which was acceptable - it had fries and a piece of bread with ham. The bad bit was the so called prawn cocktail which had no prawns and tasted more like sweet stuff - pineapple included. My partner had the mixed paella and it was quite good but plentiful even for two people. When we asked the server how big the portions were they lied with the purpose of upselling and that each of our chosen meals is very small. You cam obviously see that is not the case at all in the pictures. Do avoid unless for a drink (which is quite overpriced as well). ,"October 9, 2017",Barcelona_Catalonia,https://www.tripadvisor.com/Restaurant_Review-g187497-d1746240-Reviews-or110-El_Cafe_D_en_Victor-Barcelona_Catalonia.html,UID_9779,"{'location': 'positive', 'atmosphere': 'positive', 'price': 'negative', 'victor platter': 'neutral', 'prawn cocktail': 'negative', 'mixed paella': 'positive', 'portion size': 'positive', 'service': 'negative', 'drinks': 'negative'}"
259866,259867,El_Nacional_La_Taperia,4,Positive,review_384009155,Good choice for a drink or some tapas,"Me and a friend had dinner in El Nacional last Friday. We loved the place, is beautiful and right in the center, we ate some tapas and drank some wine, the food is nice, nothing special, but alright. It's a great place to go when...","Me and a friend had dinner in El Nacional last Friday. We loved the place, is beautiful and right in the center, we ate some tapas and drank some wine, the food is nice, nothing special, but alright. It's a great place to go when friends visit you in town. We will definitely go back.","June 19, 2016",Barcelona_Catalonia,https://www.tripadvisor.com/Restaurant_Review-g187497-d13154073-Reviews-or330-El_Nacional_La_Taperia-Barcelona_Catalonia.html,UID_73086,"{'place': 'positive', 'location': 'positive', 'tapas': 'neutral', 'wine': 'neutral', 'food': 'neutral', 'atmosphere': 'positive'}"
18485,18486,Arcano,5,Positive,review_743761575,We had a really good experience,We had a really good experience with our visit here. The food was very lovely. We had the three course tasting menu (the smallest one). We shared the appetizers and had different main courses and desserts. The atmosphere was very nice and the waiters was...,"We had a really good experience with our visit here. The food was very lovely. We had the three course tasting menu (the smallest one). We shared the appetizers and had different main courses and desserts. The atmosphere was very nice and the waiters was so sweet and nice. The only thing though, we got asked if we wanted some sauce for the steak (after it was served), however no one told us we were supposed to pay for it. It’s fair enough to pay extra, but they just have to tell you before bringing it in. ","February 8, 2020",Barcelona_Catalonia,https://www.tripadvisor.com/Restaurant_Review-g187497-d986234-Reviews-or10-Arcano-Barcelona_Catalonia.html,UID_17077,"{'experience': 'positive', 'food': 'positive', 'menu': 'positive', 'atmosphere': 'positive', 'service': 'positive', 'price': 'negative'}"
69350,69351,Restaurante_Lasarte,5,Positive,review_529614118,Excellent food and service,"If you cannot book a table for dinner, then go for lunch. The menu (and the price) is the same. We had the tasting menu,  and it took three hours to consume everything.So make sure you have the time to enjoy the experience.One...","If you cannot book a table for dinner, then go for lunch. The menu (and the price) is the same. We had the tasting menu, and it took three hours to consume everything. So make sure you have the time to enjoy the experience. One thing you should bear in mind is dress code. It is smart casual, so no jeans and no runners.","October 3, 2017",Barcelona_Catalonia,https://www.tripadvisor.com/Restaurant_Review-g187497-d809578-Reviews-or80-Restaurante_Lasarte-Barcelona_Catalonia.html,UID_57679,"{'booking': 'neutral', 'menu': 'neutral', 'price': 'neutral', 'tasting menu': 'neutral', 'time': 'neutral', 'experience': 'positive', 'dress code': 'neutral'}"
186852,186853,Pura_Brasa_Arenas,5,Positive,review_549204229,Value for money in Central Barcelona,Great food at reasonable prices.  The grilled ribs and cod fish omelette tapas were excellent.  The service was fast and friendly.,Great food at reasonable prices.  The grilled ribs and cod fish omelette tapas were excellent.  The service was fast and friendly.,"December 25, 2017",Barcelona_Catalonia,https://www.tripadvisor.com/Restaurant_Review-g187497-d2205075-Reviews-or220-Pura_Brasa_Arenas-Barcelona_Catalonia.html,UID_130574,"{'food': 'positive', 'price': 'positive', 'ribs': 'positive', 'cod fish omelette tapas': 'positive', 'service': 'positive'}"
271215,271216,Tapas_24,1,Negative,review_748379899,Very bad and expensive,"82 euros for 3 sangrias, jamon y queso and 5 chupitos. That s very inappropriate considering that in barcelona is full of Amazing places... please dont go","82 euros for 3 sangrias, jamon y queso and 5 chupitos. That s very inappropriate considering that in barcelona is full of Amazing places... please dont go","February 29, 2020",Barcelona_Catalonia,https://www.tripadvisor.com/Restaurant_Review-g187497-d1314895-Reviews-Tapas_24-Barcelona_Catalonia.html,UID_171043,"{'price': 'negative', 'food': 'neutral', 'atmosphere': 'negative'}"
409696,409697,Ciudad_Condal,5,Positive,review_296370927,One of my favorite Barcelona meals,This was one of our first meals in Barcelona and we compared all of our other meals to it.  Truly delicious.  The tapas portions were actually pretty large; we ordered between 7 and 8 different dishes and it easily and overly fed three of us.,This was one of our first meals in Barcelona and we compared all of our other meals to it.  Truly delicious.  The tapas portions were actually pretty large; we ordered between 7 and 8 different dishes and it easily and overly fed three of us.,"August 6, 2015",Barcelona_Catalonia,https://www.tripadvisor.com/Restaurant_Review-g187497-d1059712-Reviews-or2590-Ciudad_Condal-Barcelona_Catalonia.html,UID_223816,"{'food': 'positive', 'portion size': 'positive'}"
377717,377718,Burritaco,2,Negative,review_565996248,Let down,"We entered this place with optimistic expectations for a quick meal, as both my partner and I love Mexican food.Unfortunately, the tacos were half cold and the food bland. Not bad per se, but not enough to visit again. The decor is tired, as...","We entered this place with optimistic expectations for a quick meal, as both my partner and I love Mexican food. Unfortunately, the tacos were half cold and the food bland. Not bad per se, but not enough to visit again. The decor is tired, as if they left things from a previous owner on. Finally, service was just average - attendant was helpful but a smile would have gone a long way.","March 12, 2018",Barcelona_Catalonia,https://www.tripadvisor.com/Restaurant_Review-g187497-d12851244-Reviews-Burritaco-Barcelona_Catalonia.html,UID_51887,"{'meal speed': 'neutral', 'mexican food': 'neutral', 'tacos': 'negative', 'food': 'negative', 'decor': 'negative', 'service': 'neutral'}"
410746,410747,Ciudad_Condal,3,Negative,review_361253525,Good but overrated,"This place was recommended to us by a tour guide.  The restaurant was very loud and crowded, and the staff seemed to rush around at a frenetic pace.  Despite their rushing about, our service was very slow.  The food was good, but even though we...","This place was recommended to us by a tour guide. The restaurant was very loud and crowded, and the staff seemed to rush around at a frenetic pace. Despite their rushing about, our service was very slow. The food was good, but even though we were staying nearby, we decided not to return.","April 3, 2016",Barcelona_Catalonia,https://www.tripadvisor.com/Restaurant_Review-g187497-d1059712-Reviews-or2100-Ciudad_Condal-Barcelona_Catalonia.html,UID_51174,"{'recommendation': 'neutral', 'atmosphere': 'negative', 'service': 'negative', 'food': 'positive', 'return': 'negative'}"
162139,162140,El_Tall_Iberic,5,Positive,review_692031715,Extraordinary local experience,"Very good restaurant with typical local dishes. The dinner is presented, prepared and served by the owner himself. Even though he was very busy, everything was done to perfection. Furthermore, he was very aware of every customer and every detail. Highly recommendable!","Very good restaurant with typical local dishes. The dinner is presented, prepared and served by the owner himself. Even though he was very busy, everything was done to perfection. Furthermore, he was very aware of every customer and every detail. Highly recommendable!","July 23, 2019",Barcelona_Catalonia,https://www.tripadvisor.com/Restaurant_Review-g187497-d7908671-Reviews-El_Tall_Iberic-Barcelona_Catalonia.html,UID_117353,"{'restaurant': 'positive', 'local dishes': 'positive', 'presentation': 'positive', 'preparation': 'positive', 'service': 'positive', 'attention to detail': 'positive'}"
63916,63917,Patagonia_Beef_Wine,3,Negative,review_340464806,The food is ok,"No more than that. I ate better steaks, better salad and better chips... but its fresh, tasty and the service is good.","No more than that. I ate better steaks, better salad and better chips... but its fresh, tasty and the service is good.","January 16, 2016",Barcelona_Catalonia,https://www.tripadvisor.com/Restaurant_Review-g187497-d1045629-Reviews-or610-Patagonia_Beef_Wine-Barcelona_Catalonia.html,UID_53566,"{'steak': 'neutral', 'salad': 'neutral', 'chips': 'neutral', 'food freshness': 'positive', 'taste': 'positive', 'service': 'positive'}"
51652,51653,Blavis,5,Positive,review_417293382,An absolute must do in Barcelona.,"Wow. This unassuming restaurant in the Gracia area offered up the best meal we had on our trip to Spain, and we had some good ones. The restaurant itself is small, intimate and charming and the hosts are delightful, so welcoming and genuinely warm. These...","Wow. This unassuming restaurant in the Gracia area offered up the best meal we had on our trip to Spain, and we had some good ones. The restaurant itself is small, intimate and charming and the hosts are delightful, so welcoming and genuinely warm. These guys are living their dream, it's obvious food is their passion, and they do it so very well. Dish after dish that arrived on our table was just sensational. The tastes, flavors, texture of every dish, every one, was delicious, perfectly prepared with quality ingredients and cooked by gastronomic artistes. We loved every minute we were there, we had a fabulous evening. It's a perfect, intimate, wonderful restaurant, and proof positive that if you are passionate about good food, it shows in your cooking - and it was very reasonably priced too. If you are in Barcelona, dine at Blavis, you won't regret it. Book in advance, it only seats about 16 at a time!","September 11, 2016",Barcelona_Catalonia,https://www.tripadvisor.com/Restaurant_Review-g187497-d3353672-Reviews-or220-Blavis-Barcelona_Catalonia.html,UID_44333,"{'location': 'positive', 'meal': 'positive', 'atmosphere': 'positive', 'service': 'positive', 'food': 'positive', 'dish': 'positive', 'taste': 'positive', 'ingredients': 'positive', 'price': 'positive', 'booking': 'neutral'}"
205396,205397,La_Fianna,3,Negative,review_19749718,"Nice posture, average food","Tha nice thing about this place is that you seat on (how to say that??) ""elevated structures"" with pillows, materass and you basically eat while lying down on them... Food however can be better (and more...) great also as a cocktail bar","Tha nice thing about this place is that you seat on (how to say that??) ""elevated structures"" with pillows, materass and you basically eat while lying down on them... Food however can be better (and more...) great also as a cocktail bar","September 4, 2008",Barcelona_Catalonia,https://www.tripadvisor.com/Restaurant_Review-g187497-d790369-Reviews-or110-La_Fianna-Barcelona_Catalonia.html,UID_140187,"{'seating arrangement': 'positive', 'food': 'negative', 'quantity': 'negative', 'cocktail bar': 'positive'}"
124769,124770,Restaurante_Sesamo,3,Negative,review_170759716,"Great food and atmosphere, but a little snobby","We really enjoyed our meal at Sesamo. It was delicious and lovingly prepared, and nice to receive the dishes from the owner and chef, who was very courteous and also took time to explain each dish on the menu to us. However, the one waiter...","We really enjoyed our meal at Sesamo. It was delicious and lovingly prepared, and nice to receive the dishes from the owner and chef, who was very courteous and also took time to explain each dish on the menu to us. However, the one waiter working the evening we were there seemed to take a disliking to us from the moment we walked in. We did not have a reservation, and this seemed to annoy said waiter, who meticulously checked the reservations book (there were 3, all already seated) and then had a wander around for 2 or 3 minutes before reluctantly seating us. He didn't offer to get us drinks, and when I asked him, he said ""one minute"" and walked off and didn't come back. I can only assume he thought we were not big spenders and did not want to give us his attention (there was another big table with whom he was completely enamoured). Luckily, the owner/chef more than made up for the waiter's inadequacy, taking our drinks order, chatting to us and bringing our dishes over. The food itself was great - beautifully presented and delicious veggie tapas. There was a lot of oil and cheese and it certainly was filling! All in all it was a great experience, and we ate until we were bursting (and had wine) for 20 euros each. I don't feel that we could have spent much more as we were totally full, but perhaps the waiter would have liked us to have some cocktails, or the tasting menu at 25€ each. Sorry to have rambled on about the waiter, and don't let it stop you from going here, but I wanted to give an honest review!","August 4, 2013",Barcelona_Catalonia,https://www.tripadvisor.com/Restaurant_Review-g187497-d997328-Reviews-or470-Restaurante_Sesamo-Barcelona_Catalonia.html,UID_95065,"{'meal': 'positive', 'food': 'positive', 'service': 'negative', 'wait time': 'negative', 'owner and chef': 'positive', 'price': 'positive', 'atmosphere': 'positive'}"
155785,155786,Tapa_Tapa_C_C_Glories,5,Positive,review_758636465,Tapa,It was wonderful and very good! The waitress was very nice and dedicated! Thank u Mar! We’ll be back for sure !!,It was wonderful and very good! The waitress was very nice and dedicated! Thank u Mar! We’ll be back for sure !!,"July 1, 2020",Barcelona_Catalonia,https://www.tripadvisor.com/Restaurant_Review-g187497-d14022072-Reviews-Tapa_Tapa_C_C_Glories-Barcelona_Catalonia.html,UID_113491,"{'overall experience': 'positive', 'service': 'positive'}"
409600,409601,Guell_Tapas,5,Positive,review_374654019,Good food amazing people,We met Adrian on la rambla whilst looking for somewhere to eat. He recommended guell tapas for real Spanish food freshly cooked. So we tried it out seafood paella delicious! It was my son ash 21 birthday and his sweet arrived with 2 candles and...,We met Adrian on la rambla whilst looking for somewhere to eat. He recommended guell tapas for real Spanish food freshly cooked. So we tried it out seafood paella delicious! It was my son ash 21 birthday and his sweet arrived with 2 candles and staff sang happy birthday nice touch guys,"May 19, 2016",Barcelona_Catalonia,https://www.tripadvisor.com/Restaurant_Review-g187497-d3601243-Reviews-or550-Guell_Tapas-Barcelona_Catalonia.html,UID_77311,"{'staff': 'positive', 'food': 'positive', 'seafood paella': 'positive', 'atmosphere': 'positive'}"
359934,359935,Bar_Siroco,3,Negative,review_309469691,Great sangria!,"The place looks shabby and uninviting. It was raining, so we ended up here and had a jug of sangria. It was great!","The place looks shabby and uninviting. It was raining, so we ended up here and had a jug of sangria. It was great!","September 12, 2015",Barcelona_Catalonia,https://www.tripadvisor.com/Restaurant_Review-g187497-d7802936-Reviews-Bar_Siroco-Barcelona_Catalonia.html,UID_130907,"{'atmosphere': 'negative', 'sangria': 'positive'}"
101363,101364,La_Pepita,5,Positive,review_354555755,Lunch!,"This was our first true ""lunch"" Barcelona style around 3:30. We had plenty of time to enjoy a few delicious tapas before the kitchen closed between lunch and dinner. This was a great choice for avoiding dinner queue's since we had no problem being seated....","This was our first true ""lunch"" Barcelona style around 3:30. We had plenty of time to enjoy a few delicious tapas before the kitchen closed between lunch and dinner. This was a great choice for avoiding dinner queue's since we had no problem being seated. The drink was lovely too, gin & tonic aromatics (although not a drink for those on a budget). We went with suggestions of favorites from the bar and weren't disappointed.","March 11, 2016",Barcelona_Catalonia,https://www.tripadvisor.com/Restaurant_Review-g187497-d2151085-Reviews-or670-La_Pepita-Barcelona_Catalonia.html,UID_80289,"{'time': 'positive', 'tapas': 'positive', 'service': 'positive', 'drink': 'positive', 'price': 'negative', 'food recommendations': 'positive'}"
86949,86950,Ciudad_Condal,5,Positive,review_646442275,"Great food, nice ambience","It was a Sunday lunchtime and the place was heaving so we had a 25 min wait for a table. Service was friendly and efficient, food was excellent - Catalan tapes mainly, with a decent wine list. We ordered 3 each to share (plenty for...","It was a Sunday lunchtime and the place was heaving so we had a 25 min wait for a table. Service was friendly and efficient, food was excellent - Catalan tapes mainly, with a decent wine list. We ordered 3 each to share (plenty for 2 people) Gambas, chorizo and Iberico ham were particularly good. House Cava was nice and coffee was good. Really recommend","January 16, 2019",Barcelona_Catalonia,https://www.tripadvisor.com/Restaurant_Review-g187497-d1059712-Reviews-or400-Ciudad_Condal-Barcelona_Catalonia.html,UID_54254,"{'wait time': 'negative', 'service': 'positive', 'food': 'positive', 'wine': 'positive', 'gambas': 'positive', 'chorizo': 'positive', 'iberico ham': 'positive', 'house cava': 'positive', 'coffee': 'positive'}"
220144,220145,La_Barra,3,Negative,review_695041698,Over rated,"The food good but not incredible. The service really slow and deficient. But what really was bad was the wagyu. More than half of the meat was fat and not any close to a wagyu meat.So sad because I had great expectations, even more...","The food good but not incredible. The service really slow and deficient. But what really was bad was the wagyu. More than half of the meat was fat and not any close to a wagyu meat. So sad because I had great expectations, even more after I tried his tapas restaurant at the Camp Nou which was very good.","August 2, 2019",Barcelona_Catalonia,https://www.tripadvisor.com/Restaurant_Review-g187497-d12218393-Reviews-or20-La_Barra-Barcelona_Catalonia.html,UID_147443,"{'food': 'neutral', 'service': 'negative', 'wagyu': 'negative', 'expectations': 'negative', 'tapas restaurant': 'positive'}"
239595,239596,Sitar_Restaurant,4,Positive,review_394447361,Best Indian in Barcelona,"This is by far the best Indian food I've ever had. Packed with flavor, and optional heat. Butter chicken and peshwari naan was amazing. The only thing I have to point out is that the waiter was a bit unattentive on our second visit for...","This is by far the best Indian food I've ever had. Packed with flavor, and optional heat. Butter chicken and peshwari naan was amazing.  The only thing I have to point out is that the waiter was a bit unattentive on our second visit for lunch. After serving us the meal he disappeared for about 15 min, and I had to go looking for him in the bar. He was nowhere to be found at the chef had to call him so that we could get more drinks.  Other than that a really superb culinary experience. Will definetly come back.","July 19, 2016",Barcelona_Catalonia,https://www.tripadvisor.com/Restaurant_Review-g187497-d4002270-Reviews-or80-Sitar_Restaurant-Barcelona_Catalonia.html,UID_135531,"{'indian food': 'positive', 'flavor': 'positive', 'butter chicken': 'positive', 'peshwari naan': 'positive', 'service': 'negative', 'culinary experience': 'positive'}"
13087,13088,Oporto_Restaurante,5,Positive,review_463007726,Divine ,"The best meal I could find in Barcelona. Great food, full of flavors.Good selection of Portuguese wines, good menu and good service.Difficult to get a table without reservation.Recommend!!","The best meal I could find in Barcelona. Great food, full of flavors.Good selection of Portuguese wines, good menu and good service.Difficult to get a table without reservation.Recommend!!","February 26, 2017",Barcelona_Catalonia,https://www.tripadvisor.com/Restaurant_Review-g187497-d8275743-Reviews-or110-Oporto_Restaurante-Barcelona_Catalonia.html,UID_12252,"{'food': 'positive', 'wine selection': 'positive', 'menu': 'positive', 'service': 'positive', 'reservation': 'negative'}"
131773,131774,Bar_Pinotxo,5,Positive,review_723413372,Great experience in La Boqueria,We loved this place and were so glad we were able to get seats. There were six of us and when we arrived there were not enough seats for us to sit together but one of the waiters spotted us and quickly made enough room....,"We loved this place and were so glad we were able to get seats. There were six of us and when we arrived there were not enough seats for us to sit together but one of the waiters spotted us and quickly made enough room. Everything was delicious but particular highlights were the chickpeas, mushrooms and beef stew. The owner is a great character...85 and still working! All the staff were friendly and helpful and we enjoyed all the foods that were recommended by them, as there isn’t a menu.","November 2, 2019",Barcelona_Catalonia,https://www.tripadvisor.com/Restaurant_Review-g187497-d1074885-Reviews-or10-Bar_Pinotxo-Barcelona_Catalonia.html,UID_83190,"{'seating': 'positive', 'service': 'positive', 'food': 'positive', 'chickpeas': 'positive', 'mushrooms': 'positive', 'beef stew': 'positive', 'owner': 'positive', 'staff': 'positive', 'recommendations': 'positive'}"
261449,261450,Citrus_Restaurant_Sushi_bar,1,Negative,review_372903022,Wannabee but its not,"Beautiful view, excellent but also Poor service, depending on who comes...or not. Some good food in our sélection of 5 courses, but at the end also some bad experience, lika a brown yes brown seafood sauce brrrr. Find smtg else, you will.","Beautiful view, excellent but also Poor service, depending on who comes...or not. Some good food in our sélection of 5 courses, but at the end also some bad experience, lika a brown yes brown seafood sauce brrrr. Find smtg else, you will.","May 14, 2016",Barcelona_Catalonia,https://www.tripadvisor.com/Restaurant_Review-g187497-d819628-Reviews-or170-Citrus_Restaurant_Sushi_bar-Barcelona_Catalonia.html,UID_69660,"{'view': 'positive', 'service': 'negative', 'food': 'neutral', 'course selection': 'positive', 'seafood sauce': 'negative'}"
329798,329799,Restaurante_Japones_Wok_Arc_de_Triomf,1,Negative,review_382410065,"Average food, worst service ever",The service over there is the one of the worst I have ever encountered. The presumed owner that stands at the counter for most of her time stared at people if they get a plate with more food than usual. When I got slightly more...,"The service over there is the one of the worst I have ever encountered. The presumed owner that stands at the counter for most of her time stared at people if they get a plate with more food than usual. When I got slightly more food for my friends to share at the table, she stared at me like if I killed her son or something. The stare of death is undeniably one of the most uncomfortable dining experience I have encountered. The other staffs are not very friendly as well, they does not make eye contact and does not reply when you talk to them. Not to mention smiles, initiatives and thank yous.  The food is average. There is a teppanyaki counter where you can give them the food you had chosen from the bar counter and they will grill it for you. There are 5 types of seafood and a few types and cuts of meat. The food are relatively fresh, but the grill chef does not cook it well enough. The standard of the food is not very consistent as they are sometimes too salty.  Looking at the price, the food is worth it if you it considerably a lot. I would give the food a three-star but the service, I will not even go if it is free.","June 14, 2016",Barcelona_Catalonia,https://www.tripadvisor.com/Restaurant_Review-g187497-d2369106-Reviews-or30-Restaurante_Japones_Wok_Arc_de_Triomf-Barcelona_Catalonia.html,UID_139613,"{'service': 'negative', 'staff': 'negative', 'food': 'neutral', 'cooking': 'negative', 'consistency': 'negative', 'price': 'positive'}"
246366,246367,Les_Gens_Que_L_Aime_Pub,2,Negative,review_570829177,Nice Decor....but service needs to improve,I arrived there around 0030 hrs on a weekday.  Inside there we’re literally 9 other people.  The bar had two employees 1.  Bartender (female) that her appearance looked more like a homeless/janitor than a bartender.  There was also a bar employee (man).  Had a gin...,"I arrived there around 0030 hrs on a weekday. Inside there we’re literally 9 other people. The bar had two employees 1. Bartender (female) that her appearance looked more like a homeless/janitor than a bartender. There was also a bar employee (man). Had a gin and tonic a very simple drink to make and I think they pored definitely less than an ounce; however, it did have gigantic ice cubes. My wife ordered an old fashion and it was good. After the first set of drinks, things became interesting to say the least. My wife asked for another drink and bar employee totally ignored her. It was until I had to grab his attention that he proceed it to go outside and get the bartender who was outside the bar smoking. When the bartender finally arrived she prepared the drink. I truly felt like they were doing me a favor. I’m visiting your country and spending plenty of my hard earned money, there’s a million bars in Barcelona and places to eat. I will dine and drink we’re they show just a little of gratitude for bringing you business. The decor and location are very appealing, but the staff attitude just ruined it. If service with an attitude doesn’t bother you, this is your place.","April 3, 2018",Barcelona_Catalonia,https://www.tripadvisor.com/Restaurant_Review-g187497-d717318-Reviews-Les_Gens_Que_L_Aime_Pub-Barcelona_Catalonia.html,UID_159992,"{'arrival time': 'neutral', 'crowd': 'positive', 'staff': 'negative', 'bartender appearance': 'negative', 'gin and tonic': 'negative', 'old fashion': 'positive', 'service': 'negative', 'atmosphere': 'positive', 'location': 'positive'}"
225493,225494,Bar_Lobo,4,Positive,review_140753028,Fresh and delicious food!,"The Bar Lobo is just a wonderful place. They have a great terrace, just around the corner of La Rambla, away from the noise, where you can enjoy breakfast, lunch and dinner, or just a short break.The food is fresh, the choice is excellent....","The Bar Lobo is just a wonderful place. They have a great terrace, just around the corner of La Rambla, away from the noise, where you can enjoy breakfast, lunch and dinner, or just a short break. The food is fresh, the choice is excellent. The waiters are not always very friendly, but the place and the food make up for that!","September 20, 2012",Barcelona_Catalonia,https://www.tripadvisor.com/Restaurant_Review-g187497-d907765-Reviews-or1180-Bar_Lobo-Barcelona_Catalonia.html,UID_150057,"{'place': 'positive', 'terrace': 'positive', 'location': 'positive', 'food': 'positive', 'choice': 'positive', 'service': 'negative'}"
272425,272426,Tien_Tsing_Restaurante_Chino,5,Positive,review_506246822,Amazing Food,"Very impressed, had a lovely family meal after reading reviews on here! Loved everything from the Duck to the Lemon Chicken, very happy!","Very impressed, had a lovely family meal after reading reviews on here! Loved everything from the Duck to the Lemon Chicken, very happy!","July 27, 2017",Barcelona_Catalonia,https://www.tripadvisor.com/Restaurant_Review-g187497-d986468-Reviews-Tien_Tsing_Restaurante_Chino-Barcelona_Catalonia.html,UID_20004,"{'family meal': 'positive', 'duck': 'positive', 'lemon chicken': 'positive'}"
125440,125441,Art_i_sa,5,Positive,review_404804034,Beautiful breakfast,"Breakfast was incredible, the juice was fresh and my partner and I both had omelettes which were really delicious","Breakfast was incredible, the juice was fresh and my partner and I both had omelettes which were really delicious","August 13, 2016",Barcelona_Catalonia,https://www.tripadvisor.com/Restaurant_Review-g187497-d2386996-Reviews-or310-Art_i_sa-Barcelona_Catalonia.html,UID_95511,"{'breakfast': 'positive', 'juice': 'positive', 'omelettes': 'positive'}"
415049,415050,Bodega_Vasconia,5,Positive,review_485385955,Lunch for two ,Great place with a super friendly staff. The server was helpful in spite of of my broken Spanish. I'd recommend for someone looking to get some great tapas and good service.,Great place with a super friendly staff. The server was helpful in spite of of my broken Spanish. I'd recommend for someone looking to get some great tapas and good service. ,"May 18, 2017",Barcelona_Catalonia,https://www.tripadvisor.com/Restaurant_Review-g187497-d2145823-Reviews-or330-Bodega_Vasconia-Barcelona_Catalonia.html,UID_50479,"{'place': 'positive', 'staff': 'positive', 'service': 'positive', 'tapas': 'positive'}"
80357,80358,Bar_Rodrigo,5,Positive,review_712800607,Great place,Great place with traditional food. Best paellas in town. Also the sea food soup is one of the best I have tried.,Great place with traditional food. Best paellas in town. Also the sea food soup is one of the best I have tried.,"September 25, 2019",Barcelona_Catalonia,https://www.tripadvisor.com/Restaurant_Review-g187497-d717395-Reviews-or20-Bar_Rodrigo-Barcelona_Catalonia.html,UID_65618,"{'place': 'positive', 'traditional food': 'positive', 'paellas': 'positive', 'sea food soup': 'positive'}"
248884,248885,Cachitos_Rambla,5,Positive,review_164259216,Cachitos in Barcelona,great place and ambience . food was of the highest standards ...the pan con tomatina was the very best. the place boasts of 52 varieties of sangria .i had a green apple and peach sangria which was quite good .,great place and ambience . food was of the highest standards ...the pan con tomatina was the very best. the place boasts of 52 varieties of sangria .i had a green apple and peach sangria which was quite good .,"June 17, 2013",Barcelona_Catalonia,https://www.tripadvisor.com/Restaurant_Review-g187497-d2328951-Reviews-or580-Cachitos_Rambla-Barcelona_Catalonia.html,UID_102501,"{'place': 'positive', 'ambience': 'positive', 'food': 'positive', 'pan con tomatina': 'positive', 'variety': 'positive', 'sangria': 'positive'}"
342242,342243,Restaurante_Rainbow,5,Positive,review_298946935,Rainbow - Nice japanese restaurant!,"The atmosphere, the service and the food in Rainbow is impeccable! Great fresh sushi and friendly staff. I can't say I dislike anything there. I love their attention to detail and friendliness.I would love to go back there...!","The atmosphere, the service and the food in Rainbow is impeccable! Great fresh sushi and friendly staff. I can't say I dislike anything there. I love their attention to detail and friendliness.I would love to go back there...!","August 13, 2015",Barcelona_Catalonia,https://www.tripadvisor.com/Restaurant_Review-g187497-d7379977-Reviews-Restaurante_Rainbow-Barcelona_Catalonia.html,UID_200062,"{'atmosphere': 'positive', 'service': 'positive', 'food': 'positive', 'sushi': 'positive', 'staff': 'positive'}"
220483,220484,7_Portes,3,Negative,review_742076626,Ok food but slow service,"Went here on a quiet Wednesday night in January together with three colleagues at 7pm. It took forever to be shown to our table, but once we were seated the service improved. The food was perfectly ok (we had some tapas followed by seafood paella),...","Went here on a quiet Wednesday night in January together with three colleagues at 7pm. It took forever to be shown to our table, but once we were seated the service improved. The food was perfectly ok (we had some tapas followed by seafood paella), but the paella I cook at home is a lot better and I am not a professional chef. The ambience is very nice and probably the best thing about this restaurant.","January 30, 2020",Barcelona_Catalonia,https://www.tripadvisor.com/Restaurant_Review-g187497-d697396-Reviews-or20-7_Portes-Barcelona_Catalonia.html,UID_43091,"{'wait time': 'negative', 'service': 'positive', 'food': 'neutral', 'paella': 'negative', 'atmosphere': 'positive'}"
23546,23547,Restaurante_Arume,3,Negative,review_240386808,Good but actually disappointed,"I went there because it's rated no.1 on tripadvisor, despite the unpleasant walk in the neighbourhood, I managed to get there right in time when they open, cause I emailed for reservation a week ago without any reply. I was standing by the bar for...","I went there because it's rated no.1 on tripadvisor, despite the unpleasant walk in the neighbourhood, I managed to get there right in time when they open, cause I emailed for reservation a week ago without any reply. I was standing by the bar for 10 mins, like idiot, staffs walked pass me, barman working there, no one just bothered to attend. But finally, when they ddi talk to me, they were super nice. I ordered baby scallop for starter, black rice volcano for main course, and a glass of local red wine, the food was good, but that's it.  I noticed that many diners speak English, and I dare say 99% are tourists. Being fair, I DON""T think that this restaurant is worthy a specific spot in your to-do list in Barcelona, however, if you just happen to run into it and you think you have a decent meal, you will certainly not feel disappointed.","November 18, 2014",Barcelona_Catalonia,https://www.tripadvisor.com/Restaurant_Review-g187497-d6839857-Reviews-or1640-Restaurante_Arume-Barcelona_Catalonia.html,UID_21484,"{'restaurant rating': 'positive', 'location': 'negative', 'reservation process': 'negative', 'wait time': 'negative', 'service': 'negative', 'staff attitude': 'positive', 'baby scallop': 'positive', 'black rice volcano': 'positive', 'wine': 'positive', 'food': 'positive', 'customer base': 'neutral', 'value': 'negative'}"
25911,25912,Somewhere_Aribau,5,Positive,review_718524413,Best place in barcelona!,We had a great lunch in this beautiful place. Couldnt wait start eating so we dont have a picture of the main dishes. The waiter was very friendly and charning! Thanks for the experience. We will come again!,We had a great lunch in this beautiful place. Couldnt wait start eating so we dont have a picture of the main dishes. The waiter was very friendly and charning! Thanks for the experience. We will come again!,"October 15, 2019",Barcelona_Catalonia,https://www.tripadvisor.com/Restaurant_Review-g187497-d16746827-Reviews-or20-Somewhere_Aribau-Barcelona_Catalonia.html,UID_23510,"{'lunch': 'positive', 'atmosphere': 'positive', 'service': 'positive', 'experience': 'positive', 'return intent': 'positive'}"
251587,251588,De_Tapa_Madre,3,Negative,review_375242696,Its OK for tourists ,Good restaurant with non original food. The offer is not really interesting but the quality is ok and the prices are good,Good restaurant with non original food. The offer is not really interesting but the quality is ok and the prices are good,"May 21, 2016",Barcelona_Catalonia,https://www.tripadvisor.com/Restaurant_Review-g187497-d1006766-Reviews-or130-De_Tapa_Madre-Barcelona_Catalonia.html,UID_11922,"{'restaurant': 'positive', 'food originality': 'negative', 'menu variety': 'negative', 'food quality': 'neutral', 'price': 'positive'}"
274092,274093,Tapas_24,3,Negative,review_613469842,Some good and some not so good,"There are definitely a lot of good things about this place: the chicken croquettes, the cozy atmosphere... however at the same time, the rice Barcelona way was a bit too salty, the organization of the service was not right - all the waiters and waitresses...","There are definitely a lot of good things about this place: the chicken croquettes, the cozy atmosphere...  however at the same time, the rice Barcelona way was a bit too salty, the organization of the service was not right - all the waiters and waitresses were very busy running around, but we still waited at least 25min before we could order, and it seems ppl sitting outside received services must faster than we did. We also did see some ppl stormed out because they waited too long. So if you plan to eat here, be prepared... Price wise it is a bit at the high end - probably thanks to the location close to the Main Street ","September 3, 2018",Barcelona_Catalonia,https://www.tripadvisor.com/Restaurant_Review-g187497-d1314895-Reviews-or190-Tapas_24-Barcelona_Catalonia.html,UID_35535,"{'chicken croquettes': 'positive', 'atmosphere': 'positive', 'rice barcelona way': 'negative', 'service': 'negative', 'wait time': 'negative', 'price': 'negative', 'location': 'positive'}"
52885,52886,La_Piazzetta_GranVia,5,Positive,review_771760646,So tasty ! Very nice place.,So tasty ! Very nice place. Highly recommended. Amazing pizza. Well done. The pasta is done properly and well cooked.,So tasty ! Very nice place. Highly recommended. Amazing pizza. Well done. The pasta is done properly and well cooked.,"September 24, 2020",Barcelona_Catalonia,https://www.tripadvisor.com/Restaurant_Review-g187497-d19987461-Reviews-La_Piazzetta_GranVia-Barcelona_Catalonia.html,UID_45274,"{'place': 'positive', 'pizza': 'positive', 'pasta': 'positive'}"
113569,113570,Santa_Gula,5,Positive,review_430110077,Fantastic little restaurant ,"We visited this restaurant based on the trip advisor reviews and we were not disappointed. ( we returned during our 5 night trip we liked it so much) The restaurant is very small, about 10tables only and so I would recommend booking. Our hotel booked...","We visited this restaurant based on the trip advisor reviews and we were not disappointed. ( we returned during our 5 night trip we liked it so much) The restaurant is very small, about 10tables only and so I would recommend booking. Our hotel booked for us and every table was taken on both nights we visited. The food was tapas and the staff were very helpful in recommending dishes which went together and how much we should have between us. I would highly recommend the homemade ravioli, it was amazing. The wine recommendations were good as was the puddings. The restaurant is in the Gracia region, which is slightly out from the tourist areas which made it much more enticing. For 2 of us with 4 tapas between us, a bottle of wine and 2 pudding cost about €75 which left us very fun. Would highly recommend ","October 20, 2016",Barcelona_Catalonia,https://www.tripadvisor.com/Restaurant_Review-g187497-d2518790-Reviews-or80-Santa_Gula-Barcelona_Catalonia.html,UID_88046,"{'restaurant size': 'neutral', 'booking': 'positive', 'food': 'positive', 'service': 'positive', 'ravioli': 'positive', 'wine': 'positive', 'puddings': 'positive', 'location': 'positive', 'price': 'positive'}"
355064,355065,Ocana,4,Positive,review_341510918,Nice place for diner and lounge party,"We were a group of 20+ people. Food was quite nice. Restaurant very crowdy on saturday evening.Lounge downstairs to have a drink, relax and discuss with people.","We were a group of 20+ people. Food was quite nice. Restaurant very crowdy on saturday evening.Lounge downstairs to have a drink, relax and discuss with people.","January 20, 2016",Barcelona_Catalonia,https://www.tripadvisor.com/Restaurant_Review-g187497-d3467459-Reviews-or330-Ocana-Barcelona_Catalonia.html,UID_136831,"{'group accommodation': 'positive', 'food': 'positive', 'crowd': 'negative', 'atmosphere': 'positive'}"
130482,130483,Tickets,5,Positive,review_360060660,Second Ticket to this culinary show!!,By far and away my favourite restaurant in Barcelona! Pure delicious theatre! Only problem is being organised enough to book well in advance...such is the price of excellence and fame! Love the dessert room. See you next trip Tickets!!,By far and away my favourite restaurant in Barcelona! Pure delicious theatre! Only problem is being organised enough to book well in advance...such is the price of excellence and fame! Love the dessert room. See you next trip Tickets!!,"March 30, 2016",Barcelona_Catalonia,https://www.tripadvisor.com/Restaurant_Review-g187497-d2054462-Reviews-or460-Tickets-Barcelona_Catalonia.html,UID_56750,"{'restaurant': 'positive', 'food': 'positive', 'booking process': 'negative', 'price': 'neutral', 'dessert': 'positive'}"
19836,19837,Swagatam_Bar_Restaurant_Hindu,3,Negative,review_378706623,Decent Indian food,The starters were much better then the main course so suggest have more inclination towards entree....over all must say it was decent...,The starters were much better then the main course so suggest have more inclination towards entree....over all must say it was decent...,"June 1, 2016",Barcelona_Catalonia,https://www.tripadvisor.com/Restaurant_Review-g187497-d3847458-Reviews-or260-Swagatam_Bar_Restaurant_Hindu-Barcelona_Catalonia.html,UID_18270,"{'starters': 'positive', 'main course': 'negative', 'overall experience': 'neutral'}"
173660,173661,La_Taberna_del_Cobre,3,Negative,review_193187200,Nice tapas in El Born,"Our hotel staff recommended dining in El Born, so we walked around and were enticed in by the friendly staff offering us the menu to look at. The restaurant was pretty inside and very authentic with background music. We visited on Tuesday night so there...","Our hotel staff recommended dining in El Born, so we walked around and were enticed in by the friendly staff offering us the menu to look at. The restaurant was pretty inside and very authentic with background music. We visited on Tuesday night so there were very few diners therefore service was prompt. We ordered patatas bravas, chorizo, croquettes, bread with tomato and goats cheese salad.....all delicious. The total cost of our meal was €34 which was a little expensive but the food was lovely in a lush location so we didn't mind. The staff were very friendly and we were given free shots with our bill I would recommend dining here if you want good food with a nice view in an authentic Spanish restaurant","February 5, 2014",Barcelona_Catalonia,https://www.tripadvisor.com/Restaurant_Review-g187497-d798485-Reviews-or200-La_Taberna_del_Cobre-Barcelona_Catalonia.html,UID_123797,"{'location': 'positive', 'staff': 'positive', 'atmosphere': 'positive', 'service': 'positive', 'patatas bravas': 'positive', 'chorizo': 'positive', 'croquettes': 'positive', 'bread with tomato': 'positive', 'goats cheese salad': 'positive', 'price': 'negative', 'food': 'positive', 'view': 'positive'}"
396816,396817,Restaurante_Chino_Internacional,1,Negative,review_296477232,The worst Restaurant in Barcelona,"If I could give negative stars I would. I sure wish I read the bad reviews already posted here, but we were getting around without our own wifi and my Chinese wife wanted to give this place a try. What a mistake. Lets see some...","If I could give negative stars I would. I sure wish I read the bad reviews already posted here, but we were getting around without our own wifi and my Chinese wife wanted to give this place a try. What a mistake. Lets see some of the negatives...1. French Fries being called Tapas. 2. Iced Teas that were about $4.50 per glass (over $9 for 2 glasses!!) ....give me a break. 3. Inattentive service ....oh, and one other minor detail 4. Food not any good. AVOID.","August 6, 2015",Barcelona_Catalonia,https://www.tripadvisor.com/Restaurant_Review-g187497-d2660889-Reviews-or40-Restaurante_Chino_Internacional-Barcelona_Catalonia.html,UID_218617,"{'food': 'negative', 'service': 'negative', 'price': 'negative'}"
80964,80965,Tuscania_Food_and_Wine,3,Negative,review_216688466,"Good food, slow service","Nice Italian restaurant with great food for a reasonable price. Service however was slow, we were there on a Monday and it wasn't even that busy. I also didn't like the TV on the wall and the cheesy rock music, didn't seem right for this...","Nice Italian restaurant with great food for a reasonable price. Service however was slow, we were there on a Monday and it wasn't even that busy. I also didn't like the TV on the wall and the cheesy rock music, didn't seem right for this place. However, like I said the food was great (gnocchi and pizza) so it didn't bother me that much. ","July 21, 2014",Barcelona_Catalonia,https://www.tripadvisor.com/Restaurant_Review-g187497-d4004735-Reviews-or250-Tuscania_Food_and_Wine-Barcelona_Catalonia.html,UID_4400,"{'restaurant type': 'positive', 'food': 'positive', 'price': 'positive', 'service': 'negative', 'atmosphere': 'negative', 'music': 'negative', 'tv': 'negative'}"
35607,35608,La_Tasqueta_De_Blai,5,Positive,review_194260928,Unbelievable value for delicious food,"We couldn't believe that a place like this still existed! Every tapa was €1 they were generous and absolutely delicious. There were also many vegetarian and fish options, a very wide array of options. The drinks were also incredibly cheap, with a tumbler of beer,...","We couldn't believe that a place like this still existed! Every tapa was €1 they were generous and absolutely delicious. There were also many vegetarian and fish options, a very wide array of options. The drinks were also incredibly cheap, with a tumbler of beer,...","February 16, 2014",Barcelona_Catalonia,https://www.tripadvisor.com/Restaurant_Review-g187497-d4155257-Reviews-or820-La_Tasqueta_De_Blai-Barcelona_Catalonia.html,UID_31431,"{'tapa': 'positive', 'price': 'positive', 'vegetarian options': 'positive', 'fish options': 'positive', 'drinks': 'positive'}"
111186,111187,Vai_Moana,5,Positive,review_677919006,Lovely place,Great place for sunset aperitivo on the beach! Beer is great and employees made you feel like at home. Best chiringuito ever!,Great place for sunset aperitivo on the beach! Beer is great and employees made you feel like at home. Best chiringuito ever!,"May 31, 2019",Barcelona_Catalonia,https://www.tripadvisor.com/Restaurant_Review-g187497-d4379490-Reviews-or60-Vai_Moana-Barcelona_Catalonia.html,UID_46556,"{'location': 'positive', 'beer': 'positive', 'service': 'positive', 'atmosphere': 'positive'}"
109229,109230,Teresa_Carles,2,Negative,review_744608348,Not so good anymore,"It used to be good, like many restaurants after they get a good start they start to deteriorate Lunch is served only after 13:00 if you want to eat before that time they have the set menu : however if you order a vegetarian hamburger...","It used to be good, like many restaurants after they get a good start they start to deteriorate  Lunch is served only after 13:00 if you want to eat before that time they have the set menu : however if you order a vegetarian hamburger THEY DONT explain it comes WITHOUT a bun (?) i saw several customers reactions as surprised as mine  2 - the many days apple pie (tarta de manzana ) but they brought a cake CAKE with 3 pieces of apple on top (?) The water is in a bottle but tastes like tap water.... The waiters were not very kind either  In other words ; not my favorite any more since the last 3 visits in the past 5 weeks have been as bad","February 12, 2020",Barcelona_Catalonia,https://www.tripadvisor.com/Restaurant_Review-g187497-d2075668-Reviews-or10-Teresa_Carles-Barcelona_Catalonia.html,UID_85285,"{'food quality': 'negative', 'service': 'negative', 'menu options': 'negative', 'wait time': 'negative', 'water quality': 'negative'}"
393581,393582,Tapas_Gaudi,2,Negative,review_315156151,Overpriced tourist trap,"The food was not bad per se, but there are plenty of other, better tapas bars just one street further from Placa Espana (we found out afterwards).","The food was not bad per se, but there are plenty of other, better tapas bars just one street further from Placa Espana (we found out afterwards).","September 30, 2015",Barcelona_Catalonia,https://www.tripadvisor.com/Restaurant_Review-g187497-d3367216-Reviews-or30-Tapas_Gaudi-Barcelona_Catalonia.html,UID_217233,"{'food': 'neutral', 'location': 'negative', 'comparison to other restaurants': 'negative'}"
272930,272931,August,4,Positive,review_278960499,Best Sangria I've ever had.,"Came here as we stayed in a hotel just over the road and couldn't be bothered walking any further or taking any more time to look for a restaurant, so happened to walk in by chance. Had the best sangria de cava ever, was so...","Came here as we stayed in a hotel just over the road and couldn't be bothered walking any further or taking any more time to look for a restaurant, so happened to walk in by chance. Had the best sangria de cava ever, was so refreshing and citrussy and was a total delight as we were sitting outside under the parasol in the sun. In terms of the food - the patatas bravas was delicious but unlike any patatas bravas I'd had before. There was no tomato sauce over the potatoes, instead they had a kind of baconnaise type sauce over them, which I'd never seen before, either way they were really good and I ate every last bit. I also got meatballs which were lovely and another dish to accompany them which was jamon croquettes. Unfortunately the croquettes weren't great, very sickly and just had a bit of an odd taste about them which I didn't like. My friend had a pepperoni pizza which looked great and she ate every last bit which is testament to show it tasted as good as it looked. Would definitely return again if we were staying in the area, but wouldn't make a special trip to eat there.","June 9, 2015",Barcelona_Catalonia,https://www.tripadvisor.com/Restaurant_Review-g187497-d1850248-Reviews-or60-August-Barcelona_Catalonia.html,UID_130274,"{'location convenience': 'positive', 'sangria de cava': 'positive', 'atmosphere': 'positive', 'patatas bravas': 'positive', 'meatballs': 'positive', 'jamon croquettes': 'negative', 'pepperoni pizza': 'positive', 'return likelihood': 'positive'}"
370454,370455,Restaurant_Santa_Anna,3,Negative,review_292445262,"Good food, disapointing dessert.","Food was great. We had Tapas.Dessert was not good, we ordered Crema Catalana. The expectation was high due tothe quality of the food. The disappointment was unfortunately big....","Food was great. We had Tapas.Dessert was not good, we ordered Crema Catalana. The expectation was high due tothe quality of the food. The disappointment was unfortunately big....","July 25, 2015",Barcelona_Catalonia,https://www.tripadvisor.com/Restaurant_Review-g187497-d2700265-Reviews-or280-Restaurant_Santa_Anna-Barcelona_Catalonia.html,UID_209289,"{'food': 'positive', 'tapas': 'positive', 'dessert': 'negative', 'crema catalana': 'negative', 'expectation': 'positive', 'disappointment': 'negative'}"
246967,246968,Thai_Barcelona_Royal_Cuisine_Restaurant,3,Negative,review_381965967,Just ok!,"Having spent a significant amount of time in Thailand, I am was a little disappointed with the food. This place has the Thai ambience, it is rather nice, but the food just fell a little bit short. I asked for morning glory, they do not...","Having spent a significant amount of time in Thailand, I am was a little disappointed with the food. This place has the Thai ambience, it is rather nice, but the food just fell a little bit short.  I asked for morning glory, they do not have this on the menu. This is a Thai staple for vegetable. So we had chicken satay, beef salad, and green chicken curry. The chicken satay was ok. The beef salad just did not have the Thai flavors it should. It was not spicey, but we ordered spicey. The green curry was not even close to what you would get in Thailand. It was served hot, but the flavor was just wrong. First time I have had zucchini in this dish before. Not sure I would go back, I would try to find a more authentic Thai place on my next quest for Thai food!","June 12, 2016",Barcelona_Catalonia,https://www.tripadvisor.com/Restaurant_Review-g187497-d800988-Reviews-or190-Thai_Barcelona_Royal_Cuisine_Restaurant-Barcelona_Catalonia.html,UID_22639,"{'food': 'negative', 'ambience': 'positive', 'morning glory': 'negative', 'chicken satay': 'neutral', 'beef salad': 'negative', 'green chicken curry': 'negative', 'authenticity': 'negative'}"
191080,191081,Bilbao_Berria,3,Negative,review_369738439,Pinxtos-style tapas in central Barelona,"Bilbao Berria serve tapas the Basque way: different small dishes served at the bar counter, you choose whichever you want, and afterwards they add up the sticks. Situation is ideal, right next to Barcelonas cathedral, by Place Novo. When we arrived, there was quite a...","Bilbao Berria serve tapas the Basque way: different small dishes served at the bar counter, you choose whichever you want, and afterwards they add up the sticks. Situation is ideal, right next to Barcelonas cathedral, by Place Novo. When we arrived, there was quite a line, but the staff was efficient and we quickly got a table although there were five of us. I suppose Pinxtos could be great when served freshly from the kitchen and when the chef dears to be bold. At this venue, some of the dishes are left standing for too long (leaves you with a buffet feeling), and the different pinxtos (although there are over 40 different), ended a bit bland - lot of oil, cheese and sausages - really did not stand out in any way. However, food is not poor, just a bit average, and it's certainly better than what's served at many other tapas restaurants near Barcelonas main sights. Service is efficient, but not cozy, and the beer was flat and not to cold. In total, a mixed feeling. An okay place to eat, not sure I'd return, and a bit touristy feeling doesn't make the impression better.","May 2, 2016",Barcelona_Catalonia,https://www.tripadvisor.com/Restaurant_Review-g187497-d997713-Reviews-or420-Bilbao_Berria-Barcelona_Catalonia.html,UID_7120,"{'location': 'positive', 'wait time': 'positive', 'service': 'neutral', 'food freshness': 'negative', 'variety': 'positive', 'food taste': 'neutral', 'atmosphere': 'negative', 'beer': 'negative'}"
219914,219915,Hard_Rock_Cafe,5,Positive,review_229194785,Perfect!,The best bartender ever! Thanks Victor! Hard rock barcelona is the best! Great nachos and great prices in a great city!!!,The best bartender ever! Thanks Victor! Hard rock barcelona is the best! Great nachos and great prices in a great city!!! ,"September 16, 2014",Barcelona_Catalonia,https://www.tripadvisor.com/Restaurant_Review-g187497-d913500-Reviews-or1350-Hard_Rock_Cafe-Barcelona_Catalonia.html,UID_147342,"{'bartender': 'positive', 'nachos': 'positive', 'price': 'positive', 'atmosphere': 'positive'}"
145184,145185,Cerveceria_Catalana,4,Positive,review_383941016,Worth the wait,"Visited here with my girlfriend while we was on a long weekend funeral to Barcelona. Be prepared to wait as this is such a popular place to go for tapas both with tourists and locals. Food is so fresh, you can really tell the difference...","Visited here with my girlfriend while we was on a long weekend funeral to Barcelona. Be prepared to wait as this is such a popular place to go for tapas both with tourists and locals. Food is so fresh, you can really tell the difference from this and the standard restaurants serving tapas, it's the stand out by miles. I rated this four stars because the wait was quite long (30 minutes) but that wasn't really much of a problem when the food came out. I ordered an assortment of tapas dishes whereas my companion ordered the hamburgers (I don't know why) which came out raw (that is the only reason this didn't get 5 stars, from my experience it's 5 but from the whole it has to be 4). Will definitely be visiting here again, just won't be ordering any hamburgers haha. ","June 19, 2016",Barcelona_Catalonia,https://www.tripadvisor.com/Restaurant_Review-g187497-d782944-Reviews-or2140-Cerveceria_Catalana-Barcelona_Catalonia.html,UID_16522,"{'wait time': 'negative', 'food': 'positive', 'tapas': 'positive', 'hamburgers': 'negative', 'atmosphere': 'positive'}"
323027,323028,MasQMenos_Rambla_46,4,Positive,review_630737569,"Very helpful, friendly staff ",This is my first time in Barcelona and the one thing I can say is i have come here to some very friendly staff and I have been welcomed well. Everything I have asked has been answered. I am rating this place very highly only...,"This is my first time in Barcelona and the one thing I can say is i have come here to some very friendly staff and I have been welcomed well. Everything I have asked has been answered. I am rating this place very highly only because of the 2 people named. The first staff member was coral and the second was sinencio. The food was ok in my opinion, i got the pork (5/10) tenderloin tapa and the grilled iberica ham (8/10), don’t add tobasco, the vinegar will over power the food. Bread toasted well on the iberica ham, the pork not sure what it was but some creamy cheese taste that elevated the dish. Please note The reason for my rating is the staff to be honest. Very nice, friendly and helpful ","November 4, 2018",Barcelona_Catalonia,https://www.tripadvisor.com/Restaurant_Review-g187497-d3880002-Reviews-or10-MasQMenos_Rambla_46-Barcelona_Catalonia.html,UID_192842,"{'staff': 'positive', 'food': 'neutral', 'pork tenderloin tapa': 'neutral', 'grilled iberica ham': 'positive', 'bread': 'positive', 'cheese': 'positive'}"
252480,252481,Cachitos_Diagonal,5,Positive,review_277025598,"Delicious tapas, paella and great service.",Really enjoyed sampling the delicious tapas. Went back three times! The paella was the best I'd ever eaten. Friendly service.,Really enjoyed sampling the delicious tapas. Went back three times! The paella was the best I'd ever eaten. Friendly service.,"June 1, 2015",Barcelona_Catalonia,https://www.tripadvisor.com/Restaurant_Review-g187497-d7359662-Reviews-or70-Cachitos_Diagonal-Barcelona_Catalonia.html,UID_162745,"{'tapas': 'positive', 'paella': 'positive', 'service': 'positive'}"
207877,207878,La_Pineda_Xarcuteria,1,Negative,review_298087107,OWNERS ARE THIEVES!!,"I bought three salami wich two moldy (that I thrown in the garbage) I thought to spend 42€ for all, instead, once at home, I realize that ower tooks 56€ from my mastercard. Dishonest. PAY ATTENTION TO FALSE SMILE AND ALSO FALSE FRIENDLINESS!!","I bought three salami wich two moldy (that I thrown in the garbage) I thought to spend 42€ for all, instead, once at home, I realize that ower tooks 56€ from my mastercard. Dishonest. PAY ATTENTION TO FALSE SMILE AND ALSO FALSE FRIENDLINESS!!","August 11, 2015",Barcelona_Catalonia,https://www.tripadvisor.com/Restaurant_Review-g187497-d2290510-Reviews-or50-La_Pineda_Xarcuteria-Barcelona_Catalonia.html,UID_141457,"{'salami': 'negative', 'price': 'negative', 'service': 'negative'}"
23363,23364,Restaurant_Montiel,4,Positive,review_502234559,High quality fine dining restaurant,"Opted for the 9 course tasting menu which was a succession of small, creative & beautifully presented dishes.  Service was excellent with staff explaining the local provenance of food & wine.","Opted for the 9 course tasting menu which was a succession of small, creative & beautifully presented dishes.  Service was excellent with staff explaining the local provenance of food & wine.","July 15, 2017",Barcelona_Catalonia,https://www.tripadvisor.com/Restaurant_Review-g187497-d1205006-Reviews-or160-Restaurant_Montiel-Barcelona_Catalonia.html,UID_21320,"{'tasting menu': 'positive', 'food presentation': 'positive', 'service': 'positive', 'food': 'positive', 'wine': 'positive'}"
166172,166173,A_Casa_Mia_Trattoria,5,Positive,review_322562710,Excellent food and service ,"Myself, sister and friend enjoyed an excellent meal here for my sisters 40th birthday. The restaurant has a welcoming atmosphere as we were greeted by friendly staff who assisted us with the menu and recommended excellent choices of food and drinks including a range of...","Myself, sister and friend enjoyed an excellent meal here for my sisters 40th birthday. The restaurant has a welcoming atmosphere as we were greeted by friendly staff who assisted us with the menu and recommended excellent choices of food and drinks including a range of tasty starters, filet steak cooked perfectly and an excellent pumpkin ravioli. These were followed by delicious pannacotta and a shot of limoncello to complete a beautiful meal. I would highly recommend dinner here for anybody visiting Barcelona who is looking for excellent quality food, friendly and helpful staff in a lovely setting.","October 28, 2015",Barcelona_Catalonia,https://www.tripadvisor.com/Restaurant_Review-g187497-d8138509-Reviews-or10-A_Casa_Mia_Trattoria-Barcelona_Catalonia.html,UID_119680,"{'meal': 'positive', 'atmosphere': 'positive', 'service': 'positive', 'food recommendations': 'positive', 'drinks': 'positive', 'starters': 'positive', 'filet steak': 'positive', 'pumpkin ravioli': 'positive', 'pannacotta': 'positive', 'limoncello': 'positive', 'setting': 'positive'}"
210447,210448,Hard_Rock_Cafe,3,Negative,review_621413315,why you have to go there?,"if you are in barcelona  why you have to go there?  stay at your hometown then!  Btw the food is american burguer and is good, is full of foreigners, but apart choose a real barcelona music bar.","if you are in barcelona why you have to go there? stay at your hometown then! Btw the food is american burguer and is good, is full of foreigners, but apart choose a real barcelona music bar. ","October 2, 2018",Barcelona_Catalonia,https://www.tripadvisor.com/Restaurant_Review-g187497-d913500-Reviews-or180-Hard_Rock_Cafe-Barcelona_Catalonia.html,UID_66754,"{'location': 'negative', 'food': 'positive', 'crowd': 'negative', 'atmosphere': 'negative'}"
191423,191424,La_Vespa_Burger_Bar,5,Positive,review_238735938,Best burger in Catalonia so far,"Just this. Best burger in Catalonia so far. All the food is homemade, and it was a great experience for all of us.","Just this. Best burger in Catalonia so far. All the food is homemade, and it was a great experience for all of us.","November 8, 2014",Barcelona_Catalonia,https://www.tripadvisor.com/Restaurant_Review-g187497-d3668516-Reviews-or40-La_Vespa_Burger_Bar-Barcelona_Catalonia.html,UID_133102,"{'burger': 'positive', 'food': 'positive', 'experience': 'positive'}"
408089,408090,Ciudad_Condal,5,Positive,review_275263684,What a nice tapas place!,"Every single plate we order was just freshly made and fantastic. Nice ambiance, always crowded (your either book or wait in the list) The Juve cave si great. Relation quality - price was really good, reaccomend it :)","Every single plate we order was just freshly made and fantastic. Nice ambiance, always crowded (your either book or wait in the list) The Juve cave si great. Relation quality - price was really good, reaccomend it :)","May 28, 2015",Barcelona_Catalonia,https://www.tripadvisor.com/Restaurant_Review-g187497-d1059712-Reviews-or2770-Ciudad_Condal-Barcelona_Catalonia.html,UID_10397,"{'food': 'positive', 'ambiance': 'positive', 'wait time': 'neutral', 'wine selection': 'positive', 'price': 'positive'}"
360071,360072,INS_Escola_Hoteleria_i_Turisme_de_Barcelona,5,Positive,review_680812791,"Though a cooking and restaurant services school, high level in both.","I have had the chance of going several times to the daily menu restaurant and the tasting menu as well and my experience has well been incredible, in the best sense, in spite we are in front of students on their first or second year...","I have had the chance of going several times to the daily menu restaurant and the tasting menu as well and my experience has well been incredible, in the best sense, in spite we are in front of students on their first or second year as apprentices in this vocational school. Congratulations.","June 11, 2019",Barcelona_Catalonia,https://www.tripadvisor.com/Restaurant_Review-g187497-d15662269-Reviews-INS_Escola_Hoteleria_i_Turisme_de_Barcelona-Barcelona_Catalonia.html,UID_90812,"{'restaurant': 'positive', 'tasting menu': 'positive', 'service': 'positive', 'atmosphere': 'positive'}"
402943,402944,Cerveceria_Catalana,5,Positive,review_128971017,Excellent tapas - but be prepared to wait for a table...,"Visited on the recommendation of the hotel we were staying at - so glad we did. It's a surprisingly big restaurant/bar but was absolutely rammed, with a constant flow of people trying to get in for a table. If you're looking for a more traditional...","Visited on the recommendation of the hotel we were staying at - so glad we did. It's a surprisingly big restaurant/bar but was absolutely rammed, with a constant flow of people trying to get in for a table. If you're looking for a more traditional old worldy bar this isn't the place, but it had a charm of its own, especially in and around the bar area where I would chose to sit on my next visit. We ended up waiting 20 minutes for our table at the bar, jostling for space with a beer, but it felt longer as we watched all the various dishes going out - they all looked unbelievably mouth watering. The food lived up to expectations when we eventually sat down, offering a variety of non oily (!) dishes. The octopus and the calamari were particularly good. Service was brisk and efficient - it had to be to keep up with the demand. Would definitely recommend and will return next time I'm in town. ","April 28, 2012",Barcelona_Catalonia,https://www.tripadvisor.com/Restaurant_Review-g187497-d782944-Reviews-or4880-Cerveceria_Catalana-Barcelona_Catalonia.html,UID_221149,"{'recommendation': 'positive', 'size': 'positive', 'crowd': 'negative', 'atmosphere': 'positive', 'wait time': 'negative', 'food': 'positive', 'variety': 'positive', 'octopus': 'positive', 'calamari': 'positive', 'service': 'positive'}"
112638,112639,Can_Paixano_La_Xampanyeria,4,Positive,review_305343361,Apparently to be Picasso's local,"Authentic Cava place in Barcelona. I loved the experience of this place, dynamic, bold, urban. Locals, students, tourists, a diverse place in the heart of Barcelona","Authentic Cava place in Barcelona. I loved the experience of this place, dynamic, bold, urban. Locals, students, tourists, a diverse place in the heart of Barcelona","August 31, 2015",Barcelona_Catalonia,https://www.tripadvisor.com/Restaurant_Review-g187497-d940427-Reviews-or440-Can_Paixano_La_Xampanyeria-Barcelona_Catalonia.html,UID_87498,"{'authenticity': 'positive', 'atmosphere': 'positive', 'location': 'positive', 'diversity': 'positive'}"
337243,337244,Restaurante_Salamanca,4,Positive,review_423164694,Excellent Service by the Sea,"When you go to Spain, do not expect the same quality service as you would in the US. This was true in many of the places we visited on our trip. Especially in Barcelona where many people are downright rude.I have to say, however,...","When you go to Spain, do not expect the same quality service as you would in the US. This was true in many of the places we visited on our trip. Especially in Barcelona where many people are downright rude. I have to say, however, that the Restaurante Salamanca is an exception. My husband and I were looking for a place to have paella in the Barceloneta and were redirected here by our cab driver. There was no wait (as we were expecting on a Thursday night) and we were able to pick our own table. The restaurant itself is quite old. And there is not much of a sea view. Initially we received weird looks from the waiters, but I think it had more to do with the fact that we were unsure where to sit. Once seated however, we were treated immediately and were provided excellent service. We did order the paella with lobster. While waiting, they brought out the customary bread with tomato and some chorizo for us to nibble on as an appetizer. Yum to all things we ate! We had decided to splurge this night and it was worth it. When asked if we wanted to order dessert, and we had declined, the waiters still brought out a digestif and some almond cake. The digestif did help and I was able to enjoy some of the dessert. I enjoyed our night out and would go again.","September 28, 2016",Barcelona_Catalonia,https://www.tripadvisor.com/Restaurant_Review-g187497-d1007529-Reviews-or570-Restaurante_Salamanca-Barcelona_Catalonia.html,UID_84711,"{'service': 'positive', 'wait time': 'positive', 'atmosphere': 'neutral', 'paella with lobster': 'positive', 'appetizer': 'positive', 'price': 'positive', 'dessert': 'positive'}"
80861,80862,Sabores_de_Portugal,2,Negative,review_548162584,Disappointed,Not so expensive. Freindly service. Great place but disappointed for the dishes .so  heavy and no taste. To much oily.,Not so expensive. Freindly service. Great place but disappointed for the dishes .so  heavy and no taste. To much oily.,"December 19, 2017",Barcelona_Catalonia,https://www.tripadvisor.com/Restaurant_Review-g187497-d10859414-Reviews-or40-Sabores_de_Portugal-Barcelona_Catalonia.html,UID_2713,"{'price': 'positive', 'service': 'positive', 'atmosphere': 'positive', 'food': 'negative'}"
62980,62981,Somodo,5,Positive,review_197728505,AMAZING food and experience!,"Wow!  Cannot be missed.  EXCELLENT food and experience.  Great value.  2 of us ate and had a bottle of wine, left very satisfied for only 50 euro each.  Not to be missed!","Wow!  Cannot be missed.  EXCELLENT food and experience.  Great value.  2 of us ate and had a bottle of wine, left very satisfied for only 50 euro each.  Not to be missed!","March 17, 2014",Barcelona_Catalonia,https://www.tripadvisor.com/Restaurant_Review-g187497-d2390262-Reviews-or50-Somodo-Barcelona_Catalonia.html,UID_52887,"{'food': 'positive', 'experience': 'positive', 'value': 'positive', 'price': 'positive'}"
331634,331635,La_Cala_Restaurant,4,Positive,review_708283344,Great food ,"Just had another great meal in Barcelona. La Cala was great. Tapas food was excellent. Potatoes Bravas, Spicy Chicken strips, garlic shrimp and battered calamari - all delicious especially the potatoes. Friendly atmosphere. We sat inside but that was due to my mobility. Staff friendly...","Just had another great meal in Barcelona. La Cala was great. Tapas food was excellent. Potatoes Bravas, Spicy Chicken strips, garlic shrimp and battered calamari - all delicious especially the potatoes. Friendly atmosphere. We sat inside but that was due to my mobility. Staff friendly but the food was the star. No frills.","September 9, 2019",Barcelona_Catalonia,https://www.tripadvisor.com/Restaurant_Review-g187497-d2321410-Reviews-La_Cala_Restaurant-Barcelona_Catalonia.html,UID_62120,"{'meal': 'positive', 'restaurant': 'positive', 'tapas food': 'positive', 'potatoes bravas': 'positive', 'spicy chicken strips': 'positive', 'garlic shrimp': 'positive', 'battered calamari': 'positive', 'atmosphere': 'positive', 'staff': 'positive', 'food': 'positive'}"
337194,337195,4_Gats,4,Positive,review_332109178,"Great vibe, live music, secret dessert!",Came here off a recommendation from a friend and absolutely loved every minute. Delicious meal (despite the waitstaff mishearing our order for a cheese plate and instead bringing us a goat cheese salad... At least it was yummy!) and especially the Catalan custard which our...,"Came here off a recommendation from a friend and absolutely loved every minute. Delicious meal (despite the waitstaff mishearing our order for a cheese plate and instead bringing us a goat cheese salad... At least it was yummy!) and especially the Catalan custard which our friend recommended... we had to ask about it as it was not listed in the menu, but by far my favorite dessert of the trip! There was live music (guitar and singing) for the entirety of our meal (a Monday night) and a beautiful atmosphere.","December 11, 2015",Barcelona_Catalonia,https://www.tripadvisor.com/Restaurant_Review-g187497-d896759-Reviews-or1150-4_Gats-Barcelona_Catalonia.html,UID_48310,"{'recommendation': 'positive', 'meal': 'positive', 'service': 'negative', 'cheese plate': 'negative', 'goat cheese salad': 'positive', 'catalan custard': 'positive', 'menu': 'negative', 'dessert': 'positive', 'live music': 'positive', 'atmosphere': 'positive'}"
285319,285320,El_Gran_Cafe,3,Negative,review_127380850,not as good as expected,the duck (magret d'ànec) had strange taste as we thought it wasn't well cooked...,the duck (magret d'ànec) had strange taste as we thought it wasn't well cooked...,"April 6, 2012",Barcelona_Catalonia,https://www.tripadvisor.com/Restaurant_Review-g187497-d945527-Reviews-or420-El_Gran_Cafe-Barcelona_Catalonia.html,UID_76006,"{'duck': 'negative', 'cooking': 'negative'}"
310305,310306,Gandhi_Restaurant,4,Positive,review_500739085,Good honest Indian food,The restaurant was not a disappointment. We enjoyed everything we ordered. The service was swift and courteous.,The restaurant was not a disappointment. We enjoyed everything we ordered. The service was swift and courteous.,"July 11, 2017",Barcelona_Catalonia,https://www.tripadvisor.com/Restaurant_Review-g187497-d3859148-Reviews-or50-Gandhi_Restaurant-Barcelona_Catalonia.html,UID_187690,"{'restaurant': 'positive', 'food': 'positive', 'service': 'positive'}"
273458,273459,Lateral_Bcn,5,Positive,review_394762947,Alina,"Grate place, exquisite tapas, good price, amazing staff we have even got a gift from the manager. Great atmosphere, definitely one to come back to!","Grate place, exquisite tapas, good price, amazing staff we have even got a gift from the manager. Great atmosphere, definitely one to come back to!","July 20, 2016",Barcelona_Catalonia,https://www.tripadvisor.com/Restaurant_Review-g187497-d7308989-Reviews-or60-Lateral_Bcn-Barcelona_Catalonia.html,UID_100467,"{'place': 'positive', 'tapas': 'positive', 'price': 'positive', 'staff': 'positive', 'gift': 'positive', 'atmosphere': 'positive'}"
283789,283790,Bananas,1,Negative,review_398948487,Disgusting food at rip off prices,"Ate here one Friday night. I had a piece of snapper that was raw and flavourless. The pad thai was also vile. Tourist prices, avoid!!","Ate here one Friday night. I had a piece of snapper that was raw and flavourless. The pad thai was also vile. Tourist prices, avoid!!","July 29, 2016",Barcelona_Catalonia,https://www.tripadvisor.com/Restaurant_Review-g187497-d7366471-Reviews-or50-Bananas-Barcelona_Catalonia.html,UID_2960,"{'snapper': 'negative', 'pad thai': 'negative', 'price': 'negative'}"
264195,264196,Celler_de_la_Ribera,5,Positive,review_316900624,Great tapas ,We had great tapas here for a very reasonable cost. Nice atmosphere and friendly helpful service. Will definitely visit again.,We had great tapas here for a very reasonable cost. Nice atmosphere and friendly helpful service. Will definitely visit again.,"October 7, 2015",Barcelona_Catalonia,https://www.tripadvisor.com/Restaurant_Review-g187497-d697443-Reviews-or90-Celler_de_la_Ribera-Barcelona_Catalonia.html,UID_377,"{'tapas': 'positive', 'price': 'positive', 'atmosphere': 'positive', 'service': 'positive'}"
381196,381197,Hoja_Santa,5,Positive,review_530853551,A Memorable Dining Journey,"Our meal at Hoja Santa was a mind blowing experience to say in the least. My husband and I opted for the tasting menu and were so glad we did. Each course was superb, and the menu as a whole was so thoughtful and well...","Our meal at Hoja Santa was a mind blowing experience to say in the least. My husband and I opted for the tasting menu and were so glad we did. Each course was superb, and the menu as a whole was so thoughtful and well planned that we truly felt we were having an immersive dining experience.  One of our favorite courses was none other than the ""Trump Taco"" which featured delicious pork cut from the suckling pig we had the pleasure of viewing at the beginning of our meal. Democrat or Republican, we can all agree that a strong parallel can be drawn between our president and a steaming pile of swine.  For beverages, we each began our meal with a margarita and shared a bottle of wine for the remainder. The bottle prices were so reasonable we found ourselves doing a double take to ensure we weren't looking at by the glass pricing. The service throughout our meal was also impeccable. Our meal was a Saturday lunch reservation, which I highly recommend if you're having trouble securing a booking. The meal took roughly 2.5 hours and we enjoyed every minute.","October 7, 2017",Barcelona_Catalonia,https://www.tripadvisor.com/Restaurant_Review-g187497-d7340965-Reviews-or50-Hoja_Santa-Barcelona_Catalonia.html,UID_15569,"{'meal': 'positive', 'tasting menu': 'positive', 'course': 'positive', 'trump taco': 'positive', 'pork': 'positive', 'beverages': 'positive', 'margarita': 'positive', 'wine': 'positive', 'price': 'positive', 'service': 'positive', 'booking': 'positive', 'wait time': 'positive'}"
371329,371330,Cal_Pep,5,Positive,review_275010346,Best seafood ever,"Cal Pep is well known in foodie circles. Line ups are common - but we were a group of four, so I was able to make a reservation online - and we were seated in a lovely room at the back of the bar -...","Cal Pep is well known in foodie circles. Line ups are common - but we were a group of four, so I was able to make a reservation online - and we were seated in a lovely room at the back of the bar - a delightful three hours of attentive service and delicious food - we let our waiter choose for us, which was amazing - both seafood with pasta and be sure to try the flan with CAL PEP bruleed onto the top - smooth and not too sweet. We added a few bottles of rose and it was one of the best meals we have ever had.","May 27, 2015",Barcelona_Catalonia,https://www.tripadvisor.com/Restaurant_Review-g187497-d697458-Reviews-or690-Cal_Pep-Barcelona_Catalonia.html,UID_209572,"{'restaurant reputation': 'positive', 'wait time': 'neutral', 'atmosphere': 'positive', 'service': 'positive', 'food': 'positive', 'seafood with pasta': 'positive', 'flan': 'positive', 'wine': 'positive'}"
311616,311617,Trobador_Ferran,3,Negative,review_300166617,"good service, inconsistent with food as first time was much better than second.","Lovely surroundings, the service was fantastic and very welcoming.  We ate there twice for quick snacks.  The first time, the food was good and well cooked but the second was not as polished so must have had a different chef on which is a shame...","Lovely surroundings, the service was fantastic and very welcoming. We ate there twice for quick snacks. The first time, the food was good and well cooked but the second was not as polished so must have had a different chef on which is a shame as the second one brought the rating down from very good to average.","August 17, 2015",Barcelona_Catalonia,https://www.tripadvisor.com/Restaurant_Review-g187497-d1385082-Reviews-or40-Trobador_Ferran-Barcelona_Catalonia.html,UID_52077,"{'surroundings': 'positive', 'service': 'positive', 'food': 'neutral', 'chef': 'negative'}"
6090,6091,Con_Gracia,5,Positive,review_156439506,fantastic dining experience,To set the scene its my 40th and my wife has just surprised me with a trip to Barcelona. First night we go out to dinner to this small restaurant in Gracia. The welcome was amazing. Two waiters own front of house and make you...,"To set the scene its my 40th and my wife has just surprised me with a trip to Barcelona. First night we go out to dinner to this small restaurant in Gracia. The welcome was amazing. Two waiters own front of house and make you feel at home. Nothing is too much trouble and the menu is very simple to understand. To explain....you choose the set menu or take a gamble and the chef will cook for you, but you don't know what you are going to get. We chose the later. The food was to die for. The wines provided in the surprise wine accompaniment was equally amazing. Every one in the restaurant gasped or drew a breath of surprise every few minutes as another course of delight arrived. At one point I was treated to a schezuan flower which enhanced my palate allowing me to further enjoy the flavours of the dishes. Incredible.  At the end of the night our cab was delayed so sparkling wine was provided free of charge until our driver arrived.  Truly an amazing culinary experience. Cant wait to go back","April 2, 2013",Barcelona_Catalonia,https://www.tripadvisor.com/Restaurant_Review-g187497-d697505-Reviews-or770-Con_Gracia-Barcelona_Catalonia.html,UID_5816,"{'location': 'positive', 'service': 'positive', 'menu': 'positive', 'food': 'positive', 'wine': 'positive', 'atmosphere': 'positive', 'unique experience': 'positive', 'wait time': 'negative', 'price': 'positive'}"
367928,367929,7_Portes,3,Negative,review_234816067,Over estimated,"So, it is an institute with a lot of history, BUT the food was just ok. Really not somthing spending so much money on...I'd eaten much better local food in a much more reasonable prices in barcelona.","So, it is an institute with a lot of history, BUT the food was just ok. Really not somthing spending so much money on...I'd eaten much better local food in a much more reasonable prices in barcelona.","October 16, 2014",Barcelona_Catalonia,https://www.tripadvisor.com/Restaurant_Review-g187497-d697396-Reviews-or2030-7_Portes-Barcelona_Catalonia.html,UID_87735,"{'history': 'positive', 'food': 'neutral', 'price': 'negative', 'local food': 'positive'}"
194074,194075,Restaurante_Nogal,2,Negative,review_648303192,I expected more but it was just average,"Having read the reviews, i was looking forward to going here but the food was bang average. The service was good especially the older man who was probably the owner. He was kind and talkative. The other waiters a little less so.The place was...","Having read the reviews, i was looking forward to going here but the food was bang average.  The service was good especially the older man who was probably the owner. He was kind and talkative. The other waiters a little less so. The place was nice but the prices and the quality were not great. The set menu was over priced and the food was nothing special. I left dissapointed which is the worst feeling when you look forward to trying a new place.","January 26, 2019",Barcelona_Catalonia,https://www.tripadvisor.com/Restaurant_Review-g187497-d2363609-Reviews-or30-Restaurante_Nogal-Barcelona_Catalonia.html,UID_74222,"{'food': 'negative', 'service': 'positive', 'owner': 'positive', 'waiters': 'neutral', 'atmosphere': 'positive', 'price': 'negative', 'quality': 'negative', 'set menu': 'negative', 'expectation': 'negative'}"
332673,332674,Federal_Cafe_Parlament,1,Negative,review_294621716,No volveré nunca. I will never go back. ,"The service in this place is absolutely horrendous. The staff are rude, inattentive and obnoxious. It's a shame because it would be a pleasant cafe to visit if it wasn't for the horrendous staff.","The service in this place is absolutely horrendous. The staff are rude, inattentive and obnoxious. It's a shame because it would be a pleasant cafe to visit if it wasn't for the horrendous staff.","August 1, 2015",Barcelona_Catalonia,https://www.tripadvisor.com/Restaurant_Review-g187497-d2296742-Reviews-or380-Federal_Cafe_Parlament-Barcelona_Catalonia.html,UID_196493,"{'service': 'negative', 'staff': 'negative', 'atmosphere': 'neutral'}"
339997,339998,4_Gats,1,Negative,review_223758936,Disappointing,"I booked a table online using their own website and received confirmation from the director of public relations back in April.We arrived at 6.45 pn the appointed day and where met by a man who said we did not have a reservation, I said...","I booked a table online using their own website and received confirmation from the director of public relations back in April. We arrived at 6.45 pn the appointed day and where met by a man who said we did not have a reservation, I said we had booked on line and had a confirmation, he said ' not possible'. Eventually he said we could have a table for 6 but looking at his list he only had about 6 bookings for the whole evening. His manner was very unfriendly. We asked if we could have a drink but he said they did not open until 7 , so we went next door. We went back at 7 and were shown to a table in an empty restaurant , the service was good but the food was poor I ordered the cod and it was cold.  I had booked this as I was entertaining some American friends and previously had a good meal. However I was very embarrassed at the treatment we received. The food was disappointing and quite expensive. I have written to the person who confirmed our reservation but have not had a reply.","August 22, 2014",Barcelona_Catalonia,https://www.tripadvisor.com/Restaurant_Review-g187497-d896759-Reviews-or1520-4_Gats-Barcelona_Catalonia.html,UID_20468,"{'booking': 'negative', 'service': 'negative', 'food': 'negative', 'price': 'negative', 'response': 'negative'}"
213989,213990,Chennai_Masala_Dosa,3,Negative,review_478655442,good value for money,"it was our first time with kids at this type of restaurant, 3 families total of 5 childrenwe enjoyed it, tasty, spicy but ok for the dishes we ordered milderwe ordered 4 types of tasting menu, good variety and kids ordered dosa which...","it was our first time with kids at this type of restaurant, 3 families total of 5 children we enjoyed it, tasty, spicy but ok for the dishes we ordered milder we ordered 4 types of tasting menu, good variety and kids ordered dosa which they liked our gang had some curry lovers who were happy, too extremely cheap and there was food left full of hindu people who were having dinner too","April 24, 2017",Barcelona_Catalonia,https://www.tripadvisor.com/Restaurant_Review-g187497-d10528972-Reviews-or80-Chennai_Masala_Dosa-Barcelona_Catalonia.html,UID_24616,"{'restaurant type': 'positive', 'food': 'positive', 'spiciness': 'positive', 'variety': 'positive', 'dosa': 'positive', 'curry': 'positive', 'price': 'positive', 'quantity': 'positive', 'atmosphere': 'positive'}"
82567,82568,Quimet_Quimet,5,Positive,review_129130588,Best tapas in Barcelona,This is à very good and not so expensive resturant and have à nice lokal many people and good tapas. Not so far fr.o.m. hotel Barcelona Universal .,This is à very good and not so expensive resturant and have à nice lokal many people and good tapas. Not so far fr.o.m. hotel Barcelona Universal .,"April 30, 2012",Barcelona_Catalonia,https://www.tripadvisor.com/Restaurant_Review-g187497-d717377-Reviews-or1000-Quimet_Quimet-Barcelona_Catalonia.html,UID_67206,"{'restaurant': 'positive', 'price': 'positive', 'atmosphere': 'positive', 'tapas': 'positive', 'location': 'positive'}"
239240,239241,Patron,5,Positive,review_653919433,Patron bar & restaurante ,"If you are looking for a good bar & restaurant with live music, don’t hesitate to go to Patron...It’s super fancy bar and restaurant while the prices are average. It’s not expensive at all. And also they paid different type of music...I really...","If you are looking for a good bar & restaurant with live music, don’t hesitate to go to Patron... It’s super fancy bar and restaurant while the prices are average. It’s not expensive at all. And also they paid different type of music... I really had a great time there","February 21, 2019",Barcelona_Catalonia,https://www.tripadvisor.com/Restaurant_Review-g187497-d6373029-Reviews-or50-Patron-Barcelona_Catalonia.html,UID_42425,"{'bar & restaurant': 'positive', 'live music': 'positive', 'atmosphere': 'positive', 'price': 'positive'}"
396405,396406,Restaurant_International_08002_Barcelona,3,Negative,review_563106774,Noodles ,We decided we wanted a Chinese meal for a change after having a couple of drinks in the square We came across this establishment it was pretty empty I think only the staff/owner were sitting down eating but it was getting late on a Monday...,"We decided we wanted a Chinese meal for a change after having a couple of drinks in the square  We came across this establishment it was pretty empty I think only the staff/owner were sitting down eating but it was getting late on a Monday night in February  Staff were friendly, we chose off the menu  A beef noodle dish and a prawn curry and a couple of steamed dumplings and spring rolls to start  All was very tasty washed down with a nice glass of wine  The prices were reasonable considering the location To my surprise reading the trip adviser reports this restaurant should be higher scored, just shows you need to try places your self ","February 27, 2018",Barcelona_Catalonia,https://www.tripadvisor.com/Restaurant_Review-g187497-d4115730-Reviews-or10-Restaurant_International_08002_Barcelona-Barcelona_Catalonia.html,UID_75445,"{'chinese food': 'positive', 'atmosphere': 'neutral', 'service': 'positive', 'beef noodle dish': 'positive', 'prawn curry': 'positive', 'steamed dumplings': 'positive', 'spring rolls': 'positive', 'wine': 'positive', 'price': 'positive'}"
242362,242363,Bar_Lobo,1,Negative,review_199494628,Awful,"We passed this restaurant and were impressed with the decor and tapas menu. We should have left immediately when the waiter ignored us and the lady cleaning the windows told us to sit ! The drinks were wrong when the they were bought to us,...","We passed this restaurant and were impressed with the decor and tapas menu. We should have left immediately when the waiter ignored us and the lady cleaning the windows told us to sit ! The drinks were wrong when the they were bought to us, we opted for the spanish version of ham egg and chips as we couldnt decide on the tapas, it arrived in a dessert bowl pilled on top of each other and swimming in oil, there must have been a least a cm at the bottom of the bowl, there was only one tiny piece of the normally delightful iberico ham and insipid looking chips, (the menu you said potatos) the eggs weren't fully cooked, needless to say we left and didnt pay for the food. The other meals arriving at other tables didnt look very appetising either.....avoid ","April 1, 2014",Barcelona_Catalonia,https://www.tripadvisor.com/Restaurant_Review-g187497-d907765-Reviews-or960-Bar_Lobo-Barcelona_Catalonia.html,UID_128387,"{'decor': 'positive', 'menu': 'positive', 'service': 'negative', 'drinks': 'negative', 'food': 'negative', 'price': 'neutral', 'atmosphere': 'negative'}"
56511,56512,Cafe_De_L_Academia,4,Positive,review_376544251,"Great atmosphere, fine food","The academy salad and fish stew were delicious; the cod was tasty, the salmon okay.  Prices are very reasonable, the service excellent.","The academy salad and fish stew were delicious; the cod was tasty, the salmon okay.  Prices are very reasonable, the service excellent.","May 25, 2016",Barcelona_Catalonia,https://www.tripadvisor.com/Restaurant_Review-g187497-d697441-Reviews-or290-Cafe_De_L_Academia-Barcelona_Catalonia.html,UID_48058,"{'academy salad': 'positive', 'fish stew': 'positive', 'cod': 'positive', 'salmon': 'neutral', 'price': 'positive', 'service': 'positive'}"
168219,168220,El_Portalon,4,Positive,review_724488608,Nice place for dinner,"Went here after our tour guide recommended it, had good food and a fun time. They waitstaff is lovely, ordered a great bottle of wine to go with our salad, meat paella (made to order) and oxtail stew. Everything was very tasty and ended up...","Went here after our tour guide recommended it, had good food and a fun time. They waitstaff is lovely, ordered a great bottle of wine to go with our salad, meat paella (made to order) and oxtail stew. Everything was very tasty and ended up running into our tour guide who was with friends. ","November 6, 2019",Barcelona_Catalonia,https://www.tripadvisor.com/Restaurant_Review-g187497-d697553-Reviews-or20-El_Portalon-Barcelona_Catalonia.html,UID_120884,"{'food': 'positive', 'service': 'positive', 'wine': 'positive', 'salad': 'positive', 'meat paella': 'positive', 'oxtail stew': 'positive', 'atmosphere': 'positive'}"
152651,152652,Rossini,3,Negative,review_535284295,Pasta Galore!,"We had a break from tapas and had two tasty pasta dishes, puddings and wine for lunch.  The service was ok, the food was great and so was the atmosphere. At lunch there are a few street performers, which adds some entertainment during the meal.","We had a break from tapas and had two tasty pasta dishes, puddings and wine for lunch.  The service was ok, the food was great and so was the atmosphere. At lunch there are a few street performers, which adds some entertainment during the meal.","October 23, 2017",Barcelona_Catalonia,https://www.tripadvisor.com/Restaurant_Review-g187497-d1082035-Reviews-or590-Rossini-Barcelona_Catalonia.html,UID_63246,"{'pasta': 'positive', 'puddings': 'positive', 'wine': 'positive', 'service': 'neutral', 'food': 'positive', 'atmosphere': 'positive', 'entertainment': 'positive'}"
269801,269802,Alsur_Cafe_Backdoor_Bar,3,Negative,review_652609105, Charge for a bottle water.,"If I asked for tap water and you bring me a bottled water and charge me for it which is fine, and then don’t let me take the bottle when I leave... Apparently when you buy the bottled water, you’re only paying for the water...","If I asked for tap water and you bring me a bottled water and charge me for it which is fine, and then don’t let me take the bottle when I leave... Apparently when you buy the bottled water, you’re only paying for the water inside of it? To walk out with your water, it’s an additional five dollars for the bottle. Can someone please explain this to me?  Food was great and creative...service not so much.","February 15, 2019",Barcelona_Catalonia,https://www.tripadvisor.com/Restaurant_Review-g187497-d13074055-Reviews-or10-Alsur_Cafe_Backdoor_Bar-Barcelona_Catalonia.html,UID_170371,"{'water': 'negative', 'price': 'negative', 'food': 'positive', 'service': 'negative'}"
281716,281717,Les_Quinze_Nits,5,Positive,review_623240240,simply fantastic,The restaurant is located in a very cute square. The service is amazing. The menu has lots of options for dietary restrictions and they don’t not overcharge. Breakfast was delicious! Definitely recommend checking this place out for breakfast.,The restaurant is located in a very cute square. The service is amazing. The menu has lots of options for dietary restrictions and they don’t not overcharge. Breakfast was delicious! Definitely recommend checking this place out for breakfast.,"October 8, 2018",Barcelona_Catalonia,https://www.tripadvisor.com/Restaurant_Review-g187497-d717319-Reviews-or220-Les_Quinze_Nits-Barcelona_Catalonia.html,UID_17129,"{'location': 'positive', 'service': 'positive', 'menu': 'positive', 'price': 'positive', 'breakfast': 'positive'}"
343187,343188,La_Marina,5,Positive,review_332218232,Good tapas,"Was late arriving as our flight was late but we were welcomed.  Had three tapas dishes, prawns, pat atlas bra as and salad and each one was delicious.","Was late arriving as our flight was late but we were welcomed.  Had three tapas dishes, prawns, pat atlas bra as and salad and each one was delicious.","December 12, 2015",Barcelona_Catalonia,https://www.tripadvisor.com/Restaurant_Review-g187497-d4172913-Reviews-La_Marina-Barcelona_Catalonia.html,UID_31694,"{'arrival time': 'neutral', 'service': 'positive', 'prawns': 'positive', 'pat atlas bra as': 'positive', 'salad': 'positive'}"
85439,85440,Quimet_Quimet,3,Negative,review_327668853,Fun tapas,"Very fun and busy tapas bar. Excellent alcohol selection.  The food was good, not great, but the atmosphere was very enjoyable.","Very fun and busy tapas bar. Excellent alcohol selection.  The food was good, not great, but the atmosphere was very enjoyable.","November 18, 2015",Barcelona_Catalonia,https://www.tripadvisor.com/Restaurant_Review-g187497-d717377-Reviews-or450-Quimet_Quimet-Barcelona_Catalonia.html,UID_69295,"{'atmosphere': 'positive', 'alcohol selection': 'positive', 'food': 'neutral'}"
82917,82918,Bo_De_Gracia,5,Positive,review_422434280,Tasty meal!,Was sat down straight away by a very kind and informative waiter. Food came just as quick and we enjoyed many dishes including an aubergine dish fried with honey that was a special and was amazing!,Was sat down straight away by a very kind and informative waiter. Food came just as quick and we enjoyed many dishes including an aubergine dish fried with honey that was a special and was amazing!,"September 26, 2016",Barcelona_Catalonia,https://www.tripadvisor.com/Restaurant_Review-g187497-d4605459-Reviews-or240-Bo_De_Gracia-Barcelona_Catalonia.html,UID_67465,"{'service': 'positive', 'wait time': 'positive', 'food': 'positive', 'aubergine dish': 'positive'}"
215977,215978,Dos_Palillos,2,Negative,review_263526816,Did not meet the expectations,"We had looked forward to an extraordinary experience, since we visited the sister restaurant in Berlin on NYE. This restaurant does not have a Michelin star. And yes, our expectations were high, but certainly not out of proportions. We paid for a Michelin experience (250€...","We had looked forward to an extraordinary experience, since we visited the sister restaurant in Berlin on NYE. This restaurant does not have a Michelin star. And yes, our expectations were high, but certainly not out of proportions. We paid for a Michelin experience (250€ for two) but did not get it. All those details which completes a unique dining experience were missing. Serving was by 7(!) different waiters, of some were clearly just not ready for the task. Our seating was is the back corner not allowing us to participate in any of the atmosphere of the actual dining room. The service seemed unorganized and the dishes unfortunately couldn't compensate. We will not go back, but acknowledge that we are critical customers.","April 4, 2015",Barcelona_Catalonia,https://www.tripadvisor.com/Restaurant_Review-g187497-d1099373-Reviews-or220-Dos_Palillos-Barcelona_Catalonia.html,UID_145446,"{'expectations': 'negative', 'price': 'negative', 'dining experience': 'negative', 'service': 'negative', 'seating': 'negative', 'atmosphere': 'negative', 'dishes': 'negative'}"
412791,412792,Cinc_Sentits,3,Negative,review_291789432,"only 1 great dish, the rest not very tasty","I really wanted to like this contemporary restaurant, but I didn’t.  The pigeon dish was stunning (perfectly tender, very rare breast, and pigeon liver croquettes that popped in the mouth spilling their deliciously creamy contents).  Everything else tasted off balance to me.  Many dishes (including...","I really wanted to like this contemporary restaurant, but I didn’t. The pigeon dish was stunning (perfectly tender, very rare breast, and pigeon liver croquettes that popped in the mouth spilling their deliciously creamy contents). Everything else tasted off balance to me. Many dishes (including some savory ones) were way too sweet to my liking. Salt use was sporadic (sometimes way too much, sometimes not enough). More thought seemed to be given to what kind of plate to present the dish on than how to make it taste good. ","July 23, 2015",Barcelona_Catalonia,https://www.tripadvisor.com/Restaurant_Review-g187497-d697497-Reviews-or250-Cinc_Sentits-Barcelona_Catalonia.html,UID_21257,"{'restaurant style': 'negative', 'pigeon dish': 'positive', 'other dishes': 'negative', 'sweetness': 'negative', 'salt use': 'negative', 'presentation': 'negative'}"
381326,381327,Mochica,5,Positive,review_559389007,Amazing! Increíble!,"It was my first time eating Peruvian food, i took the 10,50€ menu of the day, first was Ceviche, it was delicious and i got full only with that, second was rice with pork and chicken it was really good, desert i take a passion...","It was my first time eating Peruvian food, i took the 10,50€ menu of the day, first was Ceviche, it was delicious and i got full only with that, second was rice with pork and chicken it was really good, desert i take a passion fruit cake, omg 10 points on that!! i don't know why people are complaining about the price, but el menú del medio día it was not expensive, it was like normal BCN price. People there were friendly, i really recommend this place specially for menú del medio día 10,50€ worth it!!","February 9, 2018",Barcelona_Catalonia,https://www.tripadvisor.com/Restaurant_Review-g187497-d4150231-Reviews-Mochica-Barcelona_Catalonia.html,UID_145007,"{'peruvian food': 'positive', 'ceviche': 'positive', 'rice with pork and chicken': 'positive', 'passion fruit cake': 'positive', 'price': 'positive', 'service': 'positive'}"
332764,332765,Restaurante_Salamanca,2,Negative,review_72120034,"OVERPRICED,OVERCOOKED","we both decided on a seafood night.It looked good set out on a table outside,lobsters moving about.Nice and fresh.went through the menu decided what we wanted to be told by the waiter no; this is what you want took his advice.WE had not finished the...","we both decided on a seafood night.It looked good set out on a table outside,lobsters moving about.Nice and fresh.went through the menu decided what we wanted to be told by the waiter no; this is what you want took his advice.WE had not finished the entree when it was whisked away tobring the main on,a massive array of everything you would find swimming.It was a massive disapointment the shellfish were all so tough and nearly impossible to shell,and the white fish tough and tasteless,OVERCOOKED not how fish should come to the table.The price for 2 in excess of a £100 ex drinks.A RIP OFF","July 24, 2010",Barcelona_Catalonia,https://www.tripadvisor.com/Restaurant_Review-g187497-d1007529-Reviews-or1310-Restaurante_Salamanca-Barcelona_Catalonia.html,UID_196535,"{'seafood': 'negative', 'presentation': 'positive', 'service': 'negative', 'price': 'negative'}"
359592,359593,Mar_y_Costa_Cafe,5,Positive,review_364131237,Excellent cafe,Visited this cafe/bar with friends while on a city break. A fantastic little place. Everything was so reasonably priced. The food was excellent and the service was as good as I have had in a cafe/bar like this. All staff were very accommodating and the...,Visited this cafe/bar with friends while on a city break. A fantastic little place. Everything was so reasonably priced. The food was excellent and the service was as good as I have had in a cafe/bar like this. All staff were very accommodating and the owner/manager Mike was magic. If in Barcelona and looking for a little place to have a drink you should definitely go here.,"April 14, 2016",Barcelona_Catalonia,https://www.tripadvisor.com/Restaurant_Review-g187497-d2703092-Reviews-Mar_y_Costa_Cafe-Barcelona_Catalonia.html,UID_205553,"{'price': 'positive', 'food': 'positive', 'service': 'positive', 'staff': 'positive', 'atmosphere': 'positive'}"
99430,99431,Rincon_Persa,5,Positive,review_489479677,My fame had such great fun at this restaurant.,The restaurant was right down the street from our air bnb on Floridablanca.     The hosts were fantastic.  We asked them to bring a selection of their best for our group of 7.  It was reasonable and very very good.  But most of all we enjoyed...,The restaurant was right down the street from our air bnb on Floridablanca. The hosts were fantastic. We asked them to bring a selection of their best for our group of 7. It was reasonable and very very good. But most of all we enjoyed being there as we felt like we were at a family dinner. It is just fun without pretension and a change from tapas when you have had one tapas over the line,"May 31, 2017",Barcelona_Catalonia,https://www.tripadvisor.com/Restaurant_Review-g187497-d1656678-Reviews-or30-Rincon_Persa-Barcelona_Catalonia.html,UID_42535,"{'location': 'positive', 'service': 'positive', 'food': 'positive', 'price': 'positive', 'atmosphere': 'positive'}"
321734,321735,La_Tramoia,1,Negative,review_166525712,just dont,"the food was bad and service was slow and uncaring.the waiter brought me the wrong dish and i could see him just waiting with the right one, thinking maybe i would not care to get what i wanted and stay with what i had....","the food was bad and service was slow and uncaring. the waiter brought me the wrong dish and i could see him just waiting with the right one, thinking maybe i would not care to get what i wanted and stay with what i had. when i did get what i wanted i was very disappointed, all three dishes had not taste and no smell, like something out of a can.","July 6, 2013",Barcelona_Catalonia,https://www.tripadvisor.com/Restaurant_Review-g187497-d1021981-Reviews-or410-La_Tramoia-Barcelona_Catalonia.html,UID_146015,"{'food': 'negative', 'service': 'negative', 'waiter': 'negative'}"
272011,272012,LABARRA_Westside,5,Positive,review_587445749,"Great tapas, wine, environment and service! Amazing Group Menu 30€!","I went with my friends to this place for dinner and could not have enjoyed it more. Great tapas, wonderful place and environment, good service, amazing wine. Definitely will recommend to anyone!","I went with my friends to this place for dinner and could not have enjoyed it more. Great tapas, wonderful place and environment, good service, amazing wine. Definitely will recommend to anyone!","June 14, 2018",Barcelona_Catalonia,https://www.tripadvisor.com/Restaurant_Review-g187497-d5264443-Reviews-or30-LABARRA_Westside-Barcelona_Catalonia.html,UID_15732,"{'tapas': 'positive', 'atmosphere': 'positive', 'service': 'positive', 'wine': 'positive'}"
309082,309083,Trobador_Rambla_Catalunya,5,Positive,review_383967879,Had a lovely lunch outside.,Huge gin & tonic! Had a lovely light lunch but then fell to temptation with delicious desserts.It was good to have lunch and watch the busy movement of people go by- as we were so relaxed!,Huge gin & tonic! Had a lovely light lunch but then fell to temptation with delicious desserts.It was good to have lunch and watch the busy movement of people go by- as we were so relaxed!,"June 19, 2016",Barcelona_Catalonia,https://www.tripadvisor.com/Restaurant_Review-g187497-d804907-Reviews-or130-Trobador_Rambla_Catalunya-Barcelona_Catalonia.html,UID_116366,"{'gin & tonic': 'positive', 'lunch': 'positive', 'desserts': 'positive', 'atmosphere': 'positive'}"
165722,165723,Pla_Restaurant,5,Positive,review_308081482,Delicious meal in Gothic Quarter!,"We had a delicious dinner here and thoroughly enjoyed it. There was very personal attention and waiters were helpful and accommodating. My husband had lamb cutlets and I had a veg barley risotto, which was wonderful (albeit the portion was a bit small). It is...","We had a delicious dinner here and thoroughly enjoyed it. There was very personal attention and waiters were helpful and accommodating. My husband had lamb cutlets and I had a veg barley risotto, which was wonderful (albeit the portion was a bit small). It is also quite pricey for the size portion you get. Nonetheless, beautiful decor, lovely ambiance and delicious food.","September 8, 2015",Barcelona_Catalonia,https://www.tripadvisor.com/Restaurant_Review-g187497-d803281-Reviews-or310-Pla_Restaurant-Barcelona_Catalonia.html,UID_119421,"{'dinner': 'positive', 'service': 'positive', 'lamb cutlets': 'positive', 'veg barley risotto': 'positive', 'portion size': 'negative', 'price': 'negative', 'decor': 'positive', 'ambiance': 'positive', 'food': 'positive'}"
308285,308286,Five_Guys,4,Positive,review_611829555,As good as fast food gets ,"If you want a great fast food experience this is as good as it gets. Clean location, good and fast service. The burger was amazing. This is high quality fast food.","If you want a great fast food experience this is as good as it gets. Clean location, good and fast service. The burger was amazing. This is high quality fast food.","August 29, 2018",Barcelona_Catalonia,https://www.tripadvisor.com/Restaurant_Review-g187497-d14049305-Reviews-or10-Five_Guys-Barcelona_Catalonia.html,UID_186798,"{'fast food experience': 'positive', 'cleanliness': 'positive', 'service': 'positive', 'burger': 'positive', 'food quality': 'positive'}"
379937,379938,Burger_King,5,Positive,review_638085265,Tasty burgers ,"This Burger King is located right across the street from Sagrada Familia. I went twice and each time I went the Whopper tasted good (better than the Big Mac at a local McDonald’s.) The lobby is small, but the cashier’s I met were relatively friendly...","This Burger King is located right across the street from Sagrada Familia. I went twice and each time I went the Whopper tasted good (better than the Big Mac at a local McDonald’s.) The lobby is small, but the cashier’s I met were relatively friendly and at least one each time I visited spoke English. The transactions were quick and convenient, and they have a larger dining room upstairs with a soft drink machine and restrooms. ","December 7, 2018",Barcelona_Catalonia,https://www.tripadvisor.com/Restaurant_Review-g187497-d8830076-Reviews-Burger_King-Barcelona_Catalonia.html,UID_66847,"{'location': 'positive', 'whopper': 'positive', 'lobby size': 'negative', 'service': 'positive', 'transaction speed': 'positive', 'dining room': 'positive', 'facilities': 'positive'}"
378591,378592,Palo_Santo,4,Positive,review_320200505,"Great food, shame about...","Just enjoyed a really fantastic meal here this evening. Was such a shame that the personnel (actually, just one person) went out of their way to make our evening as unpleasant as possible. I thought it might just have been us, but the same man...","Just enjoyed a really fantastic meal here this evening. Was such a shame that the personnel (actually, just one person) went out of their way to make our evening as unpleasant as possible. I thought it might just have been us, but the same man managed to be rude to all the tables around us. Can't disagree with the other reviews - this is a fantastic restaurant m: just hope the moody bloke gets over it fast or moves on very soon indeed.","October 19, 2015",Barcelona_Catalonia,https://www.tripadvisor.com/Restaurant_Review-g187497-d7021650-Reviews-or100-Palo_Santo-Barcelona_Catalonia.html,UID_9204,"{'meal': 'positive', 'service': 'negative', 'atmosphere': 'negative'}"
421093,421094,Paisano_Bistro,5,Positive,review_639926379,Super nice cafe,We ordered lasagne and omelet. The food is great and the service is also very good. Extremely ecommend!,We ordered lasagne and omelet. The food is great and the service is also very good. Extremely ecommend!,"December 16, 2018",Barcelona_Catalonia,https://www.tripadvisor.com/Restaurant_Review-g187497-d11896302-Reviews-or130-Paisano_Bistro-Barcelona_Catalonia.html,UID_229228,"{'lasagne': 'positive', 'omelet': 'positive', 'food': 'positive', 'service': 'positive'}"
193965,193966,Cafe_Godot,4,Positive,review_358812415,Nice place to experience a cafe... With kids,First day in Barcelona. Good Friday Holiday. Godot is open in the evening. Separate room with 2 large tables and benches accommodates us (2 children) and another party (4 adults... Multiple children) very comfortably. Local beer recommendaded by a friendly young waitress on target. Delicious...,First day in Barcelona. Good Friday Holiday. Godot is open in the evening. Separate room with 2 large tables and benches accommodates us (2 children) and another party (4 adults... Multiple children) very comfortably. Local beer recommendaded by a friendly young waitress on target. Delicious croquettes. Olives. Bread. Ah! Barcelona...,"March 26, 2016",Barcelona_Catalonia,https://www.tripadvisor.com/Restaurant_Review-g187497-d4414683-Reviews-or50-Cafe_Godot-Barcelona_Catalonia.html,UID_124142,"{'location': 'positive', 'atmosphere': 'positive', 'service': 'positive', 'beer': 'positive', 'food': 'positive'}"
30578,30579,Bicos,5,Positive,review_635376448,10/10,"Absolutely delicious food and romantic atmosphere. Small, cozy restaurant and kind staff. Would recommend this place to anyone, well priced and delicious!!","Absolutely delicious food and romantic atmosphere. Small, cozy restaurant and kind staff. Would recommend this place to anyone, well priced and delicious!!","November 24, 2018",Barcelona_Catalonia,https://www.tripadvisor.com/Restaurant_Review-g187497-d13436103-Reviews-or60-Bicos-Barcelona_Catalonia.html,UID_27359,"{'food': 'positive', 'atmosphere': 'positive', 'restaurant': 'positive', 'staff': 'positive', 'price': 'positive'}"
104774,104775,Flaherty_s_Irish_Pub_Barcelona,3,Negative,review_476326115,Great sportsbar,This bar is the place if you want to watch Football or Formula-1I booked a table but when I got there there were no table avaliable. I took a chair and saw the Bahrain GP which was fine.I did not try the food...,This bar is the place if you want to watch Football or Formula-1 I booked a table but when I got there there were no table avaliable. I took a chair and saw the Bahrain GP which was fine. I did not try the food or drinks since I had no table  Be there in time for the game you want to see,"April 17, 2017",Barcelona_Catalonia,https://www.tripadvisor.com/Restaurant_Review-g187497-d1898196-Reviews-or460-Flaherty_s_Irish_Pub_Barcelona-Barcelona_Catalonia.html,UID_82530,"{'booking': 'negative', 'atmosphere': 'positive', 'food': 'neutral', 'drinks': 'neutral'}"
19477,19478,Sensi_Bistro_Barcelona,5,Positive,review_445490733,Amazing food and great atmosphere - 10/10,"My partner and I (along with our sleeping 8 month old) went to Sensi Bistro last night. Firstly they were very accommodating, the restaurant is quite small but they managed to find a place for us to eat with the pushchair alongside us.The staff...","My partner and I (along with our sleeping 8 month old) went to Sensi Bistro last night.  Firstly they were very accommodating, the restaurant is quite small but they managed to find a place for us to eat with the pushchair alongside us. The staff were very friendly and our waiter listened to our likes and dislikes and bought us out 5 dishes. All were cooked to perfection, time was taken to explain what the dish was when it arrived and it wasn't all delivered at once, just how it should be. In terms of value for money my partner and I always guess what the bill will come to and then state how much we would be happy to pay. The meal came to €85 and I said I would have been happy to pay around €120.  Along with food I had a gin and tonic (Hendricks), a mojito and my partner had a rose and a lemonade. Enjoy!","December 19, 2016",Barcelona_Catalonia,https://www.tripadvisor.com/Restaurant_Review-g187497-d3863259-Reviews-or460-Sensi_Bistro_Barcelona-Barcelona_Catalonia.html,UID_17952,"{'accommodation': 'positive', 'restaurant size': 'neutral', 'staff': 'positive', 'service': 'positive', 'food': 'positive', 'timing': 'positive', 'value for money': 'positive', 'drinks': 'neutral'}"
224166,224167,Ale_Hop,3,Negative,review_634822745,Nice and chilled atmosphere ,"Perfect place to drink a beer and eat something “para picar” with friends. The location is tiny but nice, good choice of beers and food. Great location, it makes it a smart relaxing point after a day around the city.","Perfect place to drink a beer and eat something “para picar” with friends. The location is tiny but nice, good choice of beers and food. Great location, it makes it a smart relaxing point after a day around the city.","November 21, 2018",Barcelona_Catalonia,https://www.tripadvisor.com/Restaurant_Review-g187497-d5536164-Reviews-Ale_Hop-Barcelona_Catalonia.html,UID_149462,"{'beer': 'positive', 'food': 'positive', 'location': 'positive', 'atmosphere': 'positive'}"
343493,343494,Goiko_Aribau_113,3,Negative,review_524622087,Good environment and food but noisy,The food was ok. All waiters were on training tough but they were very kind and helpful. Environment very noise and it was not packed.. bad noise isolation..,The food was ok. All waiters were on training tough but they were very kind and helpful. Environment very noise and it was not packed.. bad noise isolation..,"September 15, 2017",Barcelona_Catalonia,https://www.tripadvisor.com/Restaurant_Review-g187497-d12874563-Reviews-or30-Goiko_Aribau_113-Barcelona_Catalonia.html,UID_187571,"{'food': 'neutral', 'service': 'positive', 'atmosphere': 'negative'}"
121895,121896,La_Flauta,5,Positive,review_142467934,Wait patiently.. It is worth the while!,"Me and my partner came accross this restaurant through the tripadvisor Barcelona Guide! This was such a nice surprise, after dining at an awful tapas place. When waiting for the table, you can see the fresh sea food and notice that the kitchen is very...","Me and my partner came accross this restaurant through the tripadvisor Barcelona Guide! This was such a nice surprise, after dining at an awful tapas place. When waiting for the table, you can see the fresh sea food and notice that the kitchen is very clean. Worm recomendations: prawns, baby squid, asparaguse and mushrooms, tomato bread and the serlion with green peper! Our nice waiter recomended on a great rioja wine and we had a great time!:)  Dont get excited by the waiting... In 10 minutes or so you'll be sitted.","October 10, 2012",Barcelona_Catalonia,https://www.tripadvisor.com/Restaurant_Review-g187497-d787824-Reviews-or1140-La_Flauta-Barcelona_Catalonia.html,UID_93267,"{'restaurant discovery': 'positive', 'previous restaurant experience': 'negative', 'wait time': 'positive', 'seafood': 'positive', 'kitchen cleanliness': 'positive', 'prawns': 'positive', 'baby squid': 'positive', 'asparagus': 'positive', 'mushrooms': 'positive', 'tomato bread': 'positive', 'sirloin with green pepper': 'positive', 'service': 'positive', 'wine': 'positive', 'overall experience': 'positive'}"
414562,414563,La_Perillosa,5,Positive,review_357843240,What a gem,"We were happy to find this place! All food was simply delicious, served beautifully and with a nice attentive smile. Great place!","We were happy to find this place! All food was simply delicious, served beautifully and with a nice attentive smile. Great place!","March 23, 2016",Barcelona_Catalonia,https://www.tripadvisor.com/Restaurant_Review-g187497-d8451258-Reviews-or40-La_Perillosa-Barcelona_Catalonia.html,UID_108056,"{'food': 'positive', 'service': 'positive', 'atmosphere': 'positive'}"
278224,278225,4_Gats,2,Negative,review_144488119,Interesting setting - poor service,"We had been advised that this is a good place for a group and as we were a group of 12 wanting to get together for a ""last night in Barcelona"" dinner, this seemed like the idea place.First problem was the waiter rather rudely...","We had been advised that this is a good place for a group and as we were a group of 12 wanting to get together for a ""last night in Barcelona"" dinner, this seemed like the idea place. First problem was the waiter rather rudely stating that there would be no splitting of bills! Understandable policy but his attitude was awful. Some time later and after speaking to someone else ,he compromised and said we could use several credit cards if we did the bill splitting ourselves! Service was slow and unhelpful and the food was OK but not special. The room was very hot and stuffy (we were tucked into a corner) and half way through the meal, a pianist sat down within arm's length of our table and started playing very loudly. Totally eliminating the possibility of talk. We left without dessert or coffee.","November 4, 2012",Barcelona_Catalonia,https://www.tripadvisor.com/Restaurant_Review-g187497-d896759-Reviews-or1850-4_Gats-Barcelona_Catalonia.html,UID_141801,"{'group accommodation': 'positive', 'service': 'negative', 'food': 'neutral', 'atmosphere': 'negative', 'music': 'negative', 'dessert and coffee': 'neutral'}"
109242,109243,Teresa_Carles,2,Negative,review_691072275,Breakfast here is so much less then flax & kale,We have at least 2 times a week breakfast at flax & kale for the last 5 years.For a change we went to teresa carles ...big mistake my scandol scramble was cold the granola parfait was only with a few grapes instead of red...,"We have at least 2 times a week breakfast at flax & kale for the last 5 years. For a change we went to teresa carles ...big mistake my scandol scramble was cold the granola parfait was only with a few grapes instead of red fruit as we always get it. the smell of onions in the whole restaurant and the service was so bad. I think the management of flax and kale should check this place better,the diffirence is so big.","July 20, 2019",Barcelona_Catalonia,https://www.tripadvisor.com/Restaurant_Review-g187497-d2075668-Reviews-or60-Teresa_Carles-Barcelona_Catalonia.html,UID_61181,"{'frequency of visits': 'positive', 'flax & kale': 'positive', 'teresa carles': 'negative', 'scandol scramble': 'negative', 'granola parfait': 'negative', 'atmosphere': 'negative', 'service': 'negative', 'management': 'negative'}"
425472,425473,Milk_Bar_Bistro,1,Negative,review_431910833,Poor waiting service ,It was a lovely little bar but the waiter didn't have a clue what he was doing. We only went on for a couple of drinks to start off the night yet he came up to us on numerous occasions asking if we wanted food....,It was a lovely little bar but the waiter didn't have a clue what he was doing. We only went on for a couple of drinks to start off the night yet he came up to us on numerous occasions asking if we wanted food. Even after we said no he tried serve us the food for another table even though we made it clear we weren't eating there. ,"October 26, 2016",Barcelona_Catalonia,https://www.tripadvisor.com/Restaurant_Review-g187497-d1122768-Reviews-or900-Milk_Bar_Bistro-Barcelona_Catalonia.html,UID_231455,"{'bar': 'positive', 'service': 'negative'}"
370158,370159,7_Portes,5,Positive,review_286065634,Lovely restaurant!,My boyfriend planned a visit to this restaurant for me and I loved it! We are both 21 and I thought it was going to be a lot more expensive than it actually was which i was conscious about as we was trying to save...,"My boyfriend planned a visit to this restaurant for me and I loved it! We are both 21 and I thought it was going to be a lot more expensive than it actually was which i was conscious about as we was trying to save money. The paella was around $20 each but you got lots and it was easily the best paella I had when in Barcelona. Most places in barcelona had cheap food but the drinks were ridiculously expensive, here this was not a problem. I got a lovely glass of rose wine for $2.90, and a litre of water for the table was only $3. Do be aware that they bring you bread, olive oil and olives to the table after you have ordered which you have to pay a small amount for so you might not want to order a starter because of this. The restaurant overall has a very classy feel to it, with a pianist playing in the centre of the restaurant. I'd advise everyone to take a visit there when they're in Barcelona as I couldn't fault it at all and it was easily the best meal we had!","July 6, 2015",Barcelona_Catalonia,https://www.tripadvisor.com/Restaurant_Review-g187497-d697396-Reviews-or1760-7_Portes-Barcelona_Catalonia.html,UID_209195,"{'planning': 'positive', 'price': 'positive', 'paella': 'positive', 'drinks': 'positive', 'wine': 'positive', 'water': 'positive', 'bread': 'neutral', 'olive oil': 'neutral', 'olives': 'neutral', 'atmosphere': 'positive', 'music': 'positive', 'recommendation': 'positive', 'meal': 'positive'}"
246373,246374,Restaurante_Mordisco,2,Negative,review_457191154,"Very Disappointed,....","Good location, great food shame about the rude and inattentive staff,... straight away after setting foot in the door no mention of good evening or welcome was offered. Simply hustled to our seats, courses where mixed up, (mains came before starters) cutlery missing, slow service...","Good location, great food shame about the rude and inattentive staff,... straight away after setting foot in the door no mention of good evening or welcome was offered. Simply hustled to our seats, courses where mixed up, (mains came before starters) cutlery missing, slow service and a VERY rude manager/hostess all lead to a very disappointing date night for my boyfriend and I. What was the most unbelievable was being interrupted mid conversation whilst still finishing our wine to pay the bill. Disgusting behaviour to say the least.  On the plus side, the Cerviche was simply devine. ","February 4, 2017",Barcelona_Catalonia,https://www.tripadvisor.com/Restaurant_Review-g187497-d1948809-Reviews-or80-Restaurante_Mordisco-Barcelona_Catalonia.html,UID_159996,"{'location': 'positive', 'food': 'positive', 'service': 'negative', 'staff': 'negative', 'welcome': 'negative', 'seating': 'negative', 'course order': 'negative', 'cutlery': 'negative', 'manager/hostess': 'negative', 'date night experience': 'negative', 'payment experience': 'negative', 'cerviche': 'positive'}"
118758,118759,Chill_Bar_Barcelona,5,Positive,review_297843699,Awesome!,"Great food, kind staff.. everything is great. It's very close to sagrada familia you can have lunch or dinner here.","Great food, kind staff.. everything is great. It's very close to sagrada familia you can have lunch or dinner here.","August 11, 2015",Barcelona_Catalonia,https://www.tripadvisor.com/Restaurant_Review-g187497-d1945669-Reviews-or340-Chill_Bar_Barcelona-Barcelona_Catalonia.html,UID_82234,"{'food': 'positive', 'staff': 'positive', 'location': 'positive'}"
85585,85586,Vinitus,5,Positive,review_646040773,Best Tapas We Had In Spain,We found the food and service here excellent.  A mixed tapas was our selection and it did not disappoint. The Iberian Ham was to die for - as were the hot tapas. The Spanish wines suggested by the waiter complimented our food. And the cost...,We found the food and service here excellent. A mixed tapas was our selection and it did not disappoint. The Iberian Ham was to die for - as were the hot tapas. The Spanish wines suggested by the waiter complimented our food. And the cost was surprisingly reasonable.,"January 15, 2019",Barcelona_Catalonia,https://www.tripadvisor.com/Restaurant_Review-g187497-d1228300-Reviews-or280-Vinitus-Barcelona_Catalonia.html,UID_69394,"{'food': 'positive', 'service': 'positive', 'tapas': 'positive', 'iberian ham': 'positive', 'hot tapas': 'positive', 'wine': 'positive', 'price': 'positive'}"
204173,204174,Fabrica_Moritz_Barcelona,2,Negative,review_164780828,Not so lucky 2nd time,We went as a group of 6 as we had this restaurant recommended to us for lunch. Our waitress Nuria was amazing.we all had amazing food and some really good sangria. A few days later my husband and I went back on our own. This...,We went as a group of 6 as we had this restaurant recommended to us for lunch. Our waitress Nuria was amazing.we all had amazing food and some really good sangria. A few days later my husband and I went back on our own. This time was an actual nightmare. We ordered a starter and we both ordered sandwiches for entree. We got my husbands sandwich first. When we asked our waitress for our starter she replied that we will get it soon. Starter arrived and 20 minutes later I had to ask for my sandwich. I had ordered the exact same sandwich as on previous visit. When she brought out sandwich I could not even bite into bread as it was so hard. We asked for check and then got overcharged. When we asked about this we were told that we had been given an old menu......... We paid but would not recommend this restaurant to anyone. ,"June 22, 2013",Barcelona_Catalonia,https://www.tripadvisor.com/Restaurant_Review-g187497-d1079745-Reviews-or530-Fabrica_Moritz_Barcelona-Barcelona_Catalonia.html,UID_134591,"{'group dining': 'positive', 'waitress': 'positive', 'food': 'positive', 'sangria': 'positive', 'service': 'negative', 'wait time': 'negative', 'sandwich': 'negative', 'price': 'negative'}"
111452,111453,CocoVail_Beer_Hall,5,Positive,review_441337330,Very nice!!!,Very nice lunch menu. The place was not busy but I believe because it was a little late. The staff really good and helpful. The waitress was 5 stars. I will try to come back before leave BCN. Worthy!!!!,Very nice lunch menu. The place was not busy but I believe because it was a little late. The staff really good and helpful. The waitress was 5 stars. I will try to come back before leave BCN. Worthy!!!!,"December 1, 2016",Barcelona_Catalonia,https://www.tripadvisor.com/Restaurant_Review-g187497-d10744808-Reviews-or230-CocoVail_Beer_Hall-Barcelona_Catalonia.html,UID_86716,"{'lunch menu': 'positive', 'busyness': 'neutral', 'staff': 'positive', 'waitress': 'positive', 'return intention': 'positive'}"
138517,138518,Mirabe,5,Positive,review_476537855,Perfect location,If you want a very nice out with spectacular view then this is a place to visit. The staff were very friendly and the food was very good. You won't believe the views.,If you want a very nice out with spectacular view then this is a place to visit. The staff were very friendly and the food was very good. You won't believe the views.,"April 17, 2017",Barcelona_Catalonia,https://www.tripadvisor.com/Restaurant_Review-g187497-d997434-Reviews-or170-Mirabe-Barcelona_Catalonia.html,UID_103394,"{'view': 'positive', 'staff': 'positive', 'food': 'positive'}"
235080,235081,L_Antic_Forn,3,Negative,review_349746038,Cheap but quite ordinary,We had three course lunch with wine and dessert. Food was not very tasty but service was fast and friendly. Total cost of lunch was 26 euros for two persons.,We had three course lunch with wine and dessert. Food was not very tasty but service was fast and friendly. Total cost of lunch was 26 euros for two persons.,"February 21, 2016",Barcelona_Catalonia,https://www.tripadvisor.com/Restaurant_Review-g187497-d2018187-Reviews-or30-L_Antic_Forn-Barcelona_Catalonia.html,UID_49609,"{'food': 'negative', 'service': 'positive', 'price': 'positive'}"
54048,54049,Cera_23,5,Positive,review_211619253,Best service,The staff in this restaurant are fantastic! Served a large group of us and were so lovely! Thank you for making our night guys! Food-amazing!,The staff in this restaurant are fantastic! Served a large group of us and were so lovely! Thank you for making our night guys! Food-amazing!,"June 23, 2014",Barcelona_Catalonia,https://www.tripadvisor.com/Restaurant_Review-g187497-d2314335-Reviews-or1580-Cera_23-Barcelona_Catalonia.html,UID_46125,"{'staff': 'positive', 'service': 'positive', 'food': 'positive'}"
177705,177706,EL_Argentino,4,Positive,review_240451442,el argentino,"that was a good night in El Argentino, we eat very good meet, and we have fun with the service, very recomendable place!","that was a good night in El Argentino, we eat very good meet, and we have fun with the service, very recomendable place!","November 18, 2014",Barcelona_Catalonia,https://www.tripadvisor.com/Restaurant_Review-g187497-d3774084-Reviews-or120-EL_Argentino-Barcelona_Catalonia.html,UID_60151,"{'restaurant': 'positive', 'meat': 'positive', 'service': 'positive'}"
358515,358516,Bar_El_Kit_Kat,1,Negative,review_225526120,Bad service and warm flat beer,"they made my friend wait a long time for service.  On the brink of waking out she finally got served, on seconds thought it would have been better to walk out.The beer wasn't very cold and was pretty flat.  It's the first time I've...","they made my friend wait a long time for service. On the brink of waking out she finally got served, on seconds thought it would have been better to walk out. The beer wasn't very cold and was pretty flat. It's the first time I've walked away from a beer because it just wasn't worth drinking. Could have been a bad day but ignoring a customer is just bad business.","August 30, 2014",Barcelona_Catalonia,https://www.tripadvisor.com/Restaurant_Review-g187497-d4350816-Reviews-Bar_El_Kit_Kat-Barcelona_Catalonia.html,UID_169572,"{'wait time': 'negative', 'service': 'negative', 'beer': 'negative', 'business practices': 'negative'}"
9193,9194,Viana,4,Positive,review_525238594,Spanish cuisine with an Asian touch,"First of all you must book for this restaurant, it is a small restaurant with limited number of tables. We had only tapas to share and they were very good. They were a good and refreshing combination of Spanish traditional tapas with some asian fusion...","First of all you must book for this restaurant, it is a small restaurant with limited number of tables. We had only tapas to share and they were very good. They were a good and refreshing combination of Spanish traditional tapas with some asian fusion (mango and coconuts) .  Service wise it is was very good: very quick and helpful.","September 17, 2017",Barcelona_Catalonia,https://www.tripadvisor.com/Restaurant_Review-g187497-d8531409-Reviews-or1050-Viana-Barcelona_Catalonia.html,UID_8701,"{'booking': 'neutral', 'restaurant size': 'neutral', 'tapas': 'positive', 'food fusion': 'positive', 'service': 'positive'}"
180065,180066,Santagustina,5,Positive,review_503236372,Wonderful place with great food!,"Love this place went on first night  and my last night in Barcelona as the food was so good, great wine choices and good service!","Love this place went on first night  and my last night in Barcelona as the food was so good, great wine choices and good service!","July 18, 2017",Barcelona_Catalonia,https://www.tripadvisor.com/Restaurant_Review-g187497-d8026826-Reviews-or150-Santagustina-Barcelona_Catalonia.html,UID_127145,"{'place': 'positive', 'food': 'positive', 'wine': 'positive', 'service': 'positive'}"
305485,305486,Cafe_Sabor,4,Positive,review_419099857,Breakfast stop,"This is a tiny authentic cafe that we liked.Miss matched chairs, busy, friendly, good coffee and sandwich.","This is a tiny authentic cafe that we liked.Miss matched chairs, busy, friendly, good coffee and sandwich.","September 16, 2016",Barcelona_Catalonia,https://www.tripadvisor.com/Restaurant_Review-g187497-d7341125-Reviews-or10-Cafe_Sabor-Barcelona_Catalonia.html,UID_18557,"{'size': 'neutral', 'authenticity': 'positive', 'atmosphere': 'positive', 'service': 'positive', 'coffee': 'positive', 'sandwich': 'positive'}"
164745,164746,Asador_de_Aranda,4,Positive,review_599255721,Meat in a grand old environment above the city,"After several days of amazing fish and seafood, and the high energy of the city we wanted something different, meat focused and calm - Asador de Aranda in Tibidabo gave us that.Situated in what was obviously a wealthy neighborhood above the city, the restaurant...","After several days of amazing fish and seafood, and the high energy of the city we wanted something different, meat focused and calm - Asador de Aranda in Tibidabo gave us that. Situated in what was obviously a wealthy neighborhood above the city, the restaurant is in an old and large villa of architectural merit. The interior is very interesting, but its the outdoor courtyard and terraces that are a wonderful place to dine. The menu is very meat focused, and ALL parts of the animal are used and served - this is not the place for a vegetarian, or someone who might be squeamish about animal heads looking back at them off the plate. The suckling pig and lamb was tremendous, as were the multiple meat based appetizers we tried. They do have English menu's, but the english of the wait staff was limited, which made for some fun moments when attempting to order cocktails. I would say most of the patrons were local/Spanish speakers. As with every restaurant we at at in Barcelona and Sitges, the wait staff were very friendly, yet professional. I would recommend it if you want to get out of the high activity of the city, and you like meat in ALL its forms.","July 24, 2018",Barcelona_Catalonia,https://www.tripadvisor.com/Restaurant_Review-g187497-d969312-Reviews-or40-Asador_de_Aranda-Barcelona_Catalonia.html,UID_118865,"{'fish and seafood': 'positive', 'city energy': 'positive', 'meat': 'positive', 'atmosphere': 'positive', 'location': 'positive', 'architecture': 'positive', 'outdoor dining': 'positive', 'menu': 'positive', 'suckling pig and lamb': 'positive', 'appetizers': 'positive', 'english menus': 'positive', 'service': 'positive', 'staff language skills': 'negative', 'clientele': 'neutral'}"
131255,131256,Bar_Centro_Burgers_Craft_Beer,1,Negative,review_398262590,Never again!,We are a group of expats in Barcelona that meet once a month. Yesterday we came to Bar Centro I was felt abosolutely dissapointed.We were a small group of 12/15 but not everybody came at the same time. After ordering 2 craft beers and...,"We are a group of expats in Barcelona that meet once a month. Yesterday we came to Bar Centro I was felt abosolutely dissapointed. We were a small group of 12/15 but not everybody came at the same time. After ordering 2 craft beers and a cocacola (we were 3 people in that moment), my friends started to come, but the owner said No not possible, because some of them are ordering soft drinks and water.... What?  We didn't book, because we expected few people for the meeting, but the bar was completely empty, nobody inside, and they invite us to go out. Even didn't have to order anything and of course we didn't food, the meeting was at 19.30 and we in Spain, where we normally dinner a bit late. PS: The craft beer was good, the experience horrible. I put 5 start on the food, due we didn't tasted the but don't want to influence anybody for the food, just fo the experience.","July 27, 2016",Barcelona_Catalonia,https://www.tripadvisor.com/Restaurant_Review-g187497-d6778563-Reviews-or130-Bar_Centro_Burgers_Craft_Beer-Barcelona_Catalonia.html,UID_98894,"{'group accommodation': 'negative', 'service': 'negative', 'atmosphere': 'negative', 'craft beer': 'positive', 'food': 'neutral'}"
107632,107633,Mino,2,Negative,review_275889150,Put me off paella,I decided to try this because it had quite good reviews but this place was really not for me. The rice was crunchy and not properly cooked through and the ingredients felt cheap. Pork used was mostly bone and fat. Most of the diners were...,I decided to try this because it had quite good reviews but this place was really not for me. The rice was crunchy and not properly cooked through and the ingredients felt cheap. Pork used was mostly bone and fat. Most of the diners were tourists but the staff were not able to tell me in English what was the fish of the day. Was not inclined to stay for dessert.,"May 31, 2015",Barcelona_Catalonia,https://www.tripadvisor.com/Restaurant_Review-g187497-d6480593-Reviews-or240-Mino-Barcelona_Catalonia.html,UID_84275,"{'reviews': 'positive', 'overall experience': 'negative', 'rice': 'negative', 'ingredients': 'negative', 'pork': 'negative', 'clientele': 'neutral', 'service': 'negative', 'language skills': 'negative', 'dessert': 'neutral'}"
21973,21974,Arcano,5,Positive,review_570592590,"Nice Place, Friendly Staff, Great Food",My friend and I went here and had a wonderful experience! The menu is small but there is still something for everyone.,My friend and I went here and had a wonderful experience! The menu is small but there is still something for everyone.,"April 2, 2018",Barcelona_Catalonia,https://www.tripadvisor.com/Restaurant_Review-g187497-d986234-Reviews-or410-Arcano-Barcelona_Catalonia.html,UID_20103,"{'menu': 'positive', 'experience': 'positive'}"
268268,268269,La_Muscleria,4,Positive,review_371241763,FANTASTIC muscles!!! Must try! Best taste ever .,"The muscles are simply No Words ! Its the best restaurant in Barcelona for such dish.The only disadvantage - the waiter didn't understood English AT ALL! He brouht wrong wine, wrong muscles....:) bust as All was still very tasty..we were not so much upset.","The muscles are simply No Words ! Its the best restaurant in Barcelona for such dish.The only disadvantage - the waiter didn't understood English AT ALL! He brouht wrong wine, wrong muscles....:) bust as All was still very tasty..we were not so much upset.","May 8, 2016",Barcelona_Catalonia,https://www.tripadvisor.com/Restaurant_Review-g187497-d1061193-Reviews-or90-La_Muscleria-Barcelona_Catalonia.html,UID_169667,"{'muscles': 'positive', 'restaurant': 'positive', 'service': 'negative', 'wine': 'negative'}"
391262,391263,Bar_Upiaywasi,1,Negative,review_173392502,Dreadful,"They messed up our simple order because of a system failure. But hey, no-one's perfect so we decided to wait. Then, after an hour and without apologies, arrived our tasteless patatas bravas. A bit later, two horrible burritos, starter portion, yet main-course price. Red wine...","They messed up our simple order because of a system failure. But hey, no-one's perfect so we decided to wait. Then, after an hour and without apologies, arrived our tasteless patatas bravas. A bit later, two horrible burritos, starter portion, yet main-course price. Red wine was ok. Cava mediocre. Avoid this place...","August 21, 2013",Barcelona_Catalonia,https://www.tripadvisor.com/Restaurant_Review-g187497-d2256948-Reviews-or60-Bar_Upiaywasi-Barcelona_Catalonia.html,UID_140407,"{'order accuracy': 'negative', 'system': 'negative', 'wait time': 'negative', 'service': 'negative', 'patatas bravas': 'negative', 'burritos': 'negative', 'portion size': 'negative', 'price': 'negative', 'red wine': 'neutral', 'cava': 'negative'}"
308827,308828,La_Mezcla_24H,1,Negative,review_607211544,Seattle guy,"This place is a scam!!!! If you can read English or even translate, plz DONT COME OR CALL THIS PLACE!!! even if your life depends on it. They take advantage of tourists, taking orders and not delivering. Sketchiest place ever!!! Go anywhere, go back to...","This place is a scam!!!! If you can read English or even translate, plz DONT COME OR CALL THIS PLACE!!! even if your life depends on it. They take advantage of tourists, taking orders and not delivering. Sketchiest place ever!!! Go anywhere, go back to McDonald’s, just not this place!! Not tonight, not EVER!!! Saved you few bucks but most of all a lot of energy. Thank me later ;)","August 16, 2018",Barcelona_Catalonia,https://www.tripadvisor.com/Restaurant_Review-g187497-d13239047-Reviews-La_Mezcla_24H-Barcelona_Catalonia.html,UID_187043,"{'service': 'negative', 'price': 'negative', 'atmosphere': 'negative'}"
376087,376088,Rossini,4,Positive,review_268275274,Mostly very good,"I had the menu of the day and the food was of great quality, I'd recommend the capaccio with mustard ice cream. The service is the only area i can fault this place. We waited over and hour for our starters on a sunday afternoon!","I had the menu of the day and the food was of great quality, I'd recommend the capaccio with mustard ice cream. The service is the only area i can fault this place. We waited over and hour for our starters on a sunday afternoon!","April 27, 2015",Barcelona_Catalonia,https://www.tripadvisor.com/Restaurant_Review-g187497-d1082035-Reviews-or1510-Rossini-Barcelona_Catalonia.html,UID_211174,"{'food': 'positive', 'service': 'negative', 'wait time': 'negative'}"
16421,16422,Beam,4,Positive,review_620402006,Lovely little place ,"Stepping out of the midday sun is this lovely little restaurant providing a cool atmosphere to the weary traveler. Great to see that they cater for vegetarians and gluten free pallets. Lovely food, especially the fresh orange and of course Spanish omelette; well when in...","Stepping out of the midday sun is this lovely little restaurant providing a cool atmosphere to the weary traveler. Great to see that they cater for vegetarians and gluten free pallets. Lovely food, especially the fresh orange and of course Spanish omelette; well when in Spain. English just about!","September 29, 2018",Barcelona_Catalonia,https://www.tripadvisor.com/Restaurant_Review-g187497-d11946494-Reviews-or30-Beam-Barcelona_Catalonia.html,UID_15231,"{'atmosphere': 'positive', 'vegetarian options': 'positive', 'gluten free options': 'positive', 'food': 'positive', 'orange': 'positive', 'spanish omelette': 'positive', 'language': 'neutral'}"
281597,281598,Artespanol_Paella_Tapas,2,Negative,review_286916896,To avoid ,"Sea food is not fresh, food is overly expensive for what it is, service is slow and they systematically charge you for extra items to you didn't order (see the other reviews!)","Sea food is not fresh, food is overly expensive for what it is, service is slow and they systematically charge you for extra items to you didn't order (see the other reviews!)","July 8, 2015",Barcelona_Catalonia,https://www.tripadvisor.com/Restaurant_Review-g187497-d8847397-Reviews-or270-Artespanol_Paella_Tapas-Barcelona_Catalonia.html,UID_8597,"{'sea food': 'negative', 'price': 'negative', 'service': 'negative', 'billing': 'negative'}"
373829,373830,Rossini,4,Positive,review_390460482,Our first taste of Barcelona,"After arriving late in Barcelona, we dropped off our luggage and went in search of a couple places I had found on here beforehand.  Instead of going to one of those places, we wandered into a beautiful courtyard full of many restaurants.  After checking the...","After arriving late in Barcelona, we dropped off our luggage and went in search of a couple places I had found on here beforehand. Instead of going to one of those places, we wandered into a beautiful courtyard full of many restaurants. After checking the menus we decided to try Rossini's. My husband ordered a burger and fries which were hot and delicious. My youngest ordered pesto penne which was so flavorful and yummy. My other daughter and I shared a hawaiian pizza which was by far the best I have ever had. The pineapple was fresh and the ham had a great flavor. I also ordered a sangria which was by far one of the best I have ever had. We should have gone back again but we ran out of time on our trip. I would have liked to sit outside but with all the smokers my husband felt it would be better for my allergies to sit inside. We had great service so I can't complain.","July 8, 2016",Barcelona_Catalonia,https://www.tripadvisor.com/Restaurant_Review-g187497-d1082035-Reviews-or1120-Rossini-Barcelona_Catalonia.html,UID_210415,"{'location': 'positive', 'atmosphere': 'positive', 'burger and fries': 'positive', 'pesto penne': 'positive', 'hawaiian pizza': 'positive', 'sangria': 'positive', 'service': 'positive', 'smoking': 'negative'}"
67943,67944,Elsa_y_Fred,4,Positive,review_558681845,Good but Expensive for what You Get,"The restaurant was across the street from  my hotel. It is very trendy, and romantic and perfect for a date night.  I was hungry, and I ordered a cod tapas for $17 and a cup of tea.  The cod was nicely done with a tomato...","The restaurant was across the street from my hotel. It is very trendy, and romantic and perfect for a date night. I was hungry, and I ordered a cod tapas for $17 and a cup of tea. The cod was nicely done with a tomato aspic, but no bread was served with it or anything else. The tea was in a large mug and was nicely served in a tea pot. I was a little underwhelmed. If you ordered several tapas for about $50+, you could have a decent meal. Everything is nicely done, and the decor is great.","February 5, 2018",Barcelona_Catalonia,https://www.tripadvisor.com/Restaurant_Review-g187497-d3265508-Reviews-or350-Elsa_y_Fred-Barcelona_Catalonia.html,UID_56597,"{'location': 'neutral', 'atmosphere': 'positive', 'food': 'neutral', 'cod tapas': 'positive', 'tea': 'positive', 'service': 'neutral', 'price': 'neutral', 'decor': 'positive'}"
8569,8570,Ziryab_Fusion_Tapas_Bar,5,Positive,review_643044410,Amazing restaurant ,Delicious dishes very tasty and great atmosphere. You won’t be disappointed! I totally recommend this place.,Delicious dishes very tasty and great atmosphere. You won’t be disappointed! I totally recommend this place.,"January 2, 2019",Barcelona_Catalonia,https://www.tripadvisor.com/Restaurant_Review-g187497-d7302930-Reviews-or100-Ziryab_Fusion_Tapas_Bar-Barcelona_Catalonia.html,UID_8114,"{'dishes': 'positive', 'atmosphere': 'positive'}"
342742,342743,Salzburg_Cerveceria,4,Positive,review_491149765,Cheap and tasty burger,"The restaurant's price is really cheap, the original burger with 100gr of beef with fries is only 4€! the food is tasty too, nice amount of portion! staff was friendly, bathroom was cleaned. For me, it is worth","The restaurant's price is really cheap, the original burger with 100gr of beef with fries is only 4€! the food is tasty too, nice amount of portion! staff was friendly, bathroom was cleaned. For me, it is worth","June 6, 2017",Barcelona_Catalonia,https://www.tripadvisor.com/Restaurant_Review-g187497-d3809424-Reviews-or10-Salzburg_Cerveceria-Barcelona_Catalonia.html,UID_88768,"{'price': 'positive', 'burger': 'positive', 'fries': 'positive', 'food': 'positive', 'portion size': 'positive', 'service': 'positive', 'cleanliness': 'positive'}"
125521,125522,Art_i_sa,5,Positive,review_375077882,Delicious hot chocolate and churros,"We were staying on La Rambla and found this cafe on trip advisor, steps away from our hotel.  Fresh churros and traditional hot chocolate.  Small setting but people made room for us at a long table.  Appeared to have more local's which was nice.","We were staying on La Rambla and found this cafe on trip advisor, steps away from our hotel. Fresh churros and traditional hot chocolate. Small setting but people made room for us at a long table. Appeared to have more local's which was nice.","May 21, 2016",Barcelona_Catalonia,https://www.tripadvisor.com/Restaurant_Review-g187497-d2386996-Reviews-or330-Art_i_sa-Barcelona_Catalonia.html,UID_95562,"{'location': 'positive', 'churros': 'positive', 'hot chocolate': 'positive', 'atmosphere': 'positive', 'service': 'positive', 'locals': 'positive'}"
113047,113048,Akashi_Gallery,1,Negative,review_194907282,Big disappointment,"I came to that place because all of the good reviews here, but I must say that from now I won't trust tripadvisor blindly.We came to that restaurant and wait for 20 min for a place to seat, after that we ordered 3 dishes...","I came to that place because all of the good reviews here, but I must say that from now I won't trust tripadvisor blindly. We came to that restaurant and wait for 20 min for a place to seat, after that we ordered 3 dishes of sushi and one misu soup. The soup was ok and the sushi was a big fall, the rice wasn't fresh, and the service was very bad: 1 hour to get all the dishes. I felt that they begrudged submit soy and ginger.","February 21, 2014",Barcelona_Catalonia,https://www.tripadvisor.com/Restaurant_Review-g187497-d3813797-Reviews-or50-Akashi_Gallery-Barcelona_Catalonia.html,UID_87735,"{'reviews': 'negative', 'wait time': 'negative', 'sushi': 'negative', 'soup': 'neutral', 'service': 'negative', 'condiments': 'negative'}"
164426,164427,Out_of_China,3,Negative,review_467128453,"Very good, but you can eat better and more for less","Not your average chinese restaurant in Europe. Excellent service, nice decor, quiet environment. The food is good, but the traditional dishes we tried were no better (just better presented) than in the average chinese restaurant in the average Chinatown of athe average US city. You...","Not your average chinese restaurant in Europe. Excellent service, nice decor, quiet environment. The food is good, but the traditional dishes we tried were no better (just better presented) than in the average chinese restaurant in the average Chinatown of athe average US city. You can see the kitchen, and I do suspect that the quality of ingredient is better and food safety standards significantly better than in such average Chinese. The price tag is all right (about 50 euros for two, with two appetizers, two duck entrees, water and a beer) but not great. I am not sure I will go back. Again not because I didn't eat well, but because I prefer to eat more and equally well for less money. Still if you put a lot of value on service/decor you may definitely try Out of China.","March 13, 2017",Barcelona_Catalonia,https://www.tripadvisor.com/Restaurant_Review-g187497-d751586-Reviews-or80-Out_of_China-Barcelona_Catalonia.html,UID_25128,"{'service': 'positive', 'decor': 'positive', 'atmosphere': 'positive', 'food': 'neutral', 'traditional dishes': 'neutral', 'presentation': 'positive', 'kitchen visibility': 'positive', 'ingredient quality': 'positive', 'food safety': 'positive', 'price': 'neutral', 'value for money': 'negative'}"
355810,355811,L_Oliva,3,Negative,review_233468515,"Perfectly ok, but ate at better places in Barca","We sat upstairs here with a good view over the street below, good for people watching.  The food was perfectly fine, it was near our apartment and we were tired after three days of intensive sight seeing!  I really enjoyed the steak I chose for...","We sat upstairs here with a good view over the street below, good for people watching. The food was perfectly fine, it was near our apartment and we were tired after three days of intensive sight seeing! I really enjoyed the steak I chose for main. Ice cream for pudding a bit disappointing - the menu said a choice and I was expecting interesting gelato but when I said ice cream no choice was offered and chocolate flavour (perfectly nice) came in a plastic cup which lacked a bit of class. It would be fine, and certainly better than the place of the same name on the Rambla that gets its reviews mixed up here, but we ate in better places over the weekend.","October 9, 2014",Barcelona_Catalonia,https://www.tripadvisor.com/Restaurant_Review-g187497-d2385202-Reviews-or100-L_Oliva-Barcelona_Catalonia.html,UID_65827,"{'location': 'positive', 'view': 'positive', 'food': 'positive', 'convenience': 'positive', 'steak': 'positive', 'ice cream': 'negative', 'presentation': 'negative', 'comparison': 'neutral'}"
89523,89524,Paradiso,2,Negative,review_561323721,"Cool Venu, Awful Service, Tiny and Overpriced Cocktails","Initially I went here due to the great reviews, I always tend to use TripAdvisor when I am abroad to visit some great spots. However on this occasion myself and my partner arrived around 10:45pm to the bar on a Wednesday evening to find a...","Initially I went here due to the great reviews, I always tend to use TripAdvisor when I am abroad to visit some great spots. However on this occasion myself and my partner arrived around 10:45pm to the bar on a Wednesday evening to find a queue. This was fine, the doorman was incredibly rude but this didn't actually bother me. After around 25 minutes we were let in by a woman who seemed to be a manager/owner, she was wearing a headset to communicate with the doorman, and was showing people to seats etc. This was all fine. The venue itself was really cool and really pretty although the music they played was a bit pop/cheesy at times which didn't suit the vibe - still no issue with that. The issue came when after being shown to our seats and given a menu, having to then wait around 15 minutes to be seen to. I did try and call the woman who showed us to our seats over, and she eventually came and took our order which was fine. If I had of known table service would be this long I would prefer to have gone to the bar, however this is not possible here. Then after around minutes I called her over and said I had been waiting here for ages and still had no drinks, instead of apologising she very rudely retorted with ' we are busy your drinks are being made'. She eventually brings over the drinks and tells me that the time they were put through on the till was only ' 14 minutes ago, so not ages like you said'. Please bear in mind we had to wait around 15 minutes to have our order taken in the first place. When we received the drinks, this is no exaggeration whatsoever, they were half empty.I was so shocked. My boyfriends cup actually felt empty and we could only see ice, to the point where I went over to the Manager and said this is empty, apparently there was a hole in the straw and this was why he couldn't get any liquid out... however that doesn't change the fact we paid 11euro each for a half empty, bang average cocktail, Now don't get me wrong, I am happy to pay 11 euro for cocktails in really nice venues when they are delicious and plentiful, I live in London so I am used to premium prices for this type of thing and dont mind as I was on holiday. However given the shocking rudeness of the Manager, the quality of the cocktail as well as the poor service, half empty drinks and queue just to get in, I really honestly would avoid this place. I am not one to leave reviews usually unless I feel service is exceptional or terrible, and sadly for this place it is the latter. There are much better venues in Barcelona which are less pretentious and have nicer staff, so whilst the venue is undoubtedly cool, sadly its a no from me!","February 18, 2018",Barcelona_Catalonia,https://www.tripadvisor.com/Restaurant_Review-g187497-d9569889-Reviews-or130-Paradiso-Barcelona_Catalonia.html,UID_72114,"{'reviews': 'positive', 'queue': 'neutral', 'doorman': 'negative', 'wait time': 'negative', 'manager': 'negative', 'venue': 'positive', 'music': 'neutral', 'service': 'negative', 'drinks': 'negative', 'price': 'negative', 'cocktail': 'negative', 'staff': 'negative'}"
398286,398287,Gaft_Gc_Sl,1,Negative,review_620449793,Terrible,Terrible!!! The worst ever. Small not fresh dishes. The rice was burned. Expensive like hell. Not tasty.,Terrible!!! The worst ever. Small not fresh dishes. The rice was burned. Expensive like hell. Not tasty.,"September 29, 2018",Barcelona_Catalonia,https://www.tripadvisor.com/Restaurant_Review-g187497-d10492818-Reviews-Gaft_Gc_Sl-Barcelona_Catalonia.html,UID_129808,"{'food': 'negative', 'rice': 'negative', 'price': 'negative', 'taste': 'negative'}"
304181,304182,La_Taberna_Del_Bierzo,2,Negative,review_714493759,Disappointing ,We went to try the restaurant because it was near the hotel and had good rating on trypadvisor. But it was very disappointing. Poor hygiene and bad food quality (beef entrecote),We went to try the restaurant because it was near the hotel and had good rating on trypadvisor. But it was very disappointing. Poor hygiene and bad food quality (beef entrecote),"October 1, 2019",Barcelona_Catalonia,https://www.tripadvisor.com/Restaurant_Review-g187497-d3344439-Reviews-La_Taberna_Del_Bierzo-Barcelona_Catalonia.html,UID_68021,"{'location': 'positive', 'rating': 'positive', 'hygiene': 'negative', 'food quality': 'negative', 'beef entrecote': 'negative'}"
351341,351342,L_Escamarla_Restaurant,3,Negative,review_521279253,Average restaurant,"this was an average experience, paella was not a proper one looked more like rice with fish on, calamari were okish, the ""pescadido"" probably was the best dish. Again is not bad but definitely not a meal i will remember.","this was an average experience, paella was not a proper one looked more like rice with fish on, calamari were okish, the ""pescadido"" probably was the best dish. Again is not bad but definitely not a meal i will remember.","September 4, 2017",Barcelona_Catalonia,https://www.tripadvisor.com/Restaurant_Review-g187497-d1495878-Reviews-or80-L_Escamarla_Restaurant-Barcelona_Catalonia.html,UID_29355,"{'experience': 'neutral', 'paella': 'negative', 'calamari': 'neutral', 'pescadido': 'positive', 'memorability': 'negative'}"
50505,50506,Super_Naan,5,Positive,review_724301077,Great concept of Indian meal bowls and other delicacies.,"During our stay in Barcelona we visited this place 2 times, loved the whole concept of serving authentic Indian meal in fastfood wat, it's not a traditional Indian restaurant where you can order a thali of paneer and dal makhni and so on. Rather simple...","During our stay in Barcelona we visited this place 2 times, loved the whole concept of serving authentic Indian meal in fastfood wat, it's not a traditional Indian restaurant where you can order a thali of paneer and dal makhni and so on. Rather simple dal or curry with Rice in a sustainable package bowl, easy to take away if you are willing to. And wait there is gem within this eating joint ""Spice bar"" a cocktail bar which serves the best cocktails we ever had. A mix of fresh ingrediënts and Indian spices. A must to try. All staff is nice and friendly, we had some nice conversation with Paulo and Pilly.","November 5, 2019",Barcelona_Catalonia,https://www.tripadvisor.com/Restaurant_Review-g187497-d16738163-Reviews-or70-Super_Naan-Barcelona_Catalonia.html,UID_43459,"{'concept': 'positive', 'authenticity': 'positive', 'indian food': 'positive', 'packaging': 'positive', 'takeaway': 'positive', 'spice bar': 'positive', 'cocktails': 'positive', 'ingredients': 'positive', 'staff': 'positive', 'service': 'positive'}"
255927,255928,Konig_Barcelona_Centro,1,Negative,review_578543165,Terrible service,The food is terrible and the service is worse. This is in the heart of the tourist area and does not deliver.,The food is terrible and the service is worse. This is in the heart of the tourist area and does not deliver.,"May 7, 2018",Barcelona_Catalonia,https://www.tripadvisor.com/Restaurant_Review-g187497-d5580880-Reviews-or20-Konig_Barcelona_Centro-Barcelona_Catalonia.html,UID_153485,"{'food': 'negative', 'service': 'negative', 'location': 'neutral'}"
335515,335516,Restaurant_El_Beso_y_La_Lluna,3,Negative,review_579914108,A good meal in nice surroundings,"I ordered a 3 course dinner and it tasted good, especially the main course of meat. Good service by a nice woman and a slightly older man, the other male waiter looked like they would have been somewhere else. I would love to get more...","I ordered a 3 course dinner and it tasted good, especially the main course of meat. Good service by a nice woman and a slightly older man, the other male waiter looked like they would have been somewhere else. I would love to get more attention after I had settled down, such as a smile and that they were aware that i needed replenishment. ","May 13, 2018",Barcelona_Catalonia,https://www.tripadvisor.com/Restaurant_Review-g187497-d7269628-Reviews-or20-Restaurant_El_Beso_y_La_Lluna-Barcelona_Catalonia.html,UID_124797,"{'food': 'positive', 'service': 'mixed', 'attention': 'negative'}"
376716,376717,Taller_de_Tapas_Rambla_de_les_FLors,5,Positive,review_380141876,Yummy food friendly staff,"Food is good, staff is super friendly have visited 2 times so far and only been in Barcelona for 2 days :). Sergio and the lady are really nice and friendly!","Food is good, staff is super friendly have visited 2 times so far and only been in Barcelona for 2 days :). Sergio and the lady are really nice and friendly!","June 6, 2016",Barcelona_Catalonia,https://www.tripadvisor.com/Restaurant_Review-g187497-d3722162-Reviews-or540-Taller_de_Tapas_Rambla_de_les_FLors-Barcelona_Catalonia.html,UID_211382,"{'food': 'positive', 'service': 'positive'}"
110154,110155,Pampero,5,Positive,review_565685884,Pre Marathon dinner,Great little place with wonderful staff. I have a juicy rare steak with huge asparagus. I drank delicious Malbec and finished with a banana and chocolate crepe.,Great little place with wonderful staff. I have a juicy rare steak with huge asparagus. I drank delicious Malbec and finished with a banana and chocolate crepe.,"March 10, 2018",Barcelona_Catalonia,https://www.tripadvisor.com/Restaurant_Review-g187497-d1061194-Reviews-or10-Pampero-Barcelona_Catalonia.html,UID_85879,"{'place': 'positive', 'staff': 'positive', 'steak': 'positive', 'asparagus': 'positive', 'wine': 'positive', 'dessert': 'positive'}"
90693,90694,El_Dorado_Chicken,3,Negative,review_526894517,Not as good as expected,"We wen't there because of the good reviews we read on TripAdvisor, but unfortunately we were disappointed. The chicken was far from ""the best chicken ever"". Also the traditional rice with chicken plate we had was not very tasteful.","We wen't there because of the good reviews we read on TripAdvisor, but unfortunately we were disappointed. The chicken was far from ""the best chicken ever"". Also the traditional rice with chicken plate we had was not very tasteful.","September 23, 2017",Barcelona_Catalonia,https://www.tripadvisor.com/Restaurant_Review-g187497-d7786336-Reviews-or70-El_Dorado_Chicken-Barcelona_Catalonia.html,UID_72917,"{'reviews': 'positive', 'chicken': 'negative', 'traditional rice with chicken plate': 'negative'}"
88369,88370,Caravelle,5,Positive,review_421020508,The breakfast was so good we went back twice,We were looking for a nice place to go for breakfast and research told us Caravelle was a good option. We went and were not disappointed. The service was great and the food was exceptional! We loved it so much we went back the next...,We were looking for a nice place to go for breakfast and research told us Caravelle was a good option. We went and were not disappointed. The service was great and the food was exceptional! We loved it so much we went back the next morning and has just as a pleasant experience. Highly recommend!,"September 21, 2016",Barcelona_Catalonia,https://www.tripadvisor.com/Restaurant_Review-g187497-d3499028-Reviews-or260-Caravelle-Barcelona_Catalonia.html,UID_71303,"{'service': 'positive', 'food': 'positive', 'recommendation': 'positive'}"
302600,302601,The_Chipiron,1,Negative,review_421702870,Keep on waiting,20 minutes later and i still have no bill....i am going to grow old here. Staff really rude! Not paying attention at all. Still sitting here,20 minutes later and i still have no bill....i am going to grow old here. Staff really rude! Not paying attention at all. Still sitting here,"September 24, 2016",Barcelona_Catalonia,https://www.tripadvisor.com/Restaurant_Review-g187497-d997950-Reviews-or170-The_Chipiron-Barcelona_Catalonia.html,UID_184535,"{'wait time': 'negative', 'service': 'negative'}"
260819,260820,Els_Set_d_En_Joan,3,Negative,review_622846945,Convenient to hotel but food just OK,"We selected this restaurant as reviews on TA were very good, and we wanted something close to our hotel after a long day exploring Montserrat. Food was a bit hit and miss. We really enjoyed our entratadas and the postre we shared, but the main...","We selected this restaurant as reviews on TA were very good, and we wanted something close to our hotel after a long day exploring Montserrat. Food was a bit hit and miss. We really enjoyed our entratadas and the postre we shared, but the main courses were both a bit underwhelming, and we thought it was a bit pricey, hence just 3 stars. The gentleman who served us we couldn't fault, and as always in Spain, the glass of vino tinto we each had was superb.","October 7, 2018",Barcelona_Catalonia,https://www.tripadvisor.com/Restaurant_Review-g187497-d12339904-Reviews-Els_Set_d_En_Joan-Barcelona_Catalonia.html,UID_51301,"{'reviews': 'positive', 'location': 'positive', 'food': 'neutral', 'entradas': 'positive', 'postre': 'positive', 'main courses': 'negative', 'price': 'negative', 'service': 'positive', 'wine': 'positive'}"
257622,257623,Granja_Petitbo,1,Negative,review_476008117,They still have to learn a lot about service ,"Asked for two coffees, carrot cake and pancakes. The coffees and the carrot cake were brought instantly.  The pancakes arrive after 15 minutes, lukewarm. As became the coffee brought 14 minutes ago.","Asked for two coffees, carrot cake and pancakes. The coffees and the carrot cake were brought instantly.  The pancakes arrive after 15 minutes, lukewarm. As became the coffee brought 14 minutes ago.","April 16, 2017",Barcelona_Catalonia,https://www.tripadvisor.com/Restaurant_Review-g187497-d3847498-Reviews-or80-Granja_Petitbo-Barcelona_Catalonia.html,UID_164979,"{'coffee': 'negative', 'carrot cake': 'positive', 'pancakes': 'negative', 'service': 'negative'}"
243036,243037,Oval,4,Positive,review_619945578,Making up your own burger and Real One!!!,"I had the pleasure to have gone there to try this amazing burger out , something simple and different than others. Me and my family are burger lovers and for real is in our top 5 burger we tried!! It’s just I want to  give...","I had the pleasure to have gone there to try this amazing burger out , something simple and different than others. Me and my family are burger lovers and for real is in our top 5 burger we tried!! It’s just I want to give an advise as I was over there in rush hour , the staff is amazing friendly and all time keep smiling even though the people try to drive them crazy but sometimes to show a quickly service you need another person, in this case we wait for service a lot . The rest of all great !! ","September 27, 2018",Barcelona_Catalonia,https://www.tripadvisor.com/Restaurant_Review-g187497-d4139417-Reviews-Oval-Barcelona_Catalonia.html,UID_67430,"{'burger': 'positive', 'service': 'negative', 'staff': 'positive', 'wait time': 'negative'}"
283157,283158,Bodega_Padua_Bar_Restaurante,5,Positive,review_293708330,Great Atmosphere,"Tapas selection well worth it, top atmosphere, Ricky the parrot a highlight along with service and food.","Tapas selection well worth it, top atmosphere, Ricky the parrot a highlight along with service and food.","July 29, 2015",Barcelona_Catalonia,https://www.tripadvisor.com/Restaurant_Review-g187497-d5413036-Reviews-Bodega_Padua_Bar_Restaurante-Barcelona_Catalonia.html,UID_176376,"{'tapas selection': 'positive', 'atmosphere': 'positive', 'service': 'positive', 'food': 'positive', 'ricky the parrot': 'positive'}"
80398,80399,Pepito_Restaurante,1,Negative,review_656532028,Unforgettable...,"I will never forget this place, I went with promotion 30% on foot and the result was €44 for two entrance and one main, one dessert and 1 coffee...if you are British probably 5€ for a small wine cup is acceptable, here is Spain, this...","I will never forget this place, I went with promotion 30% on foot and the result was €44 for two entrance and one main, one dessert and 1 coffee...if you are British probably 5€ for a small wine cup is acceptable, here is Spain, this is Barcelona and here is ABSOLUTELY and extremely expensive.  Sorry for qualification, the place is nice, good ambience, nice staff, they are not guilty of this price policy. There are so many places yet, by fortune, with reasonable places. And... I notice that too many times they try to fill my and my neighbor cups of wine... so kindly... this is not the way...","March 5, 2019",Barcelona_Catalonia,https://www.tripadvisor.com/Restaurant_Review-g187497-d5994585-Reviews-or50-Pepito_Restaurante-Barcelona_Catalonia.html,UID_54935,"{'promotion': 'neutral', 'price': 'negative', 'atmosphere': 'positive', 'service': 'positive', 'wine refill': 'negative'}"
411852,411853,Avinyo10,2,Negative,review_490479295,Rude & Overpriced,"Give this place a miss! Unfortunately we found ourselves at the restaurant because the ones we wanted to go to were booked up. We weren't too disappointed because, although expensive, the menu looked pretty good.We sat down and right from the start the waiter...","Give this place a miss!  Unfortunately we found ourselves at the restaurant because the ones we wanted to go to were booked up. We weren't too disappointed because, although expensive, the menu looked pretty good. We sat down and right from the start the waiter was rude. He just threw the menus on the table and ran off. It wasn't that busy.  We ordered some tapas items and asked if the wine was priced for 1 liter. Yes was the answer. We ordered it. It was over priced compared to other places we have eaten. It arrived at the table. Somehow he had managed to fit 1 liter into 760 ml. Or perhaps it was only 760 ml. At least it tasted nice.  The food arrived. We had tomato on bread which was completely soggy. Disgusting. The potato bravas was ok, a little too much spice without flavor to back it up. The mushrooms were nothing special and certainly not worth the €8 they charge.  The only decent thing about the meal was the paella.  The waiter throughout the meal was unfriendly and uninterested.  Right at the end, whilst waiting for my girlfriend to use the washrooms the waiter came and stared at me. Picked up her cup and place mat. Then looked back at me and put it down and sighed. I guess he wanted us to GTFO! This place is totally avoidable. I do not recommend in the slightest. ","June 4, 2017",Barcelona_Catalonia,https://www.tripadvisor.com/Restaurant_Review-g187497-d8558090-Reviews-or750-Avinyo10-Barcelona_Catalonia.html,UID_131739,"{'restaurant selection': 'negative', 'menu': 'positive', 'price': 'negative', 'service': 'negative', 'wine': 'negative', 'tapas': 'negative', 'tomato on bread': 'negative', 'potato bravas': 'neutral', 'mushrooms': 'negative', 'paella': 'positive', 'atmosphere': 'negative'}"
362654,362655,Taller_de_Tapas_Rambla_Catalunya,4,Positive,review_118967532,Tapas Find,"My husband and I stumbled upon Taller de Tapas on one of our walks around Barcelona.  We were hungry for lunch so we grabbed a seat on their outdoor patio.  Our waiter was wonderful, the food was wonderful and the wine was wonderful.  We would...","My husband and I stumbled upon Taller de Tapas on one of our walks around Barcelona. We were hungry for lunch so we grabbed a seat on their outdoor patio. Our waiter was wonderful, the food was wonderful and the wine was wonderful. We would have gone back for another meal had we been in Barcelona a bit longer.","October 5, 2011",Barcelona_Catalonia,https://www.tripadvisor.com/Restaurant_Review-g187497-d814881-Reviews-or1670-Taller_de_Tapas_Rambla_Catalunya-Barcelona_Catalonia.html,UID_13402,"{'service': 'positive', 'food': 'positive', 'wine': 'positive', 'atmosphere': 'positive'}"
113729,113730,H1898,4,Positive,review_600753292,Great service,"Hidden on the first floor of this beautiful hotel you will find this fairly large, a bit empty restaurant. It is a bit surprising how they chose possibly the least attractive part of the hotel to locate their restaurant: the ceilings are low and the...","Hidden on the first floor of this beautiful hotel you will find this fairly large, a bit empty restaurant. It is a bit surprising how they chose possibly the least attractive part of the hotel to locate their restaurant: the ceilings are low and the restaurant not as attractive as the rest of the hotel, I would describe it drab, business lunch meal kind of place, where quietness and distance from prying eyes is more important than aesthetics. The food is simple, but fairly good, despite a couple of very disappointing dishes, worst of all the ""Pluma Iberica"". The price is acceptable for this level of cuisine. The best part of our lunch was the extremely amiable waiter who went out of what is demanded to accommodate us. His name was Jorge and he told us he was from Caceres. If we return to this restaurant it would be thank to him, who made our lunch a pleasant one.","July 29, 2018",Barcelona_Catalonia,https://www.tripadvisor.com/Restaurant_Review-g187497-d2000909-Reviews-or20-H1898-Barcelona_Catalonia.html,UID_32073,"{'location': 'neutral', 'restaurant atmosphere': 'negative', 'food': 'neutral', 'specific dish': 'negative', 'price': 'positive', 'service': 'positive'}"
122864,122865,Makamaka,5,Positive,review_423058758,Loved it! ,"The first day we went to Barceloneta we stopped in Makamaka for a cup of coffee and were very surprised we only paid 1,8€ for a really good milk coffee so close to the beach. We loved it so much, we visited that place everytime...","The first day we went to Barceloneta we stopped in Makamaka for a cup of coffee and were very surprised we only paid 1,8€ for a really good milk coffee so close to the beach. We loved it so much, we visited that place everytime we went to Barceloneta. Once we had garlic and parmesan fries which were good. Other time we had waffles - one with peanut butter ice cream and other with vegan chocolate. Both were really delicious. The staff is very friendly and prices are okay. Definitely one of the best places we visited in Barcelona! ","September 28, 2016",Barcelona_Catalonia,https://www.tripadvisor.com/Restaurant_Review-g187497-d3519081-Reviews-or310-Makamaka-Barcelona_Catalonia.html,UID_49107,"{'coffee': 'positive', 'price': 'positive', 'location': 'positive', 'fries': 'positive', 'waffles': 'positive', 'service': 'positive', 'atmosphere': 'positive'}"
388590,388591,Paco_Meralgo,4,Positive,review_364228587,Outstanding Food But difficultly in getting a table ,"We arrived at 9 & had to sit at a bench by the window . Although we did not like this , when the tapas style food arrived,  it was fabulous ! Anchovies, asparagus, delicious tomato bread & amazing Tuna & Steak . The waiter...","We arrived at 9 & had to sit at a bench by the window . Although we did not like this , when the tapas style food arrived, it was fabulous !  Anchovies, asparagus, delicious tomato bread & amazing Tuna & Steak .  The waiter was very pleasant & helpful & tried to make up for our poor seating . By then we didn't care as the food was sooooo good ! ","April 14, 2016",Barcelona_Catalonia,https://www.tripadvisor.com/Restaurant_Review-g187497-d945264-Reviews-or390-Paco_Meralgo-Barcelona_Catalonia.html,UID_114088,"{'seating': 'negative', 'food': 'positive', 'service': 'positive'}"
108931,108932,Bastaix,5,Positive,review_520895179,Sunday night ,"Great night for 6 of us. We have been a few times. We underground which I love.Tapas fantastic, wine list still very good.Service great. They have invested in the property over the years.Well done. I will continue to recommend you.","Great night for 6 of us. We have been a few times. We underground which I love. Tapas fantastic, wine list still very good. Service great.  They have invested in the property over the years. Well done. I will continue to recommend you.","September 3, 2017",Barcelona_Catalonia,https://www.tripadvisor.com/Restaurant_Review-g187497-d1754505-Reviews-or90-Bastaix-Barcelona_Catalonia.html,UID_36416,"{'atmosphere': 'positive', 'tapas': 'positive', 'wine': 'positive', 'service': 'positive', 'property': 'positive', 'recommendation': 'positive'}"
313858,313859,Txapela,5,Positive,review_229539159,I would move to Barcelona just so I could eat here every day.,"We went here during our Inter-Rail trip and my god it was the best tapas I've ever eaten. It had the best selection of seafood, chicken, vegetarian, and was only a few euros per dish. We all ordered 3-4 each but ended up sharing what...","We went here during our Inter-Rail trip and my god it was the best tapas I've ever eaten. It had the best selection of seafood, chicken, vegetarian, and was only a few euros per dish. We all ordered 3-4 each but ended up sharing what with all of them looking delicious! And the best pudding was the chocolate pyramid with orange liqueur, which I've tried to replicate ever since but failed. It was so good, we came back here for lunch the next day! If you ever go to Barcelona, forget Gaudi: this is the place you need to go to.","September 17, 2014",Barcelona_Catalonia,https://www.tripadvisor.com/Restaurant_Review-g187497-d782627-Reviews-or620-Txapela-Barcelona_Catalonia.html,UID_189055,"{'tapas': 'positive', 'selection': 'positive', 'price': 'positive', 'pudding': 'positive', 'atmosphere': 'positive'}"
233306,233307,Parellada,3,Negative,review_730921014,Ok food,"The food was good and the ingredients seemed fresh. However, the experience was a bit dull. Because the prices were a bit higher we expected something a bit more special abd interesting. The restaurant was quite loud and it seemed like the waiters were in...","The food was good and the ingredients seemed fresh. However, the experience was a bit dull. Because the prices were a bit higher we expected something a bit more special abd interesting.  The restaurant was quite loud and it seemed like the waiters were in a terrible hurry although the restaurant wasn't even full. We wouldn't necessarily recommend this place.","December 5, 2019",Barcelona_Catalonia,https://www.tripadvisor.com/Restaurant_Review-g187497-d717406-Reviews-Parellada-Barcelona_Catalonia.html,UID_30100,"{'food': 'positive', 'ingredients': 'positive', 'experience': 'negative', 'price': 'negative', 'atmosphere': 'negative', 'service': 'negative', 'recommendation': 'negative'}"
314283,314284,Casa_Muyo,1,Negative,review_405996286,DO NOT EAT THERE!,"The food was inedible! Not fresh, cooked hours before and the reheated.Also, it tasted and smelled really bad.","The food was inedible! Not fresh, cooked hours before and the reheated.Also, it tasted and smelled really bad.","August 16, 2016",Barcelona_Catalonia,https://www.tripadvisor.com/Restaurant_Review-g187497-d1998751-Reviews-Casa_Muyo-Barcelona_Catalonia.html,UID_87123,{'food': 'negative'}
96861,96862,Flax_Kale,3,Negative,review_614332597,Would go again,"It’s a nice place. The service is rather slow so be prepared to wait and dinner starts at 7, before that you can get appetizers and desert like a cafe. We got the taco which was good and the plant based spaghetti. Spicy kale is...","It’s a nice place. The service is rather slow so be prepared to wait and dinner starts at 7, before that you can get appetizers and desert like a cafe. We got the taco which was good and the plant based spaghetti. Spicy kale is recommended it was also good. The little recipe sheet in the end was adorable thank you!","September 6, 2018",Barcelona_Catalonia,https://www.tripadvisor.com/Restaurant_Review-g187497-d6996799-Reviews-or430-Flax_Kale-Barcelona_Catalonia.html,UID_77150,"{'place': 'positive', 'service': 'negative', 'wait time': 'negative', 'food availability': 'neutral', 'taco': 'positive', 'spaghetti': 'neutral', 'kale': 'positive', 'extras': 'positive'}"
366465,366466,Parco,1,Negative,review_93350606,"Went to Parco, met the manager... definitely not returning","The atmosphere is great and trendy, the food is good...  BUT I've never suffered so much stress during a 50€ dinner!  The restaurant has two dinner times so if you go at nine you are literally going to be kicked out at 10.45... I understand...","The atmosphere is great and trendy, the food is good... BUT I've never suffered so much stress during a 50€ dinner! The restaurant has two dinner times so if you go at nine you are literally going to be kicked out at 10.45... I understand but they could have been more smooth, we were treated as if we had come to a McDonalds... and what we certainly didnt accept when we made the reservation was to be so badly and harshly treated by the manager. He is a rude [_] who thinks that being the manager of a cool restaurant is just as being the king of the world and gives him the right to bully around any clients who are not famous basket ball players!!! When telling a table of young US girls that they had to go at 11 he just started shouting at them (""we told you on the phone... are you calling me rude, you have to go now!"") and putting on a huge scene, the whole restaurant couldnt help staring and he looked around and asked ""what are you looking at"", I admit I didnt speak up and totally regret it (although not so much when I read a review describing how he threatened the reviewer with physical violence) but would love to have said: we are looking at you! Thank you for reading this, I feel much better after writting it, and hope I'm not such a coward if I ever experience anything similar. I know this review will not change him but if one of you decides not to go because of it, it was worth posting it","January 17, 2011",Barcelona_Catalonia,https://www.tripadvisor.com/Restaurant_Review-g187497-d805717-Reviews-or140-Parco-Barcelona_Catalonia.html,UID_207778,"{'atmosphere': 'positive', 'food': 'positive', 'service': 'negative', 'manager': 'negative', 'price': 'neutral', 'wait time': 'negative'}"
98339,98340,Flaherty_s_Irish_Pub_Barcelona,4,Positive,review_526402211,Visit is a must,Just came back from barcelona..this is the place for food and drink. Great irish bar with live football. Definately worth a visit,Just came back from barcelona..this is the place for food and drink. Great irish bar with live football. Definately worth a visit,"September 21, 2017",Barcelona_Catalonia,https://www.tripadvisor.com/Restaurant_Review-g187497-d1898196-Reviews-or380-Flaherty_s_Irish_Pub_Barcelona-Barcelona_Catalonia.html,UID_78177,"{'food': 'positive', 'drink': 'positive', 'atmosphere': 'positive'}"
128311,128312,Tickets,5,Positive,review_220374402,Out of this world!,"LOVE, LOVE, LOVE this restaurant! Reservations only open exactly 60 days before the day of booking and they open at midnight, Barcelona time. Thankfully that was about 8am in the morning in Brisbane, Australia so once we knew our date, I went into the booking...","LOVE, LOVE, LOVE this restaurant! Reservations only open exactly 60 days before the day of booking and they open at midnight, Barcelona time. Thankfully that was about 8am in the morning in Brisbane, Australia so once we knew our date, I went into the booking system as soon as it turned midnight in Barcelona and booked the table. The menu is soooo fun and quirky and DELICIOUS - especially the desserts! DEFINITELY must go if you are visiting Barcelona, I would love to go back!","August 7, 2014",Barcelona_Catalonia,https://www.tripadvisor.com/Restaurant_Review-g187497-d2054462-Reviews-or760-Tickets-Barcelona_Catalonia.html,UID_97151,"{'restaurant': 'positive', 'reservations': 'positive', 'menu': 'positive', 'desserts': 'positive'}"
149310,149311,Baritimo,5,Positive,review_610532929,Great dinner,I was looking for a place to have a romantic dinner with my girl friend; Baritimo it's the perfect place. Fresh fish and a great selection of wines.We had a lovely time here . And also a Great service !! Thanks to Eleonora for...,I was looking for a place to have a romantic dinner with my girl friend; Baritimo it's the perfect place. Fresh fish and a great selection of wines. We had a lovely time here .  And also a Great service !! Thanks to Eleonora for the wine advises,"August 26, 2018",Barcelona_Catalonia,https://www.tripadvisor.com/Restaurant_Review-g187497-d6624079-Reviews-or110-Baritimo-Barcelona_Catalonia.html,UID_109678,"{'romantic atmosphere': 'positive', 'fish': 'positive', 'wine selection': 'positive', 'overall experience': 'positive', 'service': 'positive'}"
211036,211037,Carpe_Diem,5,Positive,review_677476357,Birthday dinner,"To the team at CDLC,I visited CDLC after pre-booking a booth for my partners surprise birthday trip away in Barcelona.I would like to give a special thanks to Joel he manages the club side of things but still organised a private booth, a...","To the team at CDLC, I visited CDLC after pre-booking a booth for my partners surprise birthday trip away in Barcelona. I would like to give a special thanks to Joel he manages the club side of things but still organised a private booth, a complimentary drink with sparklers and just 7 star service for us! My partner thoroughly enjoyed his birthday meal and we will definitely be visiting CDLC when we are next in Barcelona. We were offered massages and a very GOOD & TALENTED magician paid us a visit in our booth! We were amazed at the tricks he performed. The food was 10/10  The service was 10/10 The entertainment was 10/10 Thank you to the team at CDLC","May 29, 2019",Barcelona_Catalonia,https://www.tripadvisor.com/Restaurant_Review-g187497-d8663897-Reviews-or20-Carpe_Diem-Barcelona_Catalonia.html,UID_143043,"{'service': 'positive', 'food': 'positive', 'entertainment': 'positive', 'atmosphere': 'positive'}"
149822,149823,N_A_P_Neapolitan_Authentic_Pizza,5,Positive,review_572701072,Amazing!,We went for 2 times during our stay in Barcelona and it was one of the best pizzas I ever took (including pizzas in Italy). The staff and service are great also. I highly recommend this place!,We went for 2 times during our stay in Barcelona and it was one of the best pizzas I ever took (including pizzas in Italy). The staff and service are great also. I highly recommend this place!,"April 11, 2018",Barcelona_Catalonia,https://www.tripadvisor.com/Restaurant_Review-g187497-d2709722-Reviews-or90-N_A_P_Neapolitan_Authentic_Pizza-Barcelona_Catalonia.html,UID_76857,"{'pizza': 'positive', 'service': 'positive', 'staff': 'positive'}"
76814,76815,Momo,3,Negative,review_736043474,Over priced,Why prices should be so high is beyond me. The offerings are what you would expect. Perhaps portion size is a little higher than normal. Wines are over priced. Food quality is ok and service is fine. Much better value to be had near this...,Why prices should be so high is beyond me. The offerings are what you would expect. Perhaps portion size is a little higher than normal. Wines are over priced. Food quality is ok and service is fine. Much better value to be had near this restaurant. Will not go back.,"January 1, 2020",Barcelona_Catalonia,https://www.tripadvisor.com/Restaurant_Review-g187497-d8092459-Reviews-or10-Momo-Barcelona_Catalonia.html,UID_12731,"{'price': 'negative', 'food variety': 'neutral', 'portion size': 'positive', 'wine': 'negative', 'food quality': 'neutral', 'service': 'neutral', 'value': 'negative'}"
295594,295595,Las_Fritas,4,Positive,review_538111376,Good chips (fritas),"Been english we know a thing about fried food, and in particular chips (fritas). These fritas are the best chips we've had outside of the uk. Honestly they are tasty, and yet get a fair amount. The medium size chips is sufficient and the added...","Been english we know a thing about fried food, and in particular chips (fritas). These fritas are the best chips we've had outside of the uk. Honestly they are tasty, and yet get a fair amount. The medium size chips is sufficient and the added sauces you can and unique. Well worth a try. We'll be going back there when we return to Barcelona. Spot on. ","November 3, 2017",Barcelona_Catalonia,https://www.tripadvisor.com/Restaurant_Review-g187497-d13090092-Reviews-or10-Las_Fritas-Barcelona_Catalonia.html,UID_33783,"{'chips (fritas)': 'positive', 'quantity': 'positive', 'sauces': 'positive', 'return visit': 'positive'}"
266631,266632,Restaurante_SOLC,5,Positive,review_633847688,Excellent in all respects,"My wife and I enjoyed 2 fine dinners here during our short stay at the Majestic Hotel.The food was excellent --  all well explained, prepared, and presented. The ambiance is perfect. The staff are knowledgeable, attentive, polite, and proud of their venue and their...","My wife and I enjoyed 2 fine dinners here during our short stay at the Majestic Hotel. The food was excellent -- all well explained, prepared, and presented. The ambiance is perfect. The staff are knowledgeable, attentive, polite, and proud of their venue and their work. Many thanks to restaurant manager Miquel M. and all his staff for their help in making our Barcelona visit so memorable and enjoyable..","November 16, 2018",Barcelona_Catalonia,https://www.tripadvisor.com/Restaurant_Review-g187497-d14126240-Reviews-Restaurante_SOLC-Barcelona_Catalonia.html,UID_168934,"{'food': 'positive', 'ambiance': 'positive', 'service': 'positive'}"
301340,301341,The_Chipiron,1,Negative,review_575004474,Bad,First of all it was night and I wanted to drink a coffee but a fat guy came to us and told me that I need to move downstairs for only drinking...,First of all it was night and I wanted to drink a coffee but a fat guy came to us and told me that I need to move downstairs for only drinking...,"April 22, 2018",Barcelona_Catalonia,https://www.tripadvisor.com/Restaurant_Review-g187497-d997950-Reviews-or60-The_Chipiron-Barcelona_Catalonia.html,UID_184005,"{'time of visit': 'neutral', 'coffee': 'neutral', 'service': 'negative', 'atmosphere': 'negative'}"
17817,17818,Bar_Casi,5,Positive,review_748762722,Great spanish lunch ! ,"We stumbled across this place after visiting Parc Guell and what a gem it is ! Very basic inside but food was wonderful, staff really friendly and food lovely !","We stumbled across this place after visiting Parc Guell and what a gem it is ! Very basic inside but food was wonderful, staff really friendly and food lovely !","March 2, 2020",Barcelona_Catalonia,https://www.tripadvisor.com/Restaurant_Review-g187497-d4728824-Reviews-Bar_Casi-Barcelona_Catalonia.html,UID_16477,"{'atmosphere': 'neutral', 'food': 'positive', 'service': 'positive'}"
330421,330422,Tapa_Tapa_Xiringuito,5,Positive,review_393972293,Decent priced food and drinks,"If you are familiar with the chain then this doesn't let you down. If not, it's a great place of a great range of authentic Spanish food and the drinks are great. Staff are really friendly and offer advice on dishes. The one negative is...","If you are familiar with the chain then this doesn't let you down. If not, it's a great place of a great range of authentic Spanish food and the drinks are great.  Staff are really friendly and offer advice on dishes.  The one negative is that a line of large bins are very nearby and obscure the view, so sitting outside is not as pleasant as it could be. ","July 18, 2016",Barcelona_Catalonia,https://www.tripadvisor.com/Restaurant_Review-g187497-d4752749-Reviews-or60-Tapa_Tapa_Xiringuito-Barcelona_Catalonia.html,UID_174451,"{'food': 'positive', 'drinks': 'positive', 'service': 'positive', 'atmosphere': 'negative'}"
19834,19835,Swagatam_Bar_Restaurant_Hindu,5,Positive,review_379323835,If you want Indian food in Barcelona - this is the place to go!,This is a fabulous little restaurant in Barcelona that serves great Indian food! The owners/staff are always smiling and will treat you like a regular even if you go there once! They are so warm and welcoming that you want to go back (even if...,This is a fabulous little restaurant in Barcelona that serves great Indian food! The owners/staff are always smiling and will treat you like a regular even if you go there once! They are so warm and welcoming that you want to go back (even if you're only there on a 4 day holiday)!! ,"June 3, 2016",Barcelona_Catalonia,https://www.tripadvisor.com/Restaurant_Review-g187497-d3847458-Reviews-or260-Swagatam_Bar_Restaurant_Hindu-Barcelona_Catalonia.html,UID_18268,"{'restaurant': 'positive', 'location': 'positive', 'indian food': 'positive', 'service': 'positive', 'staff': 'positive', 'atmosphere': 'positive'}"
202131,202132,Woki_Organic_Market,1,Negative,review_430570987,"Bad service, average food, a million better places in Barcelona where to spend your money","This is my third time in this place and last, I'm a local and would not recommend it.My first time, i found bits of the washing up sponge in my pasta, they apologised and changed it...ok. Second time they got my order wrong, did...","This is my third time in this place and last, I'm a local and would not recommend it. My first time, i found bits of the washing up sponge in my pasta, they apologised and changed it...ok. Second time they got my order wrong, did they apologised this time?no, they made clear to me it was my own fault, but changed my order. Third time, packed, too hot, took other peoples orderd before us even thou we told them we were there first...all in all, not worth it.","October 22, 2016",Barcelona_Catalonia,https://www.tripadvisor.com/Restaurant_Review-g187497-d2475531-Reviews-or90-Woki_Organic_Market-Barcelona_Catalonia.html,UID_138713,"{'recommendation': 'negative', 'food': 'negative', 'service': 'negative', 'atmosphere': 'negative', 'wait time': 'negative'}"
309188,309189,Bianco_Noir,5,Positive,review_644689825,Nice Bar!,"Loved this bar when I went for the first time! Good food and good drinks! Perfect for friends, families and couples!","Loved this bar when I went for the first time! Good food and good drinks! Perfect for friends, families and couples!","January 9, 2019",Barcelona_Catalonia,https://www.tripadvisor.com/Restaurant_Review-g187497-d8462225-Reviews-Bianco_Noir-Barcelona_Catalonia.html,UID_187202,"{'bar': 'positive', 'food': 'positive', 'drinks': 'positive', 'atmosphere': 'positive'}"
222969,222970,Can_Ramonet,5,Positive,review_452734899,Exellent menú de migdia,We went here for the lunchtime menu. The monkfish soup with fish balls starter was outstanding. The cap i pota with mussels was similarly excellent. The classic mel i mató pudding was also delicious. The 3 courses with included bread and wine were great value...,We went here for the lunchtime menu. The monkfish soup with fish balls starter was outstanding. The cap i pota with mussels was similarly excellent. The classic mel i mató pudding was also delicious. The 3 courses with included bread and wine were great value for €18 and the service was brilliant.,"January 17, 2017",Barcelona_Catalonia,https://www.tripadvisor.com/Restaurant_Review-g187497-d697465-Reviews-or110-Can_Ramonet-Barcelona_Catalonia.html,UID_26398,"{'lunchtime menu': 'positive', 'monkfish soup': 'positive', 'cap i pota with mussels': 'positive', 'mel i mató pudding': 'positive', 'price': 'positive', 'service': 'positive', 'bread': 'positive', 'wine': 'positive'}"
102306,102307,Can_Paixano_La_Xampanyeria,5,Positive,review_65401685,BCN's best bar,"Crowded, little bar, it is actually a kind of garage.Cheap tapas, hamburgers, and cava!! We stayed there for 4 hours straight.If there's one thing i'll remember from my trip to BCN, it's this bar.","Crowded, little bar, it is actually a kind of garage.Cheap tapas, hamburgers, and cava!! We stayed there for 4 hours straight.If there's one thing i'll remember from my trip to BCN, it's this bar.","May 26, 2010",Barcelona_Catalonia,https://www.tripadvisor.com/Restaurant_Review-g187497-d940427-Reviews-or870-Can_Paixano_La_Xampanyeria-Barcelona_Catalonia.html,UID_80923,"{'atmosphere': 'negative', 'price': 'positive', 'tapas': 'positive', 'hamburgers': 'positive', 'cava': 'positive', 'duration': 'positive'}"
183329,183330,El_Nacional,5,Positive,review_430991129,Great restaurant,Recommended by local friend this is a great venue for a night out with 4 restaurants and 3 bars. Had good meal in meat restaurant.,Recommended by local friend this is a great venue for a night out with 4 restaurants and 3 bars. Had good meal in meat restaurant.,"October 23, 2016",Barcelona_Catalonia,https://www.tripadvisor.com/Restaurant_Review-g187497-d7175242-Reviews-or1060-El_Nacional-Barcelona_Catalonia.html,UID_4637,"{'venue': 'positive', 'restaurants': 'positive', 'bars': 'positive', 'meal': 'positive'}"
278006,278007,Bar_Venezia,5,Positive,review_275366299,Dinner and drinks,A great place for drinks and beer. Reasonably priced and delicious food. I had a blast it was a nice location and great ambiance.,A great place for drinks and beer. Reasonably priced and delicious food. I had a blast it was a nice location and great ambiance.,"May 28, 2015",Barcelona_Catalonia,https://www.tripadvisor.com/Restaurant_Review-g187497-d4701065-Reviews-or10-Bar_Venezia-Barcelona_Catalonia.html,UID_174085,"{'drinks': 'positive', 'beer': 'positive', 'price': 'positive', 'food': 'positive', 'location': 'positive', 'ambiance': 'positive'}"
354047,354048,Cal_Pinxo,3,Negative,review_556299715,Lovely spot,"We stopped off here on a visit to the harbour area of Barcelona one afternoon.  Just wanted somewhere for tapas and drinks to take in the lovely atmosphere and views.  I had humus,  babba ganoush, pitta and wine.  Lovely spot","We stopped off here on a visit to the harbour area of Barcelona one afternoon.  Just wanted somewhere for tapas and drinks to take in the lovely atmosphere and views.  I had humus,  babba ganoush, pitta and wine.  Lovely spot","January 25, 2018",Barcelona_Catalonia,https://www.tripadvisor.com/Restaurant_Review-g187497-d1129701-Reviews-or50-Cal_Pinxo-Barcelona_Catalonia.html,UID_114690,"{'location': 'positive', 'tapas': 'neutral', 'drinks': 'neutral', 'atmosphere': 'positive', 'views': 'positive', 'humus': 'neutral', 'babba ganoush': 'neutral', 'pitta': 'neutral', 'wine': 'neutral'}"
157740,157741,La_Lola_de_las_Arenas,5,Positive,review_520322188,Gorgeous food,"The food was amazing, the staff was friendly, fantastic restaurant overall. Bunny is the best waiter","The food was amazing, the staff was friendly, fantastic restaurant overall. Bunny is the best waiter","September 1, 2017",Barcelona_Catalonia,https://www.tripadvisor.com/Restaurant_Review-g187497-d2423526-Reviews-or270-La_Lola_de_las_Arenas-Barcelona_Catalonia.html,UID_114759,"{'food': 'positive', 'staff': 'positive', 'restaurant': 'positive', 'waiter': 'positive'}"
195827,195828,Bar_del_Pla,1,Negative,review_623239825,Not worth the hype ,The service is horrible. The restaurant is tiny but the servers/bar staff pick and chose who they want to assist. I had heard great reviews about this restaurant but did not have a good experience at all. The food is decent - not good or...,The service is horrible. The restaurant is tiny but the servers/bar staff pick and chose who they want to assist.  I had heard great reviews about this restaurant but did not have a good experience at all.  The food is decent - not good or bad. A little overpriced for what you get. I would not wait in line to eat here as there’s so many options in Barcelona.,"October 8, 2018",Barcelona_Catalonia,https://www.tripadvisor.com/Restaurant_Review-g187497-d1911643-Reviews-or120-Bar_del_Pla-Barcelona_Catalonia.html,UID_17129,"{'service': 'negative', 'atmosphere': 'neutral', 'food': 'neutral', 'price': 'negative', 'wait time': 'negative'}"
299467,299468,FitBar,1,Negative,review_569717652,Tasteless açaí unfortunately ,"I was craving açaí and were so stoked to come here and try the açaí, but it was so tasteless:( If you have had a real açaí and know how it should taste you can’t go here! It tasted water... We had to throw it...","I was craving açaí and were so stoked to come here and try the açaí, but it was so tasteless:( If you have had a real açaí and know how it should taste you can’t go here! It tasted water... We had to throw it away and go to Zumito for new ones which is 5 minutes away. There we were very satisfied with the taste! The açaí bowl at FitBar looks fresh, but don’t let that fool you! The staff was really nice though, but this place really needs to improve their açaí!!! My husband had the pitaya and that was also tasteless. I don’t know... Making açaí taste grate is really simple... ","March 30, 2018",Barcelona_Catalonia,https://www.tripadvisor.com/Restaurant_Review-g187497-d10295902-Reviews-or20-FitBar-Barcelona_Catalonia.html,UID_55465,"{'açaí': 'negative', 'staff': 'positive', 'pitaya': 'negative'}"
16557,16558,Guru_Food_Cocktails,5,Positive,review_365290472,Fantastic Tapas and Cocktail bar,"We booked for a large party in April , Carlos was helpful via email changing timings with ease and grace as our plans altered during the day . The food was fabulous the atmosphere was relaxed and joyful . We all had a fabulous evening...","We booked for a large party in April , Carlos was helpful via email changing timings with ease and grace as our plans altered during the day . The food was fabulous the atmosphere was relaxed and joyful . We all had a fabulous evening and I would definitely recommend a visit to this lovely friendly well run restaurant . We are already planning a return visit . Thank you","April 18, 2016",Barcelona_Catalonia,https://www.tripadvisor.com/Restaurant_Review-g187497-d3677956-Reviews-or390-Guru_Food_Cocktails-Barcelona_Catalonia.html,UID_2525,"{'booking': 'positive', 'service': 'positive', 'food': 'positive', 'atmosphere': 'positive', 'recommendation': 'positive'}"
10073,10074,Bodega_Biarritz_1881,3,Negative,review_520945457,Food good but toilets sub-standard,"Having queued for a while, we had an interesting meal but the toilets left a lot to be desired - very poor standard. Brought it to the manageress's attention but she was less than interested in our comments.","Having queued for a while, we had an interesting meal but the toilets left a lot to be desired - very poor standard. Brought it to the manageress's attention but she was less than interested in our comments.","September 3, 2017",Barcelona_Catalonia,https://www.tripadvisor.com/Restaurant_Review-g187497-d3832462-Reviews-or720-Bodega_Biarritz_1881-Barcelona_Catalonia.html,UID_9515,"{'wait time': 'negative', 'food': 'neutral', 'toilets': 'negative', 'service': 'negative'}"
260361,260362,El_Nacional_La_Taperia,4,Positive,review_458993692,A bit of everything,"A great option in the heart of the city that caters for everyone (as long as your wallet is big enough). There are different sections to choose from; seafood, grill, tapas, a cocktail bar and pinchos. We chose the tapas bar and were delighted with...","A great option in the heart of the city that caters for everyone (as long as your wallet is big enough). There are different sections to choose from; seafood, grill, tapas, a cocktail bar and pinchos. We chose the tapas bar and were delighted with all of our choices, which were all traditional dishes from different parts of Spain. I would highly recommend the atún rojo vizcayana and carrillera de cerdo. They also offer seasonal specials using local produce so there was a great choice of artichoke dishes on offer too.  We were also greatly entertained by staff who brought out the fresh tapas on offer; shouting, singing, joking and laughing with each other.  A great experience!","February 12, 2017",Barcelona_Catalonia,https://www.tripadvisor.com/Restaurant_Review-g187497-d13154073-Reviews-or220-El_Nacional_La_Taperia-Barcelona_Catalonia.html,UID_4945,"{'location': 'positive', 'price': 'negative', 'food variety': 'positive', 'seafood': 'neutral', 'grill': 'neutral', 'tapas': 'positive', 'cocktail bar': 'neutral', 'pinchos': 'neutral', 'traditional dishes': 'positive', 'atún rojo vizcayana': 'positive', 'carrillera de cerdo': 'positive', 'seasonal specials': 'positive', 'artichoke dishes': 'neutral', 'service': 'positive', 'atmosphere': 'positive'}"
194258,194259,Scobie_s_Irish_Pub,3,Negative,review_635559908,Good vibe...............,"Nice pub around the corner from my hotel, had a couple of Guinness's (of course) was there quite early. The only thing was after an hour it was quite busy and there was still only the one friendly lady behind the bar trying to serve...","Nice pub around the corner from my hotel, had a couple of Guinness's (of course) was there quite early. The only thing was after an hour it was quite busy and there was still only the one friendly lady behind the bar trying to serve a lot of people. Could have been a one off, but she was great but the service was getting a bit behind. Other colleagues said the food there is good too.","November 25, 2018",Barcelona_Catalonia,https://www.tripadvisor.com/Restaurant_Review-g187497-d2523458-Reviews-or20-Scobie_s_Irish_Pub-Barcelona_Catalonia.html,UID_44917,"{'pub': 'positive', 'beer': 'positive', 'service': 'negative', 'staff': 'positive', 'food': 'positive'}"
302755,302756,Restaurante_Pirineus_Bar_Cuina_1935,4,Positive,review_457279752,"Tasty tapas, terrible if to be expected service ",We stumbled into this place looking for an eatery close to our AirBnB. I was pleasantly surprised at the large tapas selection and the prices to boot. We just got an assorted cheese plate (all of which were delicious!) and I got the vegetable tortilla...,"We stumbled into this place looking for an eatery close to our AirBnB. I was pleasantly surprised at the large tapas selection and the prices to boot. We just got an assorted cheese plate (all of which were delicious!) and I got the vegetable tortilla and was pleasantly surprised how good it was! It's served with two slices of white bread smeared with tomato. The house red is fine, nothing great. Note the service is typically Spanish- slow. However, the staff are happy to joke with you in Spanish :) and it's a very local place. ","February 5, 2017",Barcelona_Catalonia,https://www.tripadvisor.com/Restaurant_Review-g187497-d4156838-Reviews-or10-Restaurante_Pirineus_Bar_Cuina_1935-Barcelona_Catalonia.html,UID_154337,"{'location': 'positive', 'tapas selection': 'positive', 'price': 'positive', 'cheese plate': 'positive', 'vegetable tortilla': 'positive', 'bread': 'positive', 'wine': 'neutral', 'service': 'negative', 'staff interaction': 'positive', 'atmosphere': 'positive'}"
175676,175677,Sagardi_BCN_Gotic,3,Negative,review_376555069,Good Location,"Great location, great terrace, good food, sufficient service. Entree very good, main course less. Fish not great, meat even worst. Location is great. Food should be better and so the service. Normal.","Great location, great terrace, good food, sufficient service. Entree very good, main course less. Fish not great, meat even worst. Location is great. Food should be better and so the service. Normal.","May 25, 2016",Barcelona_Catalonia,https://www.tripadvisor.com/Restaurant_Review-g187497-d1536403-Reviews-or300-Sagardi_BCN_Gotic-Barcelona_Catalonia.html,UID_59897,"{'location': 'positive', 'terrace': 'positive', 'food': 'negative', 'service': 'neutral', 'entree': 'positive', 'main course': 'negative', 'fish': 'negative', 'meat': 'negative'}"
351963,351964,Tapa_Tapa_Passeig_de_Gracia,3,Negative,review_131192915,Easy to use chain...,"It's part of a chain of restaurants. The food is adequate, not top rate and the prices are similar. The menu is clear and any to use, and the staff were cheerful and helpful. Service wasn't attentive, but then it rarely is in these types...","It's part of a chain of restaurants. The food is adequate, not top rate and the prices are similar. The menu is clear and any to use, and the staff were cheerful and helpful. Service wasn't attentive, but then it rarely is in these types of places. We ordered a Mojito each from the cocktail menu, and it was excellent.","June 3, 2012",Barcelona_Catalonia,https://www.tripadvisor.com/Restaurant_Review-g187497-d784677-Reviews-or1140-Tapa_Tapa_Passeig_de_Gracia-Barcelona_Catalonia.html,UID_15329,"{'chain': 'neutral', 'food': 'neutral', 'price': 'neutral', 'menu': 'positive', 'staff': 'positive', 'service': 'negative', 'mojito': 'positive'}"
237472,237473,Shoko,1,Negative,review_367559713,bad service,"i was eat a sushi and drink a tea at the restaurant/bar, the service forget my sushi so i become it, after i ask about it 20min later, the sushi is coming after more 10min waiting, i become the sushi when i already finish my...","i was eat a sushi and drink a tea at the restaurant/bar, the service forget my sushi so i become it, after i ask about it 20min later, the sushi is coming after more 10min waiting, i become the sushi when i already finish my tea. the sushi was good, prices was ok 14€ for 8 makis. after i ask 3 times for the ashtrey and if its possible to smoke, the service bring me the ashtrey at the table and allow me to smoke, after i enjoy my cuban cigar, the manager cames and forbidden me to smoke in this area, very unfrendly, and give me the choose to leave the restaurant or make the cigar out. the service is very jung and dont have so much experience, the behaivur of the manager was a disastre and a joke that i have to make out my cigar or leave the restaurant.","April 25, 2016",Barcelona_Catalonia,https://www.tripadvisor.com/Restaurant_Review-g187497-d1308839-Reviews-or240-Shoko-Barcelona_Catalonia.html,UID_136500,"{'sushi': 'positive', 'tea': 'neutral', 'service': 'negative', 'wait time': 'negative', 'price': 'neutral', 'smoking policy': 'negative', 'manager behavior': 'negative'}"
406069,406070,Cocina_Hermanos_Torres,5,Positive,review_713926518,Excellent Michelin Experience ,Great service and food. Absolutely worth the 2 Stars. Great experience to dine In the kitchen masterchef style.,Great service and food. Absolutely worth the 2 Stars. Great experience to dine In the kitchen masterchef style.,"September 29, 2019",Barcelona_Catalonia,https://www.tripadvisor.com/Restaurant_Review-g187497-d14783967-Reviews-Cocina_Hermanos_Torres-Barcelona_Catalonia.html,UID_28826,"{'service': 'positive', 'food': 'positive', 'experience': 'positive'}"
66024,66025,Taverna_Iberia,5,Positive,review_621129841,Friends recommended this place,I really recommend this place because the atmosphere and Staff is exceptional. Felipe I love you :-)) food and drinks extremely tasty and fresh.,I really recommend this place because the atmosphere and Staff is exceptional. Felipe I love you :-)) food and drinks extremely tasty and fresh.,"October 1, 2018",Barcelona_Catalonia,https://www.tripadvisor.com/Restaurant_Review-g187497-d6788331-Reviews-or30-Taverna_Iberia-Barcelona_Catalonia.html,UID_55130,"{'atmosphere': 'positive', 'staff': 'positive', 'food': 'positive', 'drinks': 'positive'}"
10382,10383,Ziryab_Fusion_Tapas_Bar,5,Positive,review_489851813,My favourite place to eat in Barcelona,"This was my favorite meal during my stay in Barcelona. I managed to completely mess up the times of our booking, making a reservation for 6:30 which my husband pointed out to me an hour after we were due to arrive and we dashed over....","This was my favorite meal during my stay in Barcelona. I managed to completely mess up the times of our booking, making a reservation for 6:30 which my husband pointed out to me an hour after we were due to arrive and we dashed over. They were closing for a private function but said we could have the table for an hour and 15minutes. I am so pleased we stayed, the food was wonderful, each dish we ordered was so alive with flavor. We started with the mixed dips, all of which were delicious and then we enjoyed the ham wrapped dates, grilled halloumi cheese wrapped in cured ham, spicy potatoes and falafels. I have a bit of a phobia with oily food but everything was cooked to perfection, it was a fantastic meal and I hope very much to return.","June 2, 2017",Barcelona_Catalonia,https://www.tripadvisor.com/Restaurant_Review-g187497-d7302930-Reviews-or280-Ziryab_Fusion_Tapas_Bar-Barcelona_Catalonia.html,UID_9794,"{'booking': 'neutral', 'service': 'positive', 'food': 'positive', 'mixed dips': 'positive', 'ham wrapped dates': 'positive', 'grilled halloumi cheese wrapped in cured ham': 'positive', 'spicy potatoes': 'positive', 'falafels': 'positive', 'oily food': 'positive'}"
172348,172349,Cal_Pep,2,Negative,review_120994208,Over-hyped tourist trap,"Not sure if we were there on a bad night but our experience was sub-par. Cal Pep was recommended by several locals and some other tourists that we haves bumped into. Service was loud, rushed and the food unremarkable. Finally, we were way overcharged for...","Not sure if we were there on a bad night but our experience was sub-par. Cal Pep was recommended by several locals and some other tourists that we haves bumped into.  Service was loud, rushed and the food unremarkable.  Finally, we were way overcharged for the food relative to the quality of the food.  Cal Pep seems to have a good business model because of the line outside and reviews, but it wasn't for us and we won't be recommending it anytime soon. ","November 24, 2011",Barcelona_Catalonia,https://www.tripadvisor.com/Restaurant_Review-g187497-d697458-Reviews-or1290-Cal_Pep-Barcelona_Catalonia.html,UID_78572,"{'service': 'negative', 'food': 'negative', 'price': 'negative', 'atmosphere': 'neutral', 'recommendation': 'negative'}"
332668,332669,Federal_Cafe_Parlament,3,Negative,review_294616211,Nice but overpriced,nice breakfast and brunch place- a bit of a hippie place. But also very pricey for Barcelona. Croissant is very good. Rest average,nice breakfast and brunch place- a bit of a hippie place. But also very pricey for Barcelona. Croissant is very good. Rest average,"August 1, 2015",Barcelona_Catalonia,https://www.tripadvisor.com/Restaurant_Review-g187497-d2296742-Reviews-or390-Federal_Cafe_Parlament-Barcelona_Catalonia.html,UID_60506,"{'breakfast and brunch': 'positive', 'atmosphere': 'positive', 'price': 'negative', 'croissant': 'positive', 'food': 'neutral'}"
261964,261965,Barnabier,4,Positive,review_461916303,Nice location & good food.,"This is a large restaurant in the Marina of Barcelona. The food was tasty and the environment was good. The staff was accommodating and understood English. The food portions are OK, not big but it seems everywhere in Barcelona seafood/fish is expensive for the size...","This is a large restaurant in the Marina of Barcelona. The food was tasty and the environment was good. The staff was accommodating and understood English. The food portions are OK, not big but it seems everywhere in Barcelona seafood/fish is expensive for the size of plate you get. However, it was a good restaurant for a family with a 2 year old to enjoy.","February 22, 2017",Barcelona_Catalonia,https://www.tripadvisor.com/Restaurant_Review-g187497-d1155436-Reviews-or110-Barnabier-Barcelona_Catalonia.html,UID_166885,"{'restaurant size': 'positive', 'location': 'neutral', 'food': 'positive', 'atmosphere': 'positive', 'service': 'positive', 'language understanding': 'positive', 'portion size': 'neutral', 'price': 'neutral', 'family-friendliness': 'positive'}"
144835,144836,Teleferic,5,Positive,review_539517746,on our top 3 restaurants in Barcelona,"we would have probably never hear about this place if not for the receptionist at our hotel who said this is her favorite place. after eating there I understand why.it's a nice and quite simple place, in El Born, which is a cool neighborhood,...","we would have probably never hear about this place if not for the receptionist at our hotel who said this is her favorite place. after eating there I understand why. it's a nice and quite simple place, in El Born, which is a cool neighborhood, and the food is amazing. seriously. some of the best tapas we had in Barcelona, and we had lots of them... also, our waitress was so nice, friendly and helpful. great experience!","November 8, 2017",Barcelona_Catalonia,https://www.tripadvisor.com/Restaurant_Review-g187497-d3357978-Reviews-or180-Teleferic-Barcelona_Catalonia.html,UID_83912,"{'recommendation': 'positive', 'atmosphere': 'positive', 'location': 'positive', 'food': 'positive', 'service': 'positive', 'experience': 'positive'}"
227183,227184,La_Informal,5,Positive,review_535299931,Best food I've eaten!! ,"Went here for dinner 2 nights in a row, their burgers are so amazing and so well cooked. They have interesting/fun varieties! Their homemade fries are spectacular as well!","Went here for dinner 2 nights in a row, their burgers are so amazing and so well cooked. They have interesting/fun varieties! Their homemade fries are spectacular as well!","October 23, 2017",Barcelona_Catalonia,https://www.tripadvisor.com/Restaurant_Review-g187497-d5483071-Reviews-or20-La_Informal-Barcelona_Catalonia.html,UID_150907,"{'burgers': 'positive', 'cooking': 'positive', 'variety': 'positive', 'fries': 'positive'}"
231672,231673,Restaurante_Arola,5,Positive,review_242279212,Best tapas ever!!,"We stayed in the Hotel Arts at the weekend and decided to try the Arola after searching restaurants on this site. What an experience! The waiting staff are truly amazing - attentive and professional. One particular girl stood out, but unfortunately we didn't get her...","We stayed in the Hotel Arts at the weekend and decided to try the Arola after searching restaurants on this site. What an experience! The waiting staff are truly amazing - attentive and professional. One particular girl stood out, but unfortunately we didn't get her name.  We have eaten and cooked tapas for many years but have NEVER experienced such wonderfully creative and contemporary food presented beautifully. It was a gastronomic delight! We don't usually order a dessert, but on this occasion shared a cheesecake - it was INCREDIBLE! By far the best dessert I have ever tasted. I would definitely give this restaurant a 10/10. The bill was 110 euros, including wine, which we thought was great value for such an exquisite dining experience.","December 1, 2014",Barcelona_Catalonia,https://www.tripadvisor.com/Restaurant_Review-g187497-d1080720-Reviews-or140-Restaurante_Arola-Barcelona_Catalonia.html,UID_153021,"{'service': 'positive', 'food': 'positive', 'dessert': 'positive', 'price': 'positive'}"
239654,239655,Sitar_Restaurant,4,Positive,review_211132006,Nice Indian dinner,"Ordered two dishes, white rice and naan bread. Rice is not included in the dishes so you should order this separately. Food tasted very good, service friendly (and they speak English quite good). Price including two drinks around €25. I would definitely recommend this place...","Ordered two dishes, white rice and naan bread. Rice is not included in the dishes so you should order this separately. Food tasted very good, service friendly (and they speak English quite good). Price including two drinks around €25. I would definitely recommend this place as a welcome variation to all tapas restaurants. ","June 19, 2014",Barcelona_Catalonia,https://www.tripadvisor.com/Restaurant_Review-g187497-d4002270-Reviews-or150-Sitar_Restaurant-Barcelona_Catalonia.html,UID_153375,"{'dishes': 'positive', 'rice': 'neutral', 'naan bread': 'neutral', 'food': 'positive', 'service': 'positive', 'price': 'positive', 'variety': 'positive'}"
167531,167532,Bar_Bitacora_Barceloneta,2,Negative,review_417034645,Not worth it - Horrible staff,"The food is good (except for the seafood) but the staff were hostile. We all speak Spanish, and were polite, but nothing mattered. Such a shame..","The food is good (except for the seafood) but the staff were hostile. We all speak Spanish, and were polite, but nothing mattered. Such a shame..","September 11, 2016",Barcelona_Catalonia,https://www.tripadvisor.com/Restaurant_Review-g187497-d3655482-Reviews-or40-Bar_Bitacora_Barceloneta-Barcelona_Catalonia.html,UID_120488,"{'food': 'positive', 'seafood': 'negative', 'staff': 'negative'}"
251248,251249,Loft_Del_Born,5,Positive,review_469711288,Great tapas and service,"yummy, service is top notch, loved the staff, knowledgable, great food and ambiance, went back twice, gotta try the fois","yummy, service is top notch, loved the staff, knowledgable, great food and ambiance, went back twice, gotta try the fois","March 23, 2017",Barcelona_Catalonia,https://www.tripadvisor.com/Restaurant_Review-g187497-d4589368-Reviews-or50-Loft_Del_Born-Barcelona_Catalonia.html,UID_156968,"{'service': 'positive', 'staff': 'positive', 'food': 'positive', 'ambiance': 'positive', 'fois': 'neutral'}"
406504,406505,Buenos_Aires_Grill_Restaurant_Eixample,5,Positive,review_205496218,Excelente Carne a la brasa... muy buen servicio!,"Excelente Carne a la brasa... muy buen servicio!I've enjoyed already two dinners at the Restaurant, trying diff. type of meet and diff. trimmings. All was excellent!Will visit again on my next trip to Barcelona!","Excelente Carne a la brasa... muy buen servicio!I've enjoyed already two dinners at the Restaurant, trying diff. type of meet and diff. trimmings. All was excellent!Will visit again on my next trip to Barcelona!","May 14, 2014",Barcelona_Catalonia,https://www.tripadvisor.com/Restaurant_Review-g187497-d6413496-Reviews-or1600-Buenos_Aires_Grill_Restaurant_Eixample-Barcelona_Catalonia.html,UID_222521,"{'carne a la brasa': 'positive', 'service': 'positive', 'variety': 'positive', 'overall experience': 'positive'}"
266428,266429,Cafe_Modu,5,Positive,review_559553224,The best Korean food I've had in Spain,"Meals in Modu are delicious and very authentic. Price level is very affordable, especially compared to the huge portions. The atmosphere in the restaurant is enjoyable and service extremely friendly. I want to go here every week!","Meals in Modu are delicious and very authentic. Price level is very affordable, especially compared to the huge portions. The atmosphere in the restaurant is enjoyable and service extremely friendly. I want to go here every week!","February 10, 2018",Barcelona_Catalonia,https://www.tripadvisor.com/Restaurant_Review-g187497-d12627321-Reviews-or10-Cafe_Modu-Barcelona_Catalonia.html,UID_87868,"{'meals': 'positive', 'authenticity': 'positive', 'price': 'positive', 'portion size': 'positive', 'atmosphere': 'positive', 'service': 'positive'}"
40275,40276,Colom,5,Positive,review_610237663,Great place to eat Spanish Foods!!,"We ate great Spanish Foods especially Tapas and Paella! That was delicious. Looking forward to come back to Barcelona and eat one more again. Peoples are kind and restaurant is clean! Desserts are good also I added a picture, price are average!","We ate great Spanish Foods especially Tapas and Paella! That was delicious. Looking forward to come back to Barcelona and eat one more again. Peoples are kind and restaurant is clean! Desserts are good also I added a picture, price are average!","August 25, 2018",Barcelona_Catalonia,https://www.tripadvisor.com/Restaurant_Review-g187497-d3179219-Reviews-or1430-Colom-Barcelona_Catalonia.html,UID_35355,"{'spanish foods': 'positive', 'tapas': 'positive', 'paella': 'positive', 'location': 'positive', 'service': 'positive', 'cleanliness': 'positive', 'desserts': 'positive', 'price': 'neutral'}"
62919,62920,Caramba,4,Positive,review_466117754,Good Tapas!,We found this restaurant by accident. We are supposed to go to Can Vilaró but it was closed. We looked for a nearby restaurant and we are glad to found Caramba on Trip Advisor. It is a bit out of the way of the Tourist...,"We found this restaurant by accident. We are supposed to go to Can Vilaró but it was closed. We looked for a nearby restaurant and we are glad to found Caramba on Trip Advisor.  It is a bit out of the way of the Tourist Area but it will be a worthwhile visit. We found the aubergine and goat cheese, and the Potato, Egg & Foie gras are particularly good. The prices are reasonable too.","March 10, 2017",Barcelona_Catalonia,https://www.tripadvisor.com/Restaurant_Review-g187497-d1872794-Reviews-or10-Caramba-Barcelona_Catalonia.html,UID_52841,"{'restaurant location': 'neutral', 'aubergine and goat cheese': 'positive', 'potato, egg & foie gras': 'positive', 'price': 'positive'}"
203525,203526,Pork_Tuna,5,Positive,review_658121862,Very nice Tapas bar,"Was recommended this place by my hotel.  Went there with low expectations and was blown away.  Nice casual dining space, with great ambience.  Really helpful staff who provided a menu in English.  Tapas was excellent and not expensive.  Desserts were amazing.","Was recommended this place by my hotel.  Went there with low expectations and was blown away.  Nice casual dining space, with great ambience.  Really helpful staff who provided a menu in English.  Tapas was excellent and not expensive.  Desserts were amazing.","March 12, 2019",Barcelona_Catalonia,https://www.tripadvisor.com/Restaurant_Review-g187497-d12036041-Reviews-Pork_Tuna-Barcelona_Catalonia.html,UID_110286,"{'recommendation': 'positive', 'expectations': 'positive', 'atmosphere': 'positive', 'service': 'positive', 'tapas': 'positive', 'price': 'positive', 'desserts': 'positive'}"
348300,348301,On_Crave_Brunch,5,Positive,review_661563036,Good brunch,"Good brunch if you looking for this type of food, you will not make a mistake if you go to the brunch in this restaurant","Good brunch if you looking for this type of food, you will not make a mistake if you go to the brunch in this restaurant","March 27, 2019",Barcelona_Catalonia,https://www.tripadvisor.com/Restaurant_Review-g187497-d12498235-Reviews-On_Crave_Brunch-Barcelona_Catalonia.html,UID_40345,"{'brunch': 'positive', 'restaurant': 'positive'}"
279530,279531,Tapas_24,4,Positive,review_471966525,"Fine tapas, great taste, bad service ","This place is definitely good. Tapas are real good and with fine ingredients. The main issue is that you pay even for pancontomate which should be free (come on guys, bread with a bit of tomatoes, my grandma was feeding my whole family with that...","This place is definitely good. Tapas are real good and with fine ingredients. The main issue is that you pay even for pancontomate which should be free (come on guys, bread with a bit of tomatoes, my grandma was feeding my whole family with that for the equivalent of 2 euros). Toasts with jamon and manchego are amazing. Fish too. Bad parts are that you have to wait FOREVER to get a spot. That it is really too expensive for the amount of stuff you can get. And that service is not the most polite. But I do really like this place, give it a try!","April 1, 2017",Barcelona_Catalonia,https://www.tripadvisor.com/Restaurant_Review-g187497-d1314895-Reviews-or520-Tapas_24-Barcelona_Catalonia.html,UID_174693,"{'place': 'positive', 'tapas': 'positive', 'ingredients': 'positive', 'price': 'negative', 'toasts with jamon and manchego': 'positive', 'fish': 'positive', 'wait time': 'negative', 'service': 'negative'}"
389546,389547,Vitaminas_Burger_Beach_Bar,3,Negative,review_389003022,Average...,"Ordered a milkshake, bacon cheese burger, two soft drinks and a fish burger- £€29.60. Beef burger was really nice apparently, but the fish burger was abandoned half way through- I have no idea what type of fish it was (the waitress couldn't tell me...). It...","Ordered a milkshake, bacon cheese burger, two soft drinks and a fish burger- £€29.60. Beef burger was really nice apparently, but the fish burger was abandoned half way through- I have no idea what type of fish it was (the waitress couldn't tell me...). It was full of weird herbs?? Service was very very very very slow, and it was almost empty.","July 4, 2016",Barcelona_Catalonia,https://www.tripadvisor.com/Restaurant_Review-g187497-d4266811-Reviews-or50-Vitaminas_Burger_Beach_Bar-Barcelona_Catalonia.html,UID_9887,"{'milkshake': 'neutral', 'bacon cheese burger': 'positive', 'soft drinks': 'neutral', 'fish burger': 'negative', 'price': 'neutral', 'service': 'negative'}"
394965,394966,Via_70_Restaurant_Wine_Bar_Lounge,5,Positive,review_621975792,Great location ,Had a lovely meal here and some drinks. Great location for people watching.  Even got to see a parade and some very good street entertainment. Drinks were more expensive but what a size. Staff very friendly and attentive would definitely recommend. Janice G Glasgow,Had a lovely meal here and some drinks. Great location for people watching.  Even got to see a parade and some very good street entertainment. Drinks were more expensive but what a size. Staff very friendly and attentive would definitely recommend. Janice G Glasgow,"October 3, 2018",Barcelona_Catalonia,https://www.tripadvisor.com/Restaurant_Review-g187497-d13339180-Reviews-Via_70_Restaurant_Wine_Bar_Lounge-Barcelona_Catalonia.html,UID_175114,"{'meal': 'positive', 'drinks': 'positive', 'location': 'positive', 'price': 'negative', 'service': 'positive', 'atmosphere': 'positive'}"
89683,89684,BarCeloneta_Sangria_Bar,4,Positive,review_537175976,Fairly expensive but glad we visited,"This is a small restaurant/bar that serves a great choice of Sangria and we enjoyed the couple that we ordered. We each had a different favourite but would been happy with either of them.As a couple , we were seated in the only remaining...","This is a small restaurant/bar that serves a great choice of Sangria and we enjoyed the couple that we ordered. We each had a different favourite but would been happy with either of them. As a couple , we were seated in the only remaining table for 2 people, which was by the door and the bench against the wall was only suitable for short people due to the shelf that taller people could not fit under. We pointed this out to our waitress but she just shrugged and said that that was the way it is. I sat in the opposite chair, which meant I partially blocked the entrance door. The food was expensive but very enjoyable. Despite the table not being ideal and the food being expensive, we would visit again if/when we come back to Barcelona.","October 30, 2017",Barcelona_Catalonia,https://www.tripadvisor.com/Restaurant_Review-g187497-d3607626-Reviews-or170-BarCeloneta_Sangria_Bar-Barcelona_Catalonia.html,UID_20292,"{'restaurant/bar size': 'neutral', 'sangria': 'positive', 'seating arrangement': 'negative', 'service': 'negative', 'food': 'positive', 'price': 'negative', 'return visit': 'positive'}"
306783,306784,Bodega_Monumental_Carrer_Marina,3,Negative,review_534319017,Nothing special,"The restaurant was almost empty during early evening. We've tried some tapas, patatas bravas and house wine. Food was okay wine passable. Staff was friendly and helpful. Liquer on house at the end is nice.","The restaurant was almost empty during early evening. We've tried some tapas, patatas bravas and house wine. Food was okay wine passable. Staff was friendly and helpful. Liquer on house at the end is nice.","October 19, 2017",Barcelona_Catalonia,https://www.tripadvisor.com/Restaurant_Review-g187497-d10631742-Reviews-Bodega_Monumental_Carrer_Marina-Barcelona_Catalonia.html,UID_176104,"{'restaurant occupancy': 'neutral', 'tapas': 'neutral', 'patatas bravas': 'neutral', 'wine': 'neutral', 'food': 'neutral', 'service': 'positive', 'complimentary items': 'positive'}"
381248,381249,Big_Al_s_American_Kitchen,4,Positive,review_348825506,"Unique Burgers, Beer, and Curly Fries!","Our hotel was just around the corner from Big Al's in a sleepy neighborhood, but it was crowded on a Friday night. The obvious reason for coming here is the burgers. Some have unique ingredients like banana, peanut butter, and bacon. My husband had one...","Our hotel was just around the corner from Big Al's in a sleepy neighborhood, but it was crowded on a Friday night. The obvious reason for coming here is the burgers. Some have unique ingredients like banana, peanut butter, and bacon. My husband had one that was on a marbled rye bread. There are about ten different types of craft beers to choose from. The curly fries are on par with Arby's in the U.S., which are delicious! Our waiter was very with it the entire time from taking our names on the wait list to suggesting a beer my husband might like. Prices were reasonable and we left with full stomachs. My only criticism was the actual taste of the burgers were a little off, almost not hamburger-y enough... the soft brioche bun is almost too airy and flavorless and the hamburger meat did not seem to be seasoned. All in all a unique place to get your burger fix in a relaxed atmosphere.","February 18, 2016",Barcelona_Catalonia,https://www.tripadvisor.com/Restaurant_Review-g187497-d8651926-Reviews-or140-Big_Al_s_American_Kitchen-Barcelona_Catalonia.html,UID_45685,"{'location': 'neutral', 'crowd': 'positive', 'burgers': 'negative', 'ingredients': 'positive', 'bread': 'negative', 'beer selection': 'positive', 'fries': 'positive', 'service': 'positive', 'price': 'positive', 'atmosphere': 'positive', 'bun': 'negative', 'meat seasoning': 'negative'}"
56472,56473,Restaurante_Parrilla_Alfonsina,5,Positive,review_379172751,On the top of our list for best meal we had in Barcelona.,We had the best steak and dining experience at this restaurant.  The food and service was excellent. The owner helped us with our dinner selection and helped make our experience great. I would put this on anyone's list for places to eat if they are...,We had the best steak and dining experience at this restaurant. The food and service was excellent. The owner helped us with our dinner selection and helped make our experience great. I would put this on anyone's list for places to eat if they are in the area. The sirloin steak was the best I have had in a long time. Highly recommended.,"June 2, 2016",Barcelona_Catalonia,https://www.tripadvisor.com/Restaurant_Review-g187497-d1499251-Reviews-or170-Restaurante_Parrilla_Alfonsina-Barcelona_Catalonia.html,UID_48025,"{'steak': 'positive', 'dining experience': 'positive', 'food': 'positive', 'service': 'positive', 'owner': 'positive', 'restaurant recommendation': 'positive'}"
131746,131747,Casa_Calvet,4,Positive,review_553811655,Mixed feelings,"There is no point in copying previous descriptions and as we all know ""De gustibus non est disputandum"". However, this is a Michelin recommended restaurant with relatively high prices (in the Spanish context).We had the degustation menu, which had a series of surprisingly new,...","There is no point in copying previous descriptions and as we all know ""De gustibus non est disputandum"". However, this is a Michelin recommended restaurant with relatively high prices (in the Spanish context). We had the degustation menu, which had a series of surprisingly new, fresh, original flavours, without repetition throughout the courses. Given the large number of dishes, the portions were modest. The service was correct, knowledgeable, speaking excellent English, but something was lacking. Almost as if we were tolerated for dinner instead of being valued guests. Worse was the way a small issue was handled. Sometimes something is less than perfect, those things do happen. In my minuscule peace of meat, I had too many tough ligaments and honestly it didn't taste well. When I mentioned it to the waiter, he could have handled it better. ""I will inform the kitchen"" without follow-up, is not enough. If this restaurant is aiming for a star, then there are some details to be improved.","January 14, 2018",Barcelona_Catalonia,https://www.tripadvisor.com/Restaurant_Review-g187497-d697472-Reviews-Casa_Calvet-Barcelona_Catalonia.html,UID_52375,"{'restaurant recommendation': 'positive', 'price': 'negative', 'degustation menu': 'positive', 'food variety': 'positive', 'portion size': 'neutral', 'service': 'negative', 'atmosphere': 'negative', 'meat quality': 'negative', 'waiter response': 'negative'}"
383117,383118,Maitea_Taberna,4,Positive,review_129049699,Good Eats & Inexpensive,Chose this restaurant since it was close to the hotel and it was rated high on Tripadvisor. It was our first tapas experience in Barcelona and it did not disappoint. The service was quick since there was only a handful of us there on an...,"Chose this restaurant since it was close to the hotel and it was rated high on Tripadvisor. It was our first tapas experience in Barcelona and it did not disappoint. The service was quick since there was only a handful of us there on an early Tuesday night. The tapas were good and inexpensive and the volcan de chocolate dessert was very good. As we paid the bill, we were told each Tuesday a free bottle of apple cider is given to customers, which was a pleasant surprise. Mondays they give out wine.","April 29, 2012",Barcelona_Catalonia,https://www.tripadvisor.com/Restaurant_Review-g187497-d1058280-Reviews-or320-Maitea_Taberna-Barcelona_Catalonia.html,UID_98020,"{'location': 'positive', 'rating': 'positive', 'service': 'positive', 'tapas': 'positive', 'price': 'positive', 'dessert': 'positive', 'promotions': 'positive'}"
9078,9079,Foc_i_Oli_Aribau,5,Positive,review_619100138,Best burger in BCN,"The most tasty burger i have eaten in a long time, all fresh, good prices and the staff is extremely nice.","The most tasty burger i have eaten in a long time, all fresh, good prices and the staff is extremely nice.","September 24, 2018",Barcelona_Catalonia,https://www.tripadvisor.com/Restaurant_Review-g187497-d4091047-Reviews-or40-Foc_i_Oli_Aribau-Barcelona_Catalonia.html,UID_8591,"{'burger': 'positive', 'price': 'positive', 'service': 'positive'}"
232780,232781,Koska_Taverna,5,Positive,review_136148117,Imaginative pinchos,"Koska is a Basque tapas bar, so they serve pinchos - little rounds of bread with different toppings held together with a cocktail stick. I have been to various but I love the ones in Koska for being so original. I have tried salt-cod with...","Koska is a Basque tapas bar, so they serve pinchos - little rounds of bread with different toppings held together with a cocktail stick. I have been to various but I love the ones in Koska for being so original. I have tried salt-cod with a tomatoe jam, quails egg and spinach in addition to the commoner tortilla etc etc. The only down side is that there is usually a wait for the terrace tables.","August 3, 2012",Barcelona_Catalonia,https://www.tripadvisor.com/Restaurant_Review-g187497-d2302372-Reviews-or50-Koska_Taverna-Barcelona_Catalonia.html,UID_153526,"{'food': 'positive', 'wait time': 'negative', 'atmosphere': 'neutral'}"
67412,67413,Vegetalia_Gotico,4,Positive,review_393434050,Good place for vegetarians,"Nice restaurant at the Plaça de George Orwell. They offer delicious vegetarian and vegan dishes (not always easy to find such in Barcelona), of both international and local style.Compared to many other restaurants in Barcelona, this one shines out as the prices are really...","Nice restaurant at the Plaça de George Orwell. They offer delicious vegetarian and vegan dishes (not always easy to find such in Barcelona), of both international and local style. Compared to many other restaurants in Barcelona, this one shines out as the prices are really cheap for Barcelona and you get fresh and great vegetarian and vegan food.","July 17, 2016",Barcelona_Catalonia,https://www.tripadvisor.com/Restaurant_Review-g187497-d1190818-Reviews-or510-Vegetalia_Gotico-Barcelona_Catalonia.html,UID_56209,"{'restaurant location': 'positive', 'vegetarian and vegan dishes': 'positive', 'food variety': 'positive', 'price': 'positive', 'food quality': 'positive'}"
23488,23489,Restaurante_Arume,5,Positive,review_238818307,Great food & friendly staff,Checked out the restaurants on trip advisor and it turned out this was just around the corner of our hotel. Everything we had was very good / delicious and the staff is so nice. Loved the blackberry mojitos. We spoke to the owner who is...,"Checked out the restaurants on trip advisor and it turned out this was just around the corner of our hotel.  Everything we had was very good / delicious and the staff is so nice. Loved the blackberry mojitos. We spoke to the owner who is very passionate about his restaurant. His brother is the head chef and has previously worked in a Michelin star rated restaurant. Dislike : nothing really, in some dishes I would have liked a bit more texture. Good value for money, we had 2starters, 2mains, 1dessert, 3 mojitos, 2glasses of wine and paid € 60. A very enjoyable evening.","November 8, 2014",Barcelona_Catalonia,https://www.tripadvisor.com/Restaurant_Review-g187497-d6839857-Reviews-or1660-Restaurante_Arume-Barcelona_Catalonia.html,UID_21433,"{'location': 'positive', 'food': 'positive', 'staff': 'positive', 'blackberry mojitos': 'positive', 'owner': 'positive', 'chef': 'positive', 'texture': 'negative', 'value for money': 'positive', 'atmosphere': 'positive'}"
59325,59326,Pasapalo,1,Negative,review_666865741,Tasteless luke-warm food.,We ordered Spanish omelette as a tapas starter followed by Cataluyna meatballs as a main. The omelette seemed devoid of eggs and vegetables and was luke-warm. The main course was lacking in any flavour and was served cold. Even after it was sent back it...,We ordered Spanish omelette as a tapas starter followed by Cataluyna meatballs as a main. The omelette seemed devoid of eggs and vegetables and was luke-warm. The main course was lacking in any flavour and was served cold. Even after it was sent back it was barely warm. The chef was clearly unaware of the need to add spices or any flavourings to the dish. Avoid like the plague.,"April 16, 2019",Barcelona_Catalonia,https://www.tripadvisor.com/Restaurant_Review-g187497-d8669448-Reviews-or10-Pasapalo-Barcelona_Catalonia.html,UID_10717,"{'spanish omelette': 'negative', 'cataluyna meatballs': 'negative', 'temperature': 'negative', 'chef': 'negative'}"
298601,298602,Txapela,1,Negative,review_206887399,"Dull food, drab decor, over priced",To sum up in a few words don't bother. It's like Noodle Time but with less character. If you like factory produced tapas on stale bread this place is for you.,To sum up in a few words don't bother. It's like Noodle Time but with less character. If you like factory produced tapas on stale bread this place is for you.,"May 24, 2014",Barcelona_Catalonia,https://www.tripadvisor.com/Restaurant_Review-g187497-d782627-Reviews-or670-Txapela-Barcelona_Catalonia.html,UID_1021,"{'restaurant comparison': 'negative', 'food': 'negative', 'atmosphere': 'negative'}"
159270,159271,Ultramarinos,3,Negative,review_678384924,Sneaky tactics. Read every page of the menu before ordering,"We sat there after looking at the offer on the board which stated selection of tapas for 11.90. The waiter came overgiving us 3 different menus, one was a piece of paper showing the 'offers'. We told her we wanted 2 x the tapas offer...","We sat there after looking at the offer on the board which stated selection of tapas for 11.90. The waiter came overgiving us 3 different menus, one was a piece of paper showing the 'offers'. We told her we wanted 2 x the tapas offer and 2 drinks. The food was good and tasty but when we asked for the bill we were wondering why the prizes were different than the ones we saw. We asked the waiter and she told us that it's 15% extra for when you sit on the terrace. We told her were not told and didn't see it anywhere. So she brought the menu and she showed us a tiny box 1 x cm saying 15% extra on the terrace. None would notice this box unless shown. It is a shame using such scam tactics.","June 2, 2019",Barcelona_Catalonia,https://www.tripadvisor.com/Restaurant_Review-g187497-d8362537-Reviews-or70-Ultramarinos-Barcelona_Catalonia.html,UID_115671,"{'offer': 'neutral', 'menu': 'negative', 'service': 'negative', 'tapas': 'positive', 'price': 'negative', 'atmosphere': 'neutral'}"
33643,33644,The_Box,5,Positive,review_412662308,"Second visit, as good as i remeber it :)","It's the second time i've visited this place.They still make the best Hot Dogs i've ever had.We've tried 2 hot dogs:- cheese & guacamole- cheese & coleslawYou might not think too much of hot dogs, but please, you must try...","It's the second time i've visited this place. They still make the best Hot Dogs i've ever had. We've tried 2 hot dogs: - cheese & guacamole - cheese & coleslaw You might not think too much of hot dogs, but please, you must try them out...it's a mouth watering experience.","August 30, 2016",Barcelona_Catalonia,https://www.tripadvisor.com/Restaurant_Review-g187497-d5820228-Reviews-or270-The_Box-Barcelona_Catalonia.html,UID_4543,"{'hot dogs': 'positive', 'experience': 'positive'}"
82723,82724,Gaudim_Restaurant,5,Positive,review_313052116,Go here for a real Spanish meal (Paella and so much more),"This restaurant is located in an unassuming place in the middle of town, close to the touristic areas but not in the middle of it all. It is a place where locals would go for a great meal at a reasonable (but not low) price....","This restaurant is located in an unassuming place in the middle of town, close to the touristic areas but not in the middle of it all. It is a place where locals would go for a great meal at a reasonable (but not low) price. The food was amazing, the service superb and the ambiance when Barcelonian businessmen start flowing for lunch at 4 PM is unique.","September 23, 2015",Barcelona_Catalonia,https://www.tripadvisor.com/Restaurant_Review-g187497-d5483449-Reviews-or470-Gaudim_Restaurant-Barcelona_Catalonia.html,UID_67327,"{'location': 'positive', 'price': 'positive', 'food': 'positive', 'service': 'positive', 'atmosphere': 'positive'}"
132288,132289,Bar_Pinotxo,3,Negative,review_528941773,Pricey but decent food,"For a food stall in La Bogeria, €12 for a shrimp and veggie omelette seemed excessive.  For that price you could get yourself a hearty paella around that neighborhood.","For a food stall in La Bogeria, €12 for a shrimp and veggie omelette seemed excessive.  For that price you could get yourself a hearty paella around that neighborhood.","October 2, 2017",Barcelona_Catalonia,https://www.tripadvisor.com/Restaurant_Review-g187497-d1074885-Reviews-or110-Bar_Pinotxo-Barcelona_Catalonia.html,UID_2685,"{'price': 'negative', 'food': 'neutral', 'alternative options': 'positive'}"
238884,238885,DonCurado_Tasting_Barcelona,1,Negative,review_604338011,My review of this place has declined with each visit,"First time I went there was on a Sunday, very late. We had just moved to the area and were looking for a nice place to have a late lunch. They had a menu, which offered a lot of options (lots with an extra cost)...","First time I went there was on a Sunday, very late. We had just moved to the area and were looking for a nice place to have a late lunch. They had a menu, which offered a lot of options (lots with an extra cost) so we went inside. Service was OK, food was very nice, portions big.  Second time I went, it was early, place was packed and thus service was not good. Waiter and who I assume is the owner were harsh and unwelcoming, almost rushing you to leave even when it's not a fast food place.  Third time I went, even though it was still within the hours for the lunchtime menu, they didn't want to serve it to us. We then had to order from the regular menu which is way more expensive. Waitress was very unprofessional making comments like ""well you know, I don't really want to work or like working, I'm that type of girl, so I can't really make any menu suggestions"".... Forth time is the last time I'll ever go unless they all have a serious change in attitude. They have nice food but I don't need to feel insulted or made uncomfortable by the staff there. We were 3, so they sat us in a 4 people table. We had our purses with us and umbrellas and as they don't have a place to hang anything, we left our things at the empty chair. While sitting down the owner couldn't stop being preoccupied by our ""bodies dropping one of the bottles on the display""...well don't have bottles where customers may drop them! Our order was taken rushing us, not explaining what certain dishes were like (my mom is allergic to seafood so they should know what their plates contain), and with a very bad mood overall. To top this, we were starting our main courses when a couple came in, and for no apparent reason, they made us move our things from the chair, place them on the table...because they needed the chair? couple didn't even sit on the table next to us but rather on one far away with two perfectly fine chairs. We asked for the check, but of course they were too busy to bring it, so we had to pay at the bar counter. Owner was dispatching everyone rushing them like if we were kettle and on top of that making unprofessional smart remarks if you were a second too slow for his liking.","August 8, 2018",Barcelona_Catalonia,https://www.tripadvisor.com/Restaurant_Review-g187497-d4757741-Reviews-DonCurado_Tasting_Barcelona-Barcelona_Catalonia.html,UID_12416,"{'service': 'negative', 'food': 'positive', 'portion size': 'positive', 'wait time': 'negative', 'staff attitude': 'negative', 'menu options': 'positive', 'menu prices': 'negative', 'waitress professionalism': 'negative', 'seating arrangement': 'negative', 'restaurant atmosphere': 'negative', 'payment process': 'negative'}"
74651,74652,Bar_Canete,5,Positive,review_632170437,Absolutely Fell In Love With The Place - Highly Recommend!,This is one of those restaurants that go on your list of places that you will a) come back to everytime you travel back to Barcelona and b) recommend to all your friends.I am a huge fan of restaurants that have comfortable bar counter...,"This is one of those restaurants that go on your list of places that you will a) come back to everytime you travel back to Barcelona and b) recommend to all your friends. I am a huge fan of restaurants that have comfortable bar counter seating that is lined up against a bar and/or an open kitchen. Being able to connect with the staff while they are making your drinks/cooking your food is an undervalued experience. Here as soon as you arrive, you will be greeted by your server, who will be more than happy to walk you through the menu and help you craft your meal. Quality of food was excellent, oysters, tomato bread, razor clams and the paella all stood out as winners and the wine list was also great. Just loved the buzz of hearing the kitchen work to produce great food. Highly recommend.","November 9, 2018",Barcelona_Catalonia,https://www.tripadvisor.com/Restaurant_Review-g187497-d1905775-Reviews-or270-Bar_Canete-Barcelona_Catalonia.html,UID_61521,"{'restaurant recommendation': 'positive', 'atmosphere': 'positive', 'service': 'positive', 'food quality': 'positive', 'oysters': 'positive', 'tomato bread': 'positive', 'razor clams': 'positive', 'paella': 'positive', 'wine list': 'positive', 'kitchen experience': 'positive'}"
306425,306426,La_Biennal,2,Negative,review_402839656,Lunch ,We ordered the lunch menu and we were not impressed. I don't know if the food is better ordering from the menu card. None of us liked the Risotto that was not as the typical creamy authentic risotto and with too strong a taste of...,We ordered the lunch menu and we were not impressed. I don't know if the food is better ordering from the menu card. None of us liked the Risotto that was not as the typical creamy authentic risotto and with too strong a taste of ham for our taste. The fries with butifarra was regular but could have been more interesting presented. The watermelon was over mature you could tell even before tasting it. The service was great. The young waiter was attentive. I would give 5 stars and 1 for the food. ,"August 8, 2016",Barcelona_Catalonia,https://www.tripadvisor.com/Restaurant_Review-g187497-d2100893-Reviews-or10-La_Biennal-Barcelona_Catalonia.html,UID_48938,"{'lunch menu': 'negative', 'food': 'negative', 'risotto': 'negative', 'fries with butifarra': 'neutral', 'watermelon': 'negative', 'service': 'positive'}"
200672,200673,El_Corte_Ingles,3,Negative,review_444086200,All you need,Many top designer and less known brands under one roof. A 8 floor store so you will basically find most you need. Some staff @electronics department totally clueless. Good mall overall,Many top designer and less known brands under one roof. A 8 floor store so you will basically find most you need. Some staff @electronics department totally clueless. Good mall overall,"December 13, 2016",Barcelona_Catalonia,https://www.tripadvisor.com/Restaurant_Review-g187497-d997955-Reviews-or160-El_Corte_Ingles-Barcelona_Catalonia.html,UID_137898,"{'variety of brands': 'positive', 'store size': 'positive', 'staff knowledge': 'negative', 'overall experience': 'positive'}"
395550,395551,Restaurante_Tobogan,1,Negative,review_127147760,Don't be fooled,"The menu looked interesting and the restaurant was busy, wished we'd checked trip advisor first, it's as bad as reported. The leg of young goat was clearly more of an old nag and the paella had been cooking for as long as the goat had...","The menu looked interesting and the restaurant was busy, wished we'd checked trip advisor first, it's as bad as reported. The leg of young goat was clearly more of an old nag and the paella had been cooking for as long as the goat had been grazing, it was stuck to the pan! Most other diners looked similarly unimpressed. Suggest you look elsewhere and avoid this place","April 2, 2012",Barcelona_Catalonia,https://www.tripadvisor.com/Restaurant_Review-g187497-d997199-Reviews-or460-Restaurante_Tobogan-Barcelona_Catalonia.html,UID_32611,"{'menu': 'positive', 'restaurant popularity': 'positive', 'restaurant reputation': 'negative', 'leg of young goat': 'negative', 'paella': 'negative', ""other diners' reactions"": 'negative', 'recommendation': 'negative'}"
381506,381507,PaTapas,2,Negative,review_711082035,Nice location - but better options,"Came here for dinner while getting lost in the Gothic Quarter. We ordered the tapas special - pretty much uniformly poor. Croquettes were still cold in centre, potatoes tasteless, spicy sauce without any real flavour. And the waiters were pretty much disinterested in us (while...","Came here for dinner while getting lost in the Gothic Quarter. We ordered the tapas special - pretty much uniformly poor. Croquettes were still cold in centre, potatoes tasteless, spicy sauce without any real flavour. And the waiters were pretty much disinterested in us (while the service was fast, hard to raise a smile or even get their attention). There are better options inside of 200m - find them and eat there. ","September 19, 2019",Barcelona_Catalonia,https://www.tripadvisor.com/Restaurant_Review-g187497-d3786374-Reviews-or10-PaTapas-Barcelona_Catalonia.html,UID_12855,"{'dinner': 'neutral', 'location': 'neutral', 'tapas': 'negative', 'croquettes': 'negative', 'potatoes': 'negative', 'sauce': 'negative', 'service': 'negative', 'waiters': 'negative', 'alternatives': 'positive'}"
203619,203620,Gola_Taperia,4,Positive,review_427333342,"Good tapas, pasta and wine","They opened last week. The restaurant is a new option in Gracia to eat pasta and flavored tapas. There are few options, all of them fresh and my with love. Now, at afternoon, they ofer a free tapa with every consumtion. It is a good...","They opened last week. The restaurant is a new option in Gracia to eat pasta and flavored tapas. There are few options, all of them fresh and my with love. Now, at afternoon, they ofer a free tapa with every consumtion. It is a good option before have dinner or to dinner.","October 12, 2016",Barcelona_Catalonia,https://www.tripadvisor.com/Restaurant_Review-g187497-d11637299-Reviews-or10-Gola_Taperia-Barcelona_Catalonia.html,UID_42530,"{'restaurant': 'positive', 'pasta': 'positive', 'tapas': 'positive', 'food variety': 'negative', 'food quality': 'positive', 'offer': 'positive', 'price': 'positive'}"
27059,27060,Restaurant_Montiel,5,Positive,review_168427545,Very accomodating for different dietary restrictions,"I have eaten at several amazing restaurants.  This one is just below some of the best.  I am vegetarian and my partner is gluten free.  I emailed them ahead of time about our diets, and they were more than willing to design a menu around...","I have eaten at several amazing restaurants. This one is just below some of the best. I am vegetarian and my partner is gluten free. I emailed them ahead of time about our diets, and they were more than willing to design a menu around them.  But on top of that, the food was creative, delicious, and well-presented. They need to up the air conditioning level, as it got pretty warm.","July 21, 2013",Barcelona_Catalonia,https://www.tripadvisor.com/Restaurant_Review-g187497-d1205006-Reviews-or1140-Restaurant_Montiel-Barcelona_Catalonia.html,UID_24491,"{'restaurant ranking': 'positive', 'vegetarian options': 'positive', 'gluten free options': 'positive', 'customer service': 'positive', 'food creativity': 'positive', 'food taste': 'positive', 'food presentation': 'positive', 'air conditioning': 'negative'}"
273761,273762,El_Jardi,4,Positive,review_444965743,very good ambience,We went there with our friends for drinks. We had tried the Sagrias and nachos and it was not bad. The most amazing part about going here is it is in the middle of a very crowded area i.e Ramblas but it is so isolated...,"We went there with our friends for drinks. We had tried the Sagrias and nachos and it was not bad. The most amazing part about going here is it is in the middle of a very crowded area i.e Ramblas but it is so isolated and so calm. The ambience is excellent. We went there in the evening and I feel it is the best then. Definitely a place to go for, for an evening of drinks with your friends.","December 18, 2016",Barcelona_Catalonia,https://www.tripadvisor.com/Restaurant_Review-g187497-d2219997-Reviews-or40-El_Jardi-Barcelona_Catalonia.html,UID_95436,"{'drinks': 'neutral', 'nachos': 'neutral', 'location': 'positive', 'atmosphere': 'positive', 'time of visit': 'positive'}"
342874,342875,Les_Quinze_Nits,1,Negative,review_198315664,Chinese restaurant?,no reservation offered for dinner...I went with my family and had to wait on a small queue outside for 30 minutes.We ordered some humus and it was terrible.The sangria was a bit of wine diluted with water and some pieces of oranges.The...,no reservation offered for dinner...I went with my family and had to wait on a small queue outside for 30 minutes. We ordered some humus and it was terrible. The sangria was a bit of wine diluted with water and some pieces of oranges. The paella was precooked and overcooked....no fresh fishes inside. The sirloin steak had a bad smell and taste so I didn't eat. Conclusions: if I go out for dinner I would like to eat better than at home....if not at least the same. My idea is that the restaurant is managed not by spanish people...so it is not at all a characteristic restaurant. Very negative,"March 22, 2014",Barcelona_Catalonia,https://www.tripadvisor.com/Restaurant_Review-g187497-d717319-Reviews-or1460-Les_Quinze_Nits-Barcelona_Catalonia.html,UID_200272,"{'reservation': 'negative', 'wait time': 'negative', 'humus': 'negative', 'sangria': 'negative', 'paella': 'negative', 'sirloin steak': 'negative', 'food quality': 'negative', 'authenticity': 'negative'}"
317846,317847,Los_Caracoles,4,Positive,review_206610021,Good (but not worth the bill),"The Restaurant is very famous in Barcelona and very touristic, all people sit in our room were tourists.The place is very particular, you enter through the kitchen and then you'll find yourself in a labyrinth of rooms on different floors. It is very uncommon...","The Restaurant is very famous in Barcelona and very touristic, all people sit in our room were tourists. The place is very particular, you enter through the kitchen and then you'll find yourself in a labyrinth of rooms on different floors. It is very uncommon and cute. The atmosphere is simple and nice, not exclusive or elegant. It looks more like a traditional tavern, I really liked it. The staff is very friendly, we were two, had a starter and a main dish each (fish), which were very good, a white wine and two “crema catalana” which were unfortunately disappointing. We spent 70 Euros each + tip (explicitly required by the waiter). Well, this is a lot in Spain… As I said the place looks more like a nice tavern, the food (except dessert) was very good but not fantastic and I honestly didn’t find anything that could justify this bill, except the huge concentration of tourists...","May 22, 2014",Barcelona_Catalonia,https://www.tripadvisor.com/Restaurant_Review-g187497-d717325-Reviews-or1320-Los_Caracoles-Barcelona_Catalonia.html,UID_190744,"{'restaurant popularity': 'positive', 'atmosphere': 'positive', 'service': 'positive', 'fish': 'positive', 'dessert': 'negative', 'price': 'negative'}"
201066,201067,La_Clara_Restaurant,5,Positive,review_115215490,A Fantabulous Meal,"This is definitely one of the best restaurants in Barcelona. We ordered five different dishes from their English menu, and each one surprised us with color, texture and flavor. The mussels and seafood were so fresh, even their bread tasted good. What fascinated me the...","This is definitely one of the best restaurants in Barcelona. We ordered five different dishes from their English menu, and each one surprised us with color, texture and flavor. The mussels and seafood were so fresh, even their bread tasted good. What fascinated me the most was their desert - an absolutely wonderful way to ending our dinner. I had the best creme brulee there, and the cheese flan - - amazing!!!!! We also tasted a Catalan white wine, which was very good too! Our waitress was very friendly, and explained to us everything on the Chef's Menu with great patience and enthusiasm. One of my friend, who's really satisfied with the service and quality of food, even took a picture with the chefs.","July 10, 2011",Barcelona_Catalonia,https://www.tripadvisor.com/Restaurant_Review-g187497-d751583-Reviews-or130-La_Clara_Restaurant-Barcelona_Catalonia.html,UID_138123,"{'restaurant': 'positive', 'dishes': 'positive', 'mussels and seafood': 'positive', 'bread': 'positive', 'dessert': 'positive', 'creme brulee': 'positive', 'cheese flan': 'positive', 'wine': 'positive', 'service': 'positive', 'waitress': 'positive', ""chef's menu"": 'positive', 'food quality': 'positive'}"
33701,33702,Colom,5,Positive,review_750494997,The seafood paella was really,"The seafood paella was really delicious, and the setting is very nice. Service was attentive as well.","The seafood paella was really delicious, and the setting is very nice. Service was attentive as well.","March 11, 2020",Barcelona_Catalonia,https://www.tripadvisor.com/Restaurant_Review-g187497-d3179219-Reviews-or10-Colom-Barcelona_Catalonia.html,UID_29868,"{'seafood paella': 'positive', 'atmosphere': 'positive', 'service': 'positive'}"
25507,25508,Restaurant_Montiel,5,Positive,review_357790379,Great Eats in Barcelona,"has to be best place we dined in Barcelona: food, presentation and service all outstanding!! Wonder full and ambiance.  Our dinner was delightful and service impeccable.  Barcelona has wonderful dining options, but this one outshines them all.","has to be best place we dined in Barcelona: food, presentation and service all outstanding!! Wonder full and ambiance.  Our dinner was delightful and service impeccable.  Barcelona has wonderful dining options, but this one outshines them all.","March 23, 2016",Barcelona_Catalonia,https://www.tripadvisor.com/Restaurant_Review-g187497-d1205006-Reviews-or410-Restaurant_Montiel-Barcelona_Catalonia.html,UID_23164,"{'food': 'positive', 'presentation': 'positive', 'service': 'positive', 'ambiance': 'positive', 'dinner': 'positive'}"
120448,120449,Teresa_Carles,5,Positive,review_239775605,"Delicious, interesting and healthy food in a great atmosphere","Absolutely loved this restaurant! I definitely recommend booking as it was very full when we ate here on a Tuesday evening. The staff were lovely and spoke great English. Although the restaurant serves lots of fruit juices, it is also serves alcohol and lots of...","Absolutely loved this restaurant! I definitely recommend booking as it was very full when we ate here on a Tuesday evening. The staff were lovely and spoke great English. Although the restaurant serves lots of fruit juices, it is also serves alcohol and lots of interesting dishes... a refreshing change from a lot of the ultra-healthy and slightly plain vegetarian restaurants in England. Highly recommended to vegetarians and meat-eaters alike :)","November 14, 2014",Barcelona_Catalonia,https://www.tripadvisor.com/Restaurant_Review-g187497-d2075668-Reviews-or1510-Teresa_Carles-Barcelona_Catalonia.html,UID_75107,"{'restaurant': 'positive', 'booking': 'positive', 'staff': 'positive', 'language': 'positive', 'beverages': 'positive', 'alcohol': 'positive', 'food variety': 'positive', 'vegetarian options': 'positive', 'meat options': 'positive'}"
86545,86546,Hawker_45,5,Positive,review_702384740,Great Asian Fusion Restaurant ,Had a meal here last night and got to say it’s one of the best meals I’ve had since being in Barcelona I had the chicken wings which were cooked to perfection in a really tasty sauce and the satay chicken skewers on a fresh...,Had a meal here last night and got to say it’s one of the best meals I’ve had since being in Barcelona I had the chicken wings which were cooked to perfection in a really tasty sauce and the satay chicken skewers on a fresh roti this was incredible! I will 100% be going back to try other dishes. If you like Asian food then give this place a try I’m sure you’ll be more than happy that you did! ,"August 23, 2019",Barcelona_Catalonia,https://www.tripadvisor.com/Restaurant_Review-g187497-d11959893-Reviews-or20-Hawker_45-Barcelona_Catalonia.html,UID_70074,"{'meal': 'positive', 'chicken wings': 'positive', 'sauce': 'positive', 'satay chicken skewers': 'positive', 'roti': 'positive', 'variety': 'positive', 'asian food': 'positive'}"
220598,220599,7_Portes,1,Negative,review_52587831,If you have a wife that cooks horribly...,"If you have a wife that cooks horribly you might just like this, if not, avoid this place at all price!!!","If you have a wife that cooks horribly you might just like this, if not, avoid this place at all price!!!","January 4, 2010",Barcelona_Catalonia,https://www.tripadvisor.com/Restaurant_Review-g187497-d697396-Reviews-or2700-7_Portes-Barcelona_Catalonia.html,UID_147670,"{'food': 'negative', 'price': 'negative'}"
375374,375375,Rossini,5,Positive,review_304691628,Amazing Food,"We eat at this restaurant twice during our recent 5 day break in Barcelona.  The food is amazing.  We did have to wait about half an hour to get an outside table, but just sat at the bar and had a cocktail. The wait was...","We eat at this restaurant twice during our recent 5 day break in Barcelona. The food is amazing. We did have to wait about half an hour to get an outside table, but just sat at the bar and had a cocktail. The wait was well worth it.","August 29, 2015",Barcelona_Catalonia,https://www.tripadvisor.com/Restaurant_Review-g187497-d1082035-Reviews-or1400-Rossini-Barcelona_Catalonia.html,UID_55202,"{'food': 'positive', 'wait time': 'neutral', 'atmosphere': 'positive', 'drinks': 'positive'}"
213519,213520,Marina_Bay_by_Moncho_s,1,Negative,review_208177168,Terrible service and food,"The restaurant and menu looked appealing, so we decided to give it a try. Also quite high prices for the food, made us think, it should be good.We decided to sit outside, since the weather was nice and inside it smelled at fish. We...","The restaurant and menu looked appealing, so we decided to give it a try. Also quite high prices for the food, made us think, it should be good. We decided to sit outside, since the weather was nice and inside it smelled at fish. We ordered 2 glasses of white wine, and Fish paella (for 19 euros per person). After our wine arrived, we ordered some water. Water was completely forgotten by the waiter. When paella came, we ordered some more wine, which was also forgotten. Paella looked very tasty but turned out to be a disaster. There was only one layer of rice, which was dry and partially burned, so you could not even scrape it away from the pan. There were only two shrimps and a bit of mussels, which were also very dry. This quality of food for 38 euros is just unacceptable. Avoid this place! You will only be disappointed.","May 31, 2014",Barcelona_Catalonia,https://www.tripadvisor.com/Restaurant_Review-g187497-d1788626-Reviews-or430-Marina_Bay_by_Moncho_s-Barcelona_Catalonia.html,UID_85743,"{'restaurant': 'neutral', 'menu': 'neutral', 'price': 'negative', 'atmosphere': 'positive', 'smell': 'negative', 'white wine': 'neutral', 'fish paella': 'negative', 'service': 'negative', 'water': 'negative', 'rice': 'negative', 'shrimps': 'negative', 'mussels': 'negative'}"
340073,340074,Passatge_Tainos,1,Negative,review_363454690,Too focused on the money and not on the customer...,"After having been to Tainos a number of times and having had a party there...always spending quite a lot, this time tonight will be the last time.I went with a friend and we ordered 8 glasses of red wine and various tapas to eat....","After having been to Tainos a number of times and having had a party there...always spending quite a lot, this time tonight will be the last time. I went with a friend and we ordered 8 glasses of red wine and various tapas to eat. When the bill came we had been charged per glass. When we had mentioned this earlier to the waitress, she had made a snarky comment about 'you'll know better next time!' We asked if instead we could pay for a bottle as we had obviously consumed one. We were told it was impossible as it 'had gone through the system...' This is a bar, not a multinational! Then my friend was offered a sangría on the house, I did not get one. This, quite frankly, is cheap and very ugly. If you are going to offer something on the house to appease unhappy customers, you offer the whole group not just one member of the group.  When I complained to the waitress, she basically had the attitude of 'well it ain't my bar, so what do you want me to do about it?'. Again, not the best attitude to have. Carrer de Parlament is a busy, vibrant street with high-end eateries and drinking holes. If it were my establishment, I would be trying to court my clientel not pissing them off and driving them into the willing arms of my competition. Small mindedness, and short-sightedness reigns again, unfortunately.  I would recommend trying their comeptitors, who are generally more obliging and welcoming of return custom. What a shame for them!","April 11, 2016",Barcelona_Catalonia,https://www.tripadvisor.com/Restaurant_Review-g187497-d7178543-Reviews-Passatge_Tainos-Barcelona_Catalonia.html,UID_199305,"{'service': 'negative', 'price': 'negative', 'food': 'neutral', 'atmosphere': 'neutral', 'customer treatment': 'negative'}"
141017,141018,Camarote_de_en_Tomas,4,Positive,review_496302270,Great paella,"Have been only once and for a seafood paella, and it was delicious. Very friendly staff, prompt service. Went on Sat evening without booking and all the tables outside were booked, so call in advance if you want to dine al fresco. Overall, highly recommended.","Have been only once and for a seafood paella, and it was delicious. Very friendly staff, prompt service. Went on Sat evening without booking and all the tables outside were booked, so call in advance if you want to dine al fresco. Overall, highly recommended.","June 26, 2017",Barcelona_Catalonia,https://www.tripadvisor.com/Restaurant_Review-g187497-d3193543-Reviews-Camarote_de_en_Tomas-Barcelona_Catalonia.html,UID_104889,"{'seafood paella': 'positive', 'staff': 'positive', 'service': 'positive', 'booking': 'negative', 'atmosphere': 'neutral', 'overall experience': 'positive'}"
255652,255653,Ramen_Shop,2,Negative,review_496817287,Standard Ramen!,Popped in for a solo lunch. Had a lunch set which was a reasonable price. But the ramen quality was ok and nothing special. Can prob get more flavour in a nissin instant Ramen tonkotsu noodle packet. Also found a eye lash in my noodle...,Popped in for a solo lunch. Had a lunch set which was a reasonable price. But the ramen quality was ok and nothing special. Can prob get more flavour in a nissin instant Ramen tonkotsu noodle packet. Also found a eye lash in my noodle and didn't want to complain because they might think I was a scam artist. ,"June 28, 2017",Barcelona_Catalonia,https://www.tripadvisor.com/Restaurant_Review-g187497-d8300373-Reviews-or10-Ramen_Shop-Barcelona_Catalonia.html,UID_8958,"{'price': 'positive', 'ramen': 'neutral', 'flavor': 'negative', 'cleanliness': 'negative', 'service': 'neutral'}"
257122,257123,Boca_Grande,1,Negative,review_223497490,"They wi take your dinner business, but won't let you into the bar","We had a nice meal, and spent €200, but when we returned to meet some friends, they would not let us enter. Will never return.","We had a nice meal, and spent €200, but when we returned to meet some friends, they would not let us enter. Will never return.","August 21, 2014",Barcelona_Catalonia,https://www.tripadvisor.com/Restaurant_Review-g187497-d2323566-Reviews-or690-Boca_Grande-Barcelona_Catalonia.html,UID_9802,"{'meal': 'positive', 'price': 'negative', 'service': 'negative'}"
226587,226588,La_Fonda_del_Port_Olimpic,1,Negative,review_615212430,Crap food,Chicken paella was cold and soggy. The waiter dropped food on me at the end trying to take my plate. My friend waited for ice for ten minutes and wasn't told anything until she asked for the third time. They also don't want to listen...,Chicken paella was cold and soggy. The waiter dropped food on me at the end trying to take my plate. My friend waited for ice for ten minutes and wasn't told anything until she asked for the third time. They also don't want to listen to you unless your a drunk regular ,"September 9, 2018",Barcelona_Catalonia,https://www.tripadvisor.com/Restaurant_Review-g187497-d1762706-Reviews-or110-La_Fonda_del_Port_Olimpic-Barcelona_Catalonia.html,UID_150602,"{'chicken paella': 'negative', 'service': 'negative', 'wait time': 'negative', 'customer treatment': 'negative'}"
142343,142344,Garlana,5,Positive,review_524226239,Most amazing Paellas ever,We were looking for something that was a favorite of locals. We stumbled on to Garlana and it was memorable! It is a small restaurant with a few tables outside on the sidewalk. We ate outside because the weather was beautiful and it was on...,"We were looking for something that was a favorite of locals. We stumbled on to Garlana and it was memorable! It is a small restaurant with a few tables outside on the sidewalk. We ate outside because the weather was beautiful and it was on a neighborhood street. I don't even remember what else was on the menu but I will never forget the paellas. There was so much flavor and taste and the seafood was so fresh. My co-worker and I have talked about this meal often. If I ever make it back to Barcelona, I will definitely be headed to Garlana!","September 13, 2017",Barcelona_Catalonia,https://www.tripadvisor.com/Restaurant_Review-g187497-d4795077-Reviews-or10-Garlana-Barcelona_Catalonia.html,UID_23510,"{'restaurant size': 'neutral', 'atmosphere': 'positive', 'paellas': 'positive', 'seafood': 'positive', 'memory': 'positive', 'return intention': 'positive'}"
19838,19839,Swagatam_Bar_Restaurant_Hindu,5,Positive,review_375482984,Finger licking authentic Indian food!,Went to this restaurant twice during our 4 day visit to Barcelona. After an overdose of tapas (being a vegetarian I had limited options) I was craving Indian food! The restaurant is very basic but the food totally amazing and owner very kind hearted!,Went to this restaurant twice during our 4 day visit to Barcelona. After an overdose of tapas (being a vegetarian I had limited options) I was craving Indian food! The restaurant is very basic but the food totally amazing and owner very kind hearted!,"May 22, 2016",Barcelona_Catalonia,https://www.tripadvisor.com/Restaurant_Review-g187497-d3847458-Reviews-or270-Swagatam_Bar_Restaurant_Hindu-Barcelona_Catalonia.html,UID_18272,"{'frequency of visit': 'positive', 'food variety': 'negative', 'craving satisfaction': 'positive', 'restaurant decor': 'neutral', 'food': 'positive', 'service': 'positive'}"
248684,248685,El_Cangrejo_Loco,5,Positive,review_394290157,Spanish seafood at its best,"We spent a lovely evening with my office colleagues with totally delicious sea food paella and huge fish (for 5 guests) in a salty crust. Food fantastic, wine good and service brilliant. what a diner!","We spent a lovely evening with my office colleagues with totally delicious sea food paella and huge fish (for 5 guests) in a salty crust. Food fantastic, wine good and service brilliant. what a diner!","July 19, 2016",Barcelona_Catalonia,https://www.tripadvisor.com/Restaurant_Review-g187497-d1062176-Reviews-or170-El_Cangrejo_Loco-Barcelona_Catalonia.html,UID_160981,"{'evening': 'positive', 'sea food paella': 'positive', 'fish': 'positive', 'food': 'positive', 'wine': 'positive', 'service': 'positive'}"
241664,241665,Nuria,2,Negative,review_266479793,Not impressed,Went in on the basis that it was busy so should be popular. Not the best logic!Shepherded upstairs then sat at a table that hadn't been completely cleaned/reset while other tables were available.Ordered drinks....the beer and coke turned up but had to ask...,"Went in on the basis that it was busy so should be popular. Not the best logic! Shepherded upstairs then sat at a table that hadn't been completely cleaned/reset while other tables were available. Ordered drinks....the beer and coke turned up but had to ask for the wine twice. Given the menu, which did not contain the tapas option that was advertised downstairs. Asked for the tapas menu and told there was only the option of the ""mixed tapas"" upstairs. Food was ""ok"", but too ""sea-food"" biased.... The service wasn't what I'd call friendly. The waiter gave the impression that he was doing us a favour! The bill. Excessively high, although technically correct based on the menu he showed me...the one that wasn't available initially. Over-priced, because being on Las Ramblas appears to allow prices to be 20-30% higher than any where else","April 18, 2015",Barcelona_Catalonia,https://www.tripadvisor.com/Restaurant_Review-g187497-d997404-Reviews-or460-Nuria-Barcelona_Catalonia.html,UID_157722,"{'popularity': 'neutral', 'cleanliness': 'negative', 'availability': 'negative', 'drinks': 'negative', 'menu': 'negative', 'food': 'neutral', 'service': 'negative', 'price': 'negative'}"
68744,68745,Vivo_Tapas,4,Positive,review_653894815,"Stylish ambience, wonderful service","We stopped by on a whim and were very pleased. The ambience is beautiful and all of the staff were very friendly and helpful, especially our waiter, Victor. The only reason we gave 4 stars instead of 5 is because the mussels and shrimp were...","We stopped by on a whim and were very pleased. The ambience is beautiful and all of the staff were very friendly and helpful, especially our waiter, Victor. The only reason we gave 4 stars instead of 5 is because the mussels and shrimp were just ok (perhaps from frozen?) but everything else was excellent! We would certainly return or recommend to anyone!","February 21, 2019",Barcelona_Catalonia,https://www.tripadvisor.com/Restaurant_Review-g187497-d10901576-Reviews-or270-Vivo_Tapas-Barcelona_Catalonia.html,UID_57210,"{'ambience': 'positive', 'staff': 'positive', 'service': 'positive', 'mussels and shrimp': 'neutral', 'food': 'positive'}"
4084,4085,Viana,5,Positive,review_401447075,Excellent food and service,"We had three tapas for three person for starters (burrata, tuna and carpaccio) and each our own main courses (veal cheek). Everything was great. Try the black mojito.","We had three tapas for three person for starters (burrata, tuna and carpaccio) and each our own main courses (veal cheek). Everything was great. Try the black mojito.","August 4, 2016",Barcelona_Catalonia,https://www.tripadvisor.com/Restaurant_Review-g187497-d8531409-Reviews-or1780-Viana-Barcelona_Catalonia.html,UID_3909,"{'tapas': 'positive', 'main course': 'positive', 'veal cheek': 'positive', 'black mojito': 'positive'}"
331201,331202,Restaurante_Picadero_5,5,Positive,review_336611694,Eat where locals eat,We stumbled upon this restaurant on our last night in Barcelona wanting to enjoy a few more tapas. This didn't disappoint with a warm welcoming & all our favourites. Keenly priced for 2 people & two drinks €32. After visiting many average establishments with good...,We stumbled upon this restaurant on our last night in Barcelona wanting to enjoy a few more tapas. This didn't disappoint with a warm welcoming & all our favourites. Keenly priced for 2 people & two drinks €32. After visiting many average establishments with good food but poor service this was perfect for out last meal. Highly recommend. ,"January 2, 2016",Barcelona_Catalonia,https://www.tripadvisor.com/Restaurant_Review-g187497-d997376-Reviews-or20-Restaurante_Picadero_5-Barcelona_Catalonia.html,UID_114020,"{'restaurant discovery': 'positive', 'tapas': 'positive', 'atmosphere': 'positive', 'price': 'positive', 'service': 'positive', 'food': 'positive', 'recommendation': 'positive'}"
366911,366912,Restaurant_Rene,2,Negative,review_240460830,Never recommend,"It was a Sunday we were very hungry and wanted to try something special. almost restaurants were closed, so we came across this restaurant. The service is good, the food is tasty, but very very small but expensive. About 10 euros per 2 very little...","It was a Sunday we were very hungry and wanted to try something special. almost restaurants were closed, so we came across this restaurant. The service is good, the food is tasty, but very very small but expensive. About 10 euros per 2 very little pieces of scallop. I think my 4 years-old son would be hungry after this meal. I will never visit it again and never recommend it to my friends. ","November 18, 2014",Barcelona_Catalonia,https://www.tripadvisor.com/Restaurant_Review-g187497-d1082268-Reviews-or190-Restaurant_Rene-Barcelona_Catalonia.html,UID_207955,"{'service': 'positive', 'food': 'positive', 'portion size': 'negative', 'price': 'negative', 'recommendation': 'negative'}"
158202,158203,Restaurante_argentino_El_Calafate,5,Positive,review_682752109,Everything great ,"Starting by service finishing with the bill, everything is perfect.Good kitchen and quality raw materials. Great the daily ""cheese cake"" of the chef Impeccable service and the bill is correct for what I take.Surely I'll come again","Starting by service finishing with the bill, everything is perfect.Good kitchen and quality raw materials. Great the daily ""cheese cake"" of the chef Impeccable service and the bill is correct for what I take.Surely I'll come again","June 19, 2019",Barcelona_Catalonia,https://www.tripadvisor.com/Restaurant_Review-g187497-d2480078-Reviews-Restaurante_argentino_El_Calafate-Barcelona_Catalonia.html,UID_53942,"{'service': 'positive', 'price': 'positive', 'food': 'positive', 'ingredients': 'positive', 'dessert': 'positive'}"
234189,234190,Skybar,1,Negative,review_673792464,Shocking Customer Service,"Hello,Tonight myself and my partner visited your skybar in Grand Central Hotel Barcelona. We had great service from the man on reception who could not have done more for us. When we went up to the skybar we were greeted by staff and seated...","Hello, Tonight myself and my partner visited your skybar in Grand Central Hotel Barcelona. We had great service from the man on reception who could not have done more for us. When we went up to the skybar we were greeted by staff and seated at the very back corner away from all other guests. We were served our first drink which was the €16 charge that all skybar guests have if not staying in the hotel.  After this we sat for over an hour with empty drinks and staff who looked over at us multiple times but did not try to serve us.  A member of staff then approached the table of young girls next to us & proceeded to chat & flirt for over 10 minutes with them, we tried to engage with the member of staff to order another drink and were ignored again.  After this we decided to leave so tried to speak to staff to pay and were yet again ignored. We then thought that we were to pay at the hotel reception and so went to the lift where staff shouted after us.  We paid €32 and discussed with the member of staff what had happened with their staff. He did not seem to care at all and allowed us to leave extremely unhappy.  This ruined our night & as guests from Scotland we are disappointed that one of our last nights on holiday has been ruined.  We loved the view and ambience at the Skybar & would of highly recommended it to fellow visitors to Barcelona however as a result of this experience with staff we will be highly recommending not to visit. We would not like our friends/family to be treated the way we were & still expected to pay the full charge despite the full charge.","May 13, 2019",Barcelona_Catalonia,https://www.tripadvisor.com/Restaurant_Review-g187497-d6730989-Reviews-or20-Skybar-Barcelona_Catalonia.html,UID_154124,"{'service': 'negative', 'staff': 'negative', 'atmosphere': 'positive', 'price': 'neutral', 'view': 'positive'}"
69346,69347,Messie_Sin_Gluten_Gracia_Gluten_free,5,Positive,review_414226212,Yummy gluten free food!,"We spent a few days in Barcelona before leaving on a cruise.  Since one of my children has celiac disease, we had to find a safe place for her to eat and this place was a great find.  Pretty much everything on the menu is...","We spent a few days in Barcelona before leaving on a cruise. Since one of my children has celiac disease, we had to find a safe place for her to eat and this place was a great find. Pretty much everything on the menu is gluten free so all 6 of us ate GF and we all agreed that the pizza was some of the best we had ever eaten. My daughter with celiac couldn't decide what to get so she had a pasta dish for dinner and we bought her a pizza to take back to the hotel (which she ate for breakfast the next day). I wish we had more time in Barcelona so we could have eaten there again. Next visit, I will book a hotel close to this place just so we can go more than once.","September 3, 2016",Barcelona_Catalonia,https://www.tripadvisor.com/Restaurant_Review-g187497-d8486703-Reviews-or160-Messie_Sin_Gluten_Gracia_Gluten_free-Barcelona_Catalonia.html,UID_57675,"{'location': 'positive', 'food safety': 'positive', 'menu': 'positive', 'pizza': 'positive', 'pasta': 'positive', 'service': 'positive'}"
425004,425005,Pizzeria_Da_Nanni_Barcelona,5,Positive,review_687304992,Fantastic ,"It’s tiny, but worth it. We waited about 10 minutes for three seats (there are about seven seats in total), and very glad we did. Ice cold beer and the best pizza - love it!","It’s tiny, but worth it. We waited about 10 minutes for three seats (there are about seven seats in total), and very glad we did. Ice cold beer and the best pizza - love it!","July 6, 2019",Barcelona_Catalonia,https://www.tripadvisor.com/Restaurant_Review-g187497-d15078346-Reviews-or230-Pizzeria_Da_Nanni_Barcelona-Barcelona_Catalonia.html,UID_29530,"{'size': 'positive', 'wait time': 'positive', 'beer': 'positive', 'pizza': 'positive'}"
351630,351631,Tapa_Tapa_Passeig_de_Gracia,2,Negative,review_637017479,People watching only,"We sat outside to have a mid day glass of wine.  Good spot for people watching, but the service is slow and apathetic.  The food didn’t appear too appealing...but really can’t judge","We sat outside to have a mid day glass of wine.  Good spot for people watching, but the service is slow and apathetic.  The food didn’t appear too appealing...but really can’t judge","December 2, 2018",Barcelona_Catalonia,https://www.tripadvisor.com/Restaurant_Review-g187497-d784677-Reviews-or150-Tapa_Tapa_Passeig_de_Gracia-Barcelona_Catalonia.html,UID_8912,"{'atmosphere': 'positive', 'service': 'negative', 'food': 'negative'}"
17308,17309,Vegetalia_Born,5,Positive,review_598449954,Great spot for a late lunch ,"Sunny cafe with great salads and vegan pizza! Vegan cheese is creamy, salads and fresh. They have beer, wine, desserts, coffee and smoothies as well.","Sunny cafe with great salads and vegan pizza! Vegan cheese is creamy, salads and fresh. They have beer, wine, desserts, coffee and smoothies as well.","July 22, 2018",Barcelona_Catalonia,https://www.tripadvisor.com/Restaurant_Review-g187497-d8337477-Reviews-or240-Vegetalia_Born-Barcelona_Catalonia.html,UID_16029,"{'cafe ambiance': 'positive', 'salads': 'positive', 'vegan pizza': 'positive', 'vegan cheese': 'positive', 'beverages': 'positive', 'desserts': 'positive', 'coffee': 'positive', 'smoothies': 'positive'}"
192420,192421,Petit_Comite,3,Negative,review_446597072,Good food,"We have been a group of 10 people to this restaurant and we had a good experience. The food was general very good, one or two participant thought their meat was not rare but medium when ordered rare but besides from that, it seemed that...","We have been a group of 10 people to this restaurant and we had a good experience. The food was general very good, one or two participant thought their meat was not rare but medium when ordered rare but besides from that, it seemed that all had a good experience. Good service from the staff, nothing to complain about. One participant did though mention, that he had never seen a restaurant yet where they take garbage out of the front door and not the back door.","December 25, 2016",Barcelona_Catalonia,https://www.tripadvisor.com/Restaurant_Review-g187497-d1368509-Reviews-or90-Petit_Comite-Barcelona_Catalonia.html,UID_75020,"{'group accommodation': 'positive', 'food': 'positive', 'meat': 'negative', 'service': 'positive', 'cleanliness': 'negative'}"
310000,310001,La_Taina,2,Negative,review_116105293,Rude and poor flexibility,"I was there last week with 7 colleagues from work. At  La Taina you can order a  predefined menu that consists in a lot of food including appetisers, main course, desserts, coffee, wine and water (all 25 euros). We thought it was a good deal...","I was there last week with 7 colleagues from work. At La Taina you can order a predefined menu that consists in a lot of food including appetisers, main course, desserts, coffee, wine and water (all 25 euros). We thought it was a good deal if you were hungry. We planned to ask 6 'predefined menus' and an extra main course since one of us was not very hungry because she was not feeling good. They did not let us do that, everybody should go either for the predefined menu or order individually 7 main courses. Also, we asked if we could change a bottle of wine by water and they did not let us do that neither. So, we ended up ordering 7 predefined menus, some extra water and an extra main course. Interestingly, when the waitress brought us the last appetiser said : ok, now, eat until you explode! Quite rude, isn't it? Of course, we could not finish all the food and almost none of us ate desserts and coffee.  When we paid, they rounded up each part without asking .  So, despite they gave us a lot of food, the quality of the food did not worth 25 euros. The staff was not very nice, actually, I would say they were rude. Also, it was a noisy restaurant. I would not recommend it to my friends.","August 1, 2011",Barcelona_Catalonia,https://www.tripadvisor.com/Restaurant_Review-g187497-d1081674-Reviews-La_Taina-Barcelona_Catalonia.html,UID_91022,"{'menu options': 'negative', 'price': 'neutral', 'food quantity': 'positive', 'food quality': 'negative', 'service': 'negative', 'atmosphere': 'negative'}"
192755,192756,Petit_Comite,5,Positive,review_247432383,Most enjoyable,we asked our hotel for a recommendation for good Catalan cuisine and the hostess suggested Petit Comite. The service started off a little worryingly as I ordered a gin and tonic which I was beginning to think was never coming when the drinks waiter arrived...,we asked our hotel for a recommendation for good Catalan cuisine and the hostess suggested Petit Comite. The service started off a little worryingly as I ordered a gin and tonic which I was beginning to think was never coming when the drinks waiter arrived with a cocktail glass prepared with cinnamon sticks and orange slices it was absolutely delicious and worth the wait! the food and service which followed was first class I enjoyed the duck liver pate followed by squid and finished off with the pyjamas dessert washed down with a very pleasant well priced local wine recommended by the sommelier will definately return next time I am back in barcelona ,"January 4, 2015",Barcelona_Catalonia,https://www.tripadvisor.com/Restaurant_Review-g187497-d1368509-Reviews-or220-Petit_Comite-Barcelona_Catalonia.html,UID_133805,"{'recommendation': 'positive', 'catalan cuisine': 'positive', 'service': 'neutral', 'drinks': 'positive', 'wait time': 'negative', 'food': 'positive', 'duck liver pate': 'positive', 'squid': 'positive', 'dessert': 'positive', 'wine': 'positive', 'price': 'positive'}"
215979,215980,Dos_Palillos,3,Negative,review_259409441,Something's missing,"We took the long menu, which consists of about 20 little dishes. It is all about very varied and a bit daring sea food. Excellent, all very fresh and creative. Towards the end they also serve some extremely well-prepared beef. As long as we're talking...","We took the long menu, which consists of about 20 little dishes. It is all about very varied and a bit daring sea food. Excellent, all very fresh and creative. Towards the end they also serve some extremely well-prepared beef. As long as we're talking about the food, almost everything is great. I didn't understand the potato foam dish (it simply didn't fit), and the - supposedly - pork fondue which was not to our taste (or perhaps it was simply disgusting).  However, the service lacks competency, especially when it comes to the wine pairing and presentation. They should all learn better English. It is important to communicate with guests on a higher level (it's a Michelin starred restaurant after all) and to knowledgably present every dish and self-confidently suggest the appropriate wine to go with. If they are all about the food, they should say so and stand by it.","March 14, 2015",Barcelona_Catalonia,https://www.tripadvisor.com/Restaurant_Review-g187497-d1099373-Reviews-or220-Dos_Palillos-Barcelona_Catalonia.html,UID_23829,"{'menu variety': 'positive', 'sea food': 'positive', 'beef': 'positive', 'food overall': 'positive', 'potato foam dish': 'negative', 'pork fondue': 'negative', 'service': 'negative', 'wine pairing': 'negative', 'presentation': 'negative', 'communication': 'negative', 'english proficiency': 'negative'}"
339792,339793,4_Gats,1,Negative,review_233673549,Stay away,"Big company of 8 people we had lunch here The worst service I have ever experience The waiters were rude , didn't speak a word of English, they were bringing the wrong plates of foodto the wrong persons without asking Food was even worst...","Big company of 8 people we had lunch here  The worst service I have ever experience  The waiters were rude , didn't speak a word of English, they were bringing the wrong plates of food to the wrong persons without asking  Food was even worst  Expensive prices concindering the quality of food and service shame, because we spent our money here and lost our time","October 10, 2014",Barcelona_Catalonia,https://www.tripadvisor.com/Restaurant_Review-g187497-d896759-Reviews-or1480-4_Gats-Barcelona_Catalonia.html,UID_199190,"{'group size': 'neutral', 'service': 'negative', 'wait staff': 'negative', 'language skills': 'negative', 'food': 'negative', 'price': 'negative', 'time': 'negative'}"
337485,337486,Perla_Nera,1,Negative,review_511767223,Deceiving Place!,"We stopped in on a Sunday afternoon.  We were walking by and saw the rather large sign standing boldly outside the door of the restaurant advertising the ""Menu of the Day."" at a fixed price.  We love Italian food, so we stopped in.  When we...","We stopped in on a Sunday afternoon. We were walking by and saw the rather large sign standing boldly outside the door of the restaurant advertising the ""Menu of the Day."" at a fixed price. We love Italian food, so we stopped in. When we were given the menu, there was no ""menu of the day"" listed so I asked, and the very abrupt waiter said that it was only available during the week. We reconciled to order pasta from the regular menu, and it was fine; but, as we were eating a large family of about 8 walked in and were seated next to us. When it was time for the to order, they were also refused the ""menu of the day"" and had to order from the regular menu. Seems like a pattern!! When we left, indeed, the menu was out side the door, and in small print is said Monday through Friday. The strange thing is that the only thing this free-standing sign advertised was the ""menu of the day."" This is a very dishonest place! Beware! read the fine print! They are sneaky! We do not recommend this restuarant!","August 12, 2017",Barcelona_Catalonia,https://www.tripadvisor.com/Restaurant_Review-g187497-d4104750-Reviews-or20-Perla_Nera-Barcelona_Catalonia.html,UID_92043,"{'signage': 'negative', 'menu': 'negative', 'service': 'negative', 'pasta': 'neutral', 'honesty': 'negative'}"
236909,236910,Velissima,5,Positive,review_713814139,We more than to found this amazing restaurant ,It was an recommendation from the concierge at the W Hotel.Absolute amazing from the beginning till the end. One of our greatest dinner events we had. An Barcelona you must do!! Highly recommended200m from the W Hotel,It was an recommendation from the concierge at the W Hotel.Absolute amazing from the beginning till the end. One of our greatest dinner events we had. An Barcelona you must do!! Highly recommended200m from the W Hotel,"September 29, 2019",Barcelona_Catalonia,https://www.tripadvisor.com/Restaurant_Review-g187497-d18337977-Reviews-or20-Velissima-Barcelona_Catalonia.html,UID_155410,"{'recommendation': 'positive', 'dinner event': 'positive', 'location': 'positive'}"
413928,413929,Arabia_Cafe_Restaurant,4,Positive,review_681757788,Arabia,Food was very good. The menu has choices for everyone. Great coffee and tea. People are attentive and very nice. Is a stop in the Gòtic quarter!,Food was very good. The menu has choices for everyone. Great coffee and tea. People are attentive and very nice. Is a stop in the Gòtic quarter!,"June 15, 2019",Barcelona_Catalonia,https://www.tripadvisor.com/Restaurant_Review-g187497-d1869917-Reviews-or50-Arabia_Cafe_Restaurant-Barcelona_Catalonia.html,UID_225616,"{'food': 'positive', 'menu': 'positive', 'coffee': 'positive', 'tea': 'positive', 'service': 'positive', 'location': 'positive'}"
328707,328708,Tapa_Tapa_C_C_Maremagnum,3,Negative,review_397927882,Nice Location ,Nice location but expensive in comparison with what you get. We we're there when it was quite crowded and they just didn't manage to serve the food at the same time...,Nice location but expensive in comparison with what you get. We we're there when it was quite crowded and they just didn't manage to serve the food at the same time...,"July 27, 2016",Barcelona_Catalonia,https://www.tripadvisor.com/Restaurant_Review-g187497-d2079639-Reviews-or290-Tapa_Tapa_C_C_Maremagnum-Barcelona_Catalonia.html,UID_18379,"{'location': 'positive', 'price': 'negative', 'service': 'negative', 'food': 'negative'}"
74201,74202,Bambu_Beach_Bar,5,Positive,review_501702846,Greattttt!!!!!,"Quieter beach on the north end of the city, came here because of the good reviews and writing my own because the Paella was good and our waiter, Luca, was great. Really took great care of us.  This is like visiting a cool, hip resort...","Quieter beach on the north end of the city, came here because of the good reviews and writing my own because the Paella was good and our waiter, Luca, was great. Really took great care of us.  This is like visiting a cool, hip resort for a few hours. ","July 13, 2017",Barcelona_Catalonia,https://www.tripadvisor.com/Restaurant_Review-g187497-d4355271-Reviews-or150-Bambu_Beach_Bar-Barcelona_Catalonia.html,UID_61199,"{'beach': 'positive', 'reviews': 'positive', 'paella': 'positive', 'service': 'positive', 'atmosphere': 'positive'}"
310312,310313,Barraca,1,Negative,review_385139762,"Rude service, paella average","Our hotel booked us into the restaurant as recommended. We arrived at 5 minutes to 8 and the male manager made a fuss about not finding our reservation (we had a letter from the hotel), he then accepted that we must have a booking and...","Our hotel booked us into the restaurant as recommended. We arrived at 5 minutes to 8 and the male manager made a fuss about not finding our reservation (we had a letter from the hotel), he then accepted that we must have a booking and curtly told us to wait. We asked for a drink while we waited and he just walked off, someone later gave us one after our table was ready. You are not seated when arrive and menus were thrown onto our dining plates when we sat down. The wine list is limited, despite ordering one of the more expensive bottles it was average. Food came within minutes of ordering for starters with no communication. There was never any follow up during the meal. The seafood paella was average, no white fish, a brown stock not a tomato base, no crust in cooking. It was mainly rice with shellfish, 1 prawn unpeeled.  We travel and eat out regularly. Barcelona food standard is high and this restaurant delivered well below the mark. The only plus was the view.","June 22, 2016",Barcelona_Catalonia,https://www.tripadvisor.com/Restaurant_Review-g187497-d4420848-Reviews-or190-Barraca-Barcelona_Catalonia.html,UID_123990,"{'reservation': 'negative', 'service': 'negative', 'drinks': 'neutral', 'atmosphere': 'negative', 'wine selection': 'negative', 'food delivery time': 'positive', 'communication': 'negative', 'seafood paella': 'negative', 'food quality': 'negative', 'view': 'positive'}"
420362,420363,Milk_Bar_Bistro,4,Positive,review_284215975,Best BCN Brunch,"In a city that doesn't really ""do"" brunch Milk has it all. We could of stayed there for hours. We went twice during our visit to Barcelona. It was such a lovely and quirky restaurant. Service and staff were lovely and friendly. The food is...","In a city that doesn't really ""do"" brunch Milk has it all. We could of stayed there for hours. We went twice during our visit to Barcelona. It was such a lovely and quirky restaurant. Service and staff were lovely and friendly. The food is exactly what we needed, along with the gorgeous smoothies and coffees! Highly recommend visiting here!!","June 30, 2015",Barcelona_Catalonia,https://www.tripadvisor.com/Restaurant_Review-g187497-d1122768-Reviews-or1390-Milk_Bar_Bistro-Barcelona_Catalonia.html,UID_128749,"{'brunch': 'positive', 'atmosphere': 'positive', 'service': 'positive', 'food': 'positive', 'drinks': 'positive', 'recommendation': 'positive'}"
125167,125168,Restaurante_Sesamo,3,Negative,review_194230807,Enjoyable but something lacking,"We visited for Valentines night as my husband is a vegetarian and thought it would be a nice treat.  We opted for the tasting menu, although we felt it was a little overpriced.  We had 2 shots of soup each which were tasty and unusual....","We visited for Valentines night as my husband is a vegetarian and thought it would be a nice treat. We opted for the tasting menu, although we felt it was a little overpriced. We had 2 shots of soup each which were tasty and unusual. These were followed by a mushroom ball each, some Catalan tomato bread with a cheese and green tomato dish, then a bowl of mushroom curry (which was very strong) & rice, a potato each with mojo sauce and caramel sauce, a plate of green chillis, and then a slice of JD and pumpkin pie with cream, which was really nice. we also received some slices of manchego cheese with quince jelly which were lovely. The meal was 25€ each with 2 drinks. The food overall was ok but not exceptional and really more like tapas than a Tasting Menu. The service by the chef himself was really friendly and upbeat, but the main waiter was a little glum and not very engaging, which disappointed us. The restaurant is cosy and was full of mainly English speaking customers, who I guess have found this place (like us) via Tripadvisor!","February 15, 2014",Barcelona_Catalonia,https://www.tripadvisor.com/Restaurant_Review-g187497-d997328-Reviews-or430-Restaurante_Sesamo-Barcelona_Catalonia.html,UID_62953,"{'occasion': 'neutral', 'vegetarian options': 'positive', 'tasting menu': 'neutral', 'price': 'negative', 'soup': 'positive', 'mushroom ball': 'neutral', 'catalan tomato bread': 'neutral', 'cheese and green tomato dish': 'neutral', 'mushroom curry': 'neutral', 'potato with mojo sauce and caramel sauce': 'neutral', 'green chillis': 'neutral', 'jd and pumpkin pie': 'positive', 'manchego cheese with quince jelly': 'positive', 'food': 'neutral', 'service': 'neutral', 'atmosphere': 'positive', 'customers': 'neutral'}"
78708,78709,Surf_House_Barcelona,4,Positive,review_391050001,"Great place, great food but service",Surf house placed just on the seafront is an amazing healthy food restaurant. Good price and tasty food but the staff wasn't very kind with costumers. I assume they have much work to do but costumers should be treated correctly and nicely. Even thouhg it...,"Surf house placed just on the seafront is an amazing healthy food restaurant. Good price and tasty food but the staff wasn't very kind with costumers. I assume they have much work to do but costumers should be treated correctly and nicely. Even thouhg it wasn't dramatic costumer service could improve. Apart of this, I don't like to talk with a sunglasses on waiter. ","July 10, 2016",Barcelona_Catalonia,https://www.tripadvisor.com/Restaurant_Review-g187497-d4778723-Reviews-or290-Surf_House_Barcelona-Barcelona_Catalonia.html,UID_28559,"{'location': 'positive', 'food': 'positive', 'price': 'positive', 'service': 'negative', 'staff': 'negative', 'waiter': 'negative'}"
24166,24167,Arcano,4,Positive,review_229316790,"""Satisfactory  but not perfect""","We came to restaurant using Trip Adviser. Good thing about this place is that you can eat all afternoon when many restaurants are closed. We ate appetizer, ribs and some other kind of meat. We have got with that three different kind of sauces. Food...","We came to restaurant using Trip Adviser. Good thing about this place is that you can eat all afternoon when many restaurants are closed.  We ate appetizer, ribs and some other kind of meat. We have got with that three different kind of sauces. Food was very good but I ate better. Then we had dessert and it was really very tasty and nice.  They gave us digestive""on the house"". Price was about 55-60 euro without vine.  Atmosphere is very nice and staff is friendly and kind.","September 16, 2014",Barcelona_Catalonia,https://www.tripadvisor.com/Restaurant_Review-g187497-d986234-Reviews-or1400-Arcano-Barcelona_Catalonia.html,UID_22028,"{'food': 'positive', 'service': 'positive', 'price': 'neutral', 'atmosphere': 'positive', 'opening hours': 'positive'}"
35872,35873,Bistro_Helena,5,Positive,review_457666606,Top notch food and service.,The food was incredible!! Presentation and service was also top notch. Great wine list too. Will be back.,The food was incredible!! Presentation and service was also top notch. Great wine list too. Will be back.,"February 6, 2017",Barcelona_Catalonia,https://www.tripadvisor.com/Restaurant_Review-g187497-d6730988-Reviews-or300-Bistro_Helena-Barcelona_Catalonia.html,UID_31669,"{'food': 'positive', 'presentation': 'positive', 'service': 'positive', 'wine': 'positive'}"
359991,359992,King_Pinchos,5,Positive,review_706620417,Friendly staff and Best pinchos and tasty Sangria 😍,Best place to eat pinchos and drink sangria on reasonable price en Blai street very friendly staff .recmended,Best place to eat pinchos and drink sangria on reasonable price en Blai street very friendly staff .recmended,"September 4, 2019",Barcelona_Catalonia,https://www.tripadvisor.com/Restaurant_Review-g187497-d17566357-Reviews-King_Pinchos-Barcelona_Catalonia.html,UID_205662,"{'pinchos': 'positive', 'sangria': 'positive', 'price': 'positive', 'service': 'positive'}"
146786,146787,Windsor,1,Negative,review_273623969,Mediocre food and rude waiters,"Had dinner at this restaurant. Small portions, mediocre food and rude waiters. The guest seems to be a nuisance to these rather arrogant guys. You can definitely find better alternatives in Barcelona.","Had dinner at this restaurant. Small portions, mediocre food and rude waiters. The guest seems to be a nuisance to these rather arrogant guys. You can definitely find better alternatives in Barcelona. ","May 21, 2015",Barcelona_Catalonia,https://www.tripadvisor.com/Restaurant_Review-g187497-d718433-Reviews-or130-Windsor-Barcelona_Catalonia.html,UID_108169,"{'portion size': 'negative', 'food': 'negative', 'service': 'negative', 'alternatives': 'positive'}"
12420,12421,El_Salon,5,Positive,review_206323845,"Great food, good prices!","We had a dinner over there twice when in Barcelona, absolutely delicious fishes! The tables outside (by the old walls) are next to two other two bars',easy to miss out! You guys should make it more obvious!","We had a dinner over there twice when in Barcelona, absolutely delicious fishes! The tables outside (by the old walls) are next to two other two bars',easy to miss out! You guys should make it more obvious!","May 20, 2014",Barcelona_Catalonia,https://www.tripadvisor.com/Restaurant_Review-g187497-d697560-Reviews-or310-El_Salon-Barcelona_Catalonia.html,UID_11631,"{'dinner': 'positive', 'fish': 'positive', 'location': 'neutral', 'visibility': 'negative'}"
143044,143045,La_Plassohla,4,Positive,review_334826619,Ohla Boutique Bar - only if you are not hungry or thirsty,"The Boutique Bar at Ohla hotel is an alternative to a very popular and often booked out Gastronomic Bar located just across the hall in the five-star Ohla hotel. Nice wine by glass and great cocktail selection combined with great, even delicious tapas from the...","The Boutique Bar at Ohla hotel is an alternative to a very popular and often booked out Gastronomic Bar located just across the hall in the five-star Ohla hotel. Nice wine by glass and great cocktail selection combined with great, even delicious tapas from the same kitchen. Unpretentious but nice interior and comfortable seating. The service is very friendly, but exceptionally slow, especially if you order any tapas. Even a new glass of wine takes a while to arrive. So, probably not recommended as your first stop during a night out, but rather one of the last, to help you moderate yourself with drinks and food. ","December 24, 2015",Barcelona_Catalonia,https://www.tripadvisor.com/Restaurant_Review-g187497-d3354304-Reviews-or160-La_Plassohla-Barcelona_Catalonia.html,UID_54774,"{'bar': 'positive', 'wine': 'positive', 'cocktails': 'positive', 'tapas': 'positive', 'interior': 'positive', 'seating': 'positive', 'service': 'negative', 'wait time': 'negative', 'atmosphere': 'neutral'}"
398986,398987,Restaurante_Cuines,1,Negative,review_502788763,Tourist Rip-Off,"On the final evening of our week in Barcelona, finding our restaurant of choice full & not wanting to walk too much further, we made the mistake of visiting this restaurant. Unfortunately, I do not possess a smart phone & was not able to look...","On the final evening of our week in Barcelona, finding our restaurant of choice full & not wanting to walk too much further, we made the mistake of visiting this restaurant.  Unfortunately, I do not possess a smart phone & was not able to look at reviews - but having had good quality food at a reasonable price just a few doors away - we were expecting similar, though slightly more expensive from looking at the menu. As others have commented - service was poor (waiter forgot to bring the drinks that were ordered), items on the menu run out (potatoes again at 9pm), quality nothing to write home about and the portion size was ridiculously small (6 calamari ring for 7.90euro) - making the entire meal vastly overpriced. The entire of 6 tapas, I would have considered a small portion for 1 person & cost just short of 40euro for the food alone. My advice is to stay well away from this place.","July 17, 2017",Barcelona_Catalonia,https://www.tripadvisor.com/Restaurant_Review-g187497-d11841758-Reviews-or40-Restaurante_Cuines-Barcelona_Catalonia.html,UID_198798,"{'location': 'neutral', 'service': 'negative', 'menu': 'negative', 'food quality': 'negative', 'portion size': 'negative', 'price': 'negative', 'atmosphere': 'neutral'}"
189351,189352,Bilbao_Berria,2,Negative,review_208562640,Hit or miss?,"I originally came here due to a friend's recommendation, but I was slightly disappointed. The price is slightly higher from what the other comments say. The waitress always seemed talking under her breath and unimpressed with the amount of 'sticks' we had after eating our...","I originally came here due to a friend's recommendation, but I was slightly disappointed. The price is slightly higher from what the other comments say. The waitress always seemed talking under her breath and unimpressed with the amount of 'sticks' we had after eating our food. The servers seemed also unsure how to explain what was in their dishes. On a plus side they do have a wide selection of food that you can pick from. But I wasn't sure how fresh their food was & not quite sure if the quality really is up to par with what your paying.","June 2, 2014",Barcelona_Catalonia,https://www.tripadvisor.com/Restaurant_Review-g187497-d997713-Reviews-or610-Bilbao_Berria-Barcelona_Catalonia.html,UID_131955,"{'recommendation': 'neutral', 'price': 'negative', 'service': 'negative', 'food variety': 'positive', 'food freshness': 'negative', 'food quality': 'negative'}"
109032,109033,Mirilla,4,Positive,review_208515427,"Friendly, cozy and tasty","We went there the first evening in Barcelona and went back the next two days. The menu is limited, but be sure that everything you order will be relly good (don't miss the goat cheese with tomato marmelade!). There are always daily plates - usually...","We went there the first evening in Barcelona and went back the next two days. The menu is limited, but be sure that everything you order will be relly good (don't miss the goat cheese with tomato marmelade!). There are always daily plates - usually soup, main dish or a rich salad. They have good wines and best mojito I've drank in Barcelona. Staff is really friendly and helpful. Atmosphere is also great, very relaxed. If you find yourselves around, that's the best place to go.","June 2, 2014",Barcelona_Catalonia,https://www.tripadvisor.com/Restaurant_Review-g187497-d3152063-Reviews-or160-Mirilla-Barcelona_Catalonia.html,UID_85164,"{'menu variety': 'negative', 'food': 'positive', 'daily specials': 'positive', 'wine': 'positive', 'mojito': 'positive', 'service': 'positive', 'atmosphere': 'positive', 'location': 'positive'}"
340477,340478,Udon_Arenas,1,Negative,review_586538793,Bonus long hair comes with the meal,"We were in Barcelona from May 3 to May 22.  On May 10, we visited the Arenas and decided to eat at this place.  Yakisoba barely edible, Tampopo Ramen was awful, they do not use real Japanese ramen for their ramen dishes.  The worst part...","We were in Barcelona from May 3 to May 22. On May 10, we visited the Arenas and decided to eat at this place. Yakisoba barely edible, Tampopo Ramen was awful, they do not use real Japanese ramen for their ramen dishes. The worst part was that we found a long black hair under the Mixed Gyozas! This was one of the two terrible meals we had out of 19 days that we were in Barcelona.","June 10, 2018",Barcelona_Catalonia,https://www.tripadvisor.com/Restaurant_Review-g187497-d3170042-Reviews-Udon_Arenas-Barcelona_Catalonia.html,UID_106622,"{'yakisoba': 'negative', 'tampopo ramen': 'negative', 'ramen authenticity': 'negative', 'mixed gyozas': 'negative', 'hygiene': 'negative'}"
261155,261156,Casa_Guinart,5,Positive,review_200784499,Loved it,Great friendly service. Food cooked fresh right in front of your Presented beautifullyI'll definitely be back and next Ill bring friends!!,Great friendly service. Food cooked fresh right in front of your Presented beautifullyI'll definitely be back and next Ill bring friends!!,"April 12, 2014",Barcelona_Catalonia,https://www.tripadvisor.com/Restaurant_Review-g187497-d3650118-Reviews-or310-Casa_Guinart-Barcelona_Catalonia.html,UID_132729,"{'service': 'positive', 'food': 'positive', 'atmosphere': 'positive'}"
205530,205531,La_Fianna,5,Positive,review_115414777,"Feed your mouth, your eyes and your ears!!","I've been to Barcelona so many times and La Fianna (close to Santa Maria del Mar church) is still one of my top places that i visit. www.lafianna.comFrom the moment you enter it is obvious that it is a special place, the atmosphere is...","I've been to Barcelona so many times and La Fianna (close to Santa Maria del Mar church) is still one of my top places that i visit.  www.lafianna.com From the moment you enter it is obvious that it is a special place, the atmosphere is great, nice music, lights shine just enough not to interfere with the hedonism in the air- the first part of the space you enter is a nice bar, and when you enter further inside, on your left there is the jewel of the house- the right place for you if you are for a good meal- Greece-like pedestals and curtained beds filled with cushions- the food is not served as you would expect from a restaurant, it is served like it should be served in an ambient like Fianna's, you will get it on a big feast plate like the golden ones you have seen on the movies about emperors that ruled some 2000 years ago. And the food is great, let me tell you that, you can check the prices on their web site, I tried the duck and it was delicious. There is a good selection of wine also, good priced. The thing that gives the biggest part to the ambient are the two more than 400 years old chandeliers hanging from the ceiling above your head, you will definitely love those. There is a queue for this relaxation zone for those who would like to drink and not to eat, a rope discretely separates the bar from the restaurant ""hedonism"" part, and if you pick a spot you would like to lie on, but you don't have a reservation it might take some time before it becomes available. but if you would like to eat, don't stand in the queue, tell the nice staff that you are there to eat and you will get your seat more quickly. La Fianna is a great atmosphere, and value for money place, a great one to enter for a good night with your friends/one you love/colleague, either you are there just for a drink or you would like to eat. It is open late, and the neighborhood it is situated in is a nice one for finding more special places after you finish with La Fianna.","July 16, 2011",Barcelona_Catalonia,https://www.tripadvisor.com/Restaurant_Review-g187497-d790369-Reviews-or90-La_Fianna-Barcelona_Catalonia.html,UID_65551,"{'atmosphere': 'positive', 'service': 'positive', 'food': 'positive', 'duck': 'positive', 'wine selection': 'positive', 'price': 'positive', 'wait time': 'neutral', 'location': 'positive'}"
262728,262729,Casa_Guinart,5,Positive,review_396974816,Fantastic Gem next to Mercat,We stumble into this gem as we were walking in Mercat St. Josep La Boqueria. A bit pricey but so worth it. It is a great way to relax and enjoy the people go by. Just order a caña or Sangria and people watch. The...,"We stumble into this gem as we were walking in Mercat St. Josep La Boqueria.  A bit pricey but so worth it. It is a great way to relax and enjoy the people go by. Just order a caña or Sangria and people watch.  The food was amazing, great ambiance and great service. Will definitely try again. ","July 25, 2016",Barcelona_Catalonia,https://www.tripadvisor.com/Restaurant_Review-g187497-d3650118-Reviews-or170-Casa_Guinart-Barcelona_Catalonia.html,UID_87192,"{'price': 'negative', 'atmosphere': 'positive', 'service': 'positive', 'food': 'positive'}"
70759,70760,Angle_Barcelona,3,Negative,review_651410419,Disappointed experience ,"We went for the dinner of full tasting menu, it truly only worths 1star as we have to cleaned up the bread crumbs mess ourselves, the duration between courses were too long, lack of staff to serve, the taste between courses were not well orchestrated,...","We went for the dinner of full tasting menu, it truly only worths 1star as we have to cleaned up the bread crumbs mess ourselves, the duration between courses were too long, lack of staff to serve, the taste between courses were not well orchestrated, mainly too salty and nothing to freshen up in between. Staff services were great, but i guess we wont be back.","February 11, 2019",Barcelona_Catalonia,https://www.tripadvisor.com/Restaurant_Review-g187497-d2660534-Reviews-or20-Angle_Barcelona-Barcelona_Catalonia.html,UID_58715,"{'tasting menu': 'negative', 'cleanliness': 'negative', 'wait time': 'negative', 'service': 'negative', 'food taste': 'negative', 'staff services': 'positive'}"
239336,239337,Kurz_Gut_Gaudi,1,Negative,review_624500762,What a disappointment!,"The food was awful. Small portions, salad was outdated, the burger beef tasted like pork meat, the soup was tasteless. The service non-existent. Waiters served wrong tables with food/drinks, and didn't notice when you wanted to order food/drinks...","The food was awful. Small portions, salad was outdated, the burger beef tasted like pork meat, the soup was tasteless. The service non-existent. Waiters served wrong tables with food/drinks, and didn't notice when you wanted to order food/drinks...","October 13, 2018",Barcelona_Catalonia,https://www.tripadvisor.com/Restaurant_Review-g187497-d12713187-Reviews-or20-Kurz_Gut_Gaudi-Barcelona_Catalonia.html,UID_156523,"{'food': 'negative', 'portion size': 'negative', 'salad': 'negative', 'burger': 'negative', 'soup': 'negative', 'service': 'negative', 'waiters': 'negative'}"
246846,246847,La_Fonda,4,Positive,review_149554982,Popular and pleasant tourist restaurant,"Attractive place - large  high-ceilinged dining hall, with a gallery upstairs overlooking diners on ground floor. Cheerful atmosphere. Nice white cloth tablecloths and napkins. Some tables quite close together, though. They obviously try to fit in as many diners as possible in the space as...","Attractive place - large high-ceilinged dining hall, with a gallery upstairs overlooking diners on ground floor. Cheerful atmosphere. Nice white cloth tablecloths and napkins. Some tables quite close together, though. They obviously try to fit in as many diners as possible in the space as it is a very popular restaurant. We walked by one evening and thought it looked nice but had very few people inside. We returned the following night (Saturday) at about 21:15 and found a queue by the door. We ended up waiting about 45 minutes to get in. Our meal - fiduea, a Catalonian version of paella made with small noodles instead of rice - was quite tasty, although they had been rather stingy with the prawns and mussels. Overall, we enjoyed the experience but it was not worth the wait in queue. The value is great though - we had an excellent white wine for about €7.50 and the fiduea was about €8.50. To avoid waiting, best to arrive before 20:30 or after 22:00. 21:00 is a popular time for dining in Barcelona.","January 13, 2013",Barcelona_Catalonia,https://www.tripadvisor.com/Restaurant_Review-g187497-d717275-Reviews-or1320-La_Fonda-Barcelona_Catalonia.html,UID_132020,"{'atmosphere': 'positive', 'space': 'negative', 'wait time': 'negative', 'fiduea': 'neutral', 'seafood quantity': 'negative', 'overall experience': 'neutral', 'value': 'positive', 'wine': 'positive', 'dining time advice': 'neutral'}"
308226,308227,Opium_Barcelona,1,Negative,review_156648826,Money Problems!,"We had a really good time at opium, but when my Brother paid with 50€ they told him that he paid them in false money. It must be said that he paid earlier with 100€. So he got the Money from the stuff. They just...","We had a really good time at opium, but when my Brother paid with 50€ they told him that he paid them in false money. It must be said that he paid earlier with 100€. So he got the Money from the stuff. They just told us that the money was false. Just destroyed our perfect night. Just HORRIBLE!!!! I can't stand the ignorant Security guys. We left because we couldn't stand that ignorance. (The waiter talked to us that we partied the night before at OPIUM, what can i say...... We paid with ""true"" Money the night before!!!!!!!!!!)","April 4, 2013",Barcelona_Catalonia,https://www.tripadvisor.com/Restaurant_Review-g187497-d802355-Reviews-or230-Opium_Barcelona-Barcelona_Catalonia.html,UID_186777,"{'experience': 'positive', 'payment handling': 'negative', 'staff': 'negative', 'service': 'negative'}"
231716,231717,L_Ostia,5,Positive,review_256216119,Bustling brasserie,"This is the Barcelona version of a French brasserie. Lively and bustling, a large selection of food, hurried but mostly friendly waiters, lots of people and lots of noise. Most importantly, the food was great: mostly classics-with-an-original-twist. You could also say: stylish comfort food. Local...","This is the Barcelona version of a French brasserie. Lively and bustling, a large selection of food, hurried but mostly friendly waiters, lots of people and lots of noise.  Most importantly, the food was great: mostly classics-with-an-original-twist. You could also say: stylish comfort food. Local wine was inexpensive and very good.  It sits on an out-of-the-way but easily reachable square. Perfect way to spend an afternoon.","February 24, 2015",Barcelona_Catalonia,https://www.tripadvisor.com/Restaurant_Review-g187497-d3641593-Reviews-or200-L_Ostia-Barcelona_Catalonia.html,UID_149654,"{'food': 'positive', 'service': 'positive', 'atmosphere': 'positive', 'price': 'positive', 'location': 'positive'}"
267402,267403,Isla_Tortuga_Taverna_de_Mar,5,Positive,review_500474692,Great place for tapas ,We went to Isla Tortuga with the family (6 adults and 10 kids) and we all found that it was perfect. The service was perfect - all of them nice and very effective. The food was delicious (I liked most the the thuna tataki) and...,We went to Isla Tortuga with the family (6 adults and 10 kids) and we all found that it was perfect. The service was perfect - all of them nice and very effective. The food was delicious (I liked most the the thuna tataki) and to top it up the setting of the restaurant is very nice. Even the kids who can be difficult with food asked for more. The only thing is that you will have to be ready to spend a little more money - but it's definitely worth it. I would go back anytime. ,"July 10, 2017",Barcelona_Catalonia,https://www.tripadvisor.com/Restaurant_Review-g187497-d10832917-Reviews-or10-Isla_Tortuga_Taverna_de_Mar-Barcelona_Catalonia.html,UID_169283,"{'service': 'positive', 'food': 'positive', 'atmosphere': 'positive', 'price': 'negative'}"
14628,14629,Bo_de_Boqueria,2,Negative,review_162600619,First meal on Barcelona and disappointed,"Traveling with children and chose here because we could get tapas and kids could get pizza and pasta. They liked theirs, our left me disappointed. Hot dishes warm, cold tasted like they came from a jar. Paella ok and sangria tasteless. Hoping food in spain...","Traveling with children and chose here because we could get tapas and kids could get pizza and pasta. They liked theirs, our left me disappointed. Hot dishes warm, cold tasted like they came from a jar. Paella ok and sangria tasteless. Hoping food in spain much better than this","June 1, 2013",Barcelona_Catalonia,https://www.tripadvisor.com/Restaurant_Review-g187497-d4133942-Reviews-or410-Bo_de_Boqueria-Barcelona_Catalonia.html,UID_13632,"{'pizza': 'positive', 'pasta': 'positive', 'tapas': 'negative', 'hot dishes': 'negative', 'cold dishes': 'negative', 'paella': 'neutral', 'sangria': 'negative'}"
57653,57654,Cera_23,5,Positive,review_229480329,Fabulous,Stop thinking about it. Ignore the negative reviews. We've dined - and dissed - all over North America and Europe. This is a standout. Go and enjoy.,Stop thinking about it. Ignore the negative reviews. We've dined - and dissed - all over North America and Europe. This is a standout. Go and enjoy.,"September 17, 2014",Barcelona_Catalonia,https://www.tripadvisor.com/Restaurant_Review-g187497-d2314335-Reviews-or1460-Cera_23-Barcelona_Catalonia.html,UID_48889,{'general experience': 'positive'}
371069,371070,Cal_Pep,1,Negative,review_333924272,"Bland, boring and totally overpriced!","We ate here the first night we arrived in Barcelona based on recommendations from friends and the Lonely Planet. It was a huge disappointment. The food that was served was everything that you could find at a bad ""tapas"" restaurant in the United States. The...","We ate here the first night we arrived in Barcelona based on recommendations from friends and the Lonely Planet. It was a huge disappointment. The food that was served was everything that you could find at a bad ""tapas"" restaurant in the United States. The waiter said he would serve us typical traditional dishes and didn't give us a choice. We were served bland deep fried calamari, slimy bland tuna tartare, over-salted jamon (what you can find in any bar), a bland Spanish tortilla, salty clams with bacon, average croquettes. At that point we were too full and disappointed to try to order anything else. My dinner companion and I decided that we could have come up the exact same menu by going to the supermarket and preparing it ourselves. To make matters worse, we were charged twice as much as we have paid at other much better tapas restaurants! Save your money and avoid this tourist trap!!!","December 19, 2015",Barcelona_Catalonia,https://www.tripadvisor.com/Restaurant_Review-g187497-d697458-Reviews-or590-Cal_Pep-Barcelona_Catalonia.html,UID_209492,"{'recommendations': 'positive', 'food': 'negative', 'tapas': 'negative', 'service': 'negative', 'calamari': 'negative', 'tuna tartare': 'negative', 'jamon': 'negative', 'spanish tortilla': 'negative', 'clams with bacon': 'negative', 'croquettes': 'neutral', 'price': 'negative', 'atmosphere': 'negative'}"
393550,393551,Sher_E_Punjab,1,Negative,review_304183049,Simply the worst Indian restaurant we've ever visited.,"We suspected what was coming when the popadums turned up burned and greasy. However, we could never have guessed just how poor the curries we ordered were. It seemed that spices had been replaced with salt and food colouring. One dish was supposed to be...","We suspected what was coming when the popadums turned up burned and greasy. However, we could never have guessed just how poor the curries we ordered were. It seemed that spices had been replaced with salt and food colouring. One dish was supposed to be a curry with chicken and spinach. It tasted of spinach, but there were no discernible spices present. To make matters worse, the food was considerably over-priced at about 12euros on average for a curry. Shocking.","August 27, 2015",Barcelona_Catalonia,https://www.tripadvisor.com/Restaurant_Review-g187497-d7108697-Reviews-or30-Sher_E_Punjab-Barcelona_Catalonia.html,UID_217217,"{'popadums': 'negative', 'curries': 'negative', 'spices': 'negative', 'chicken and spinach curry': 'negative', 'price': 'negative'}"
96531,96532,El_Pachuco,4,Positive,review_420225514,Great tacos ,We tried the carnitas and tinga tacos. I liked the tinga tacos best. We also shared guacamole and black beans which gave three of us plenty of food!,We tried the carnitas and tinga tacos. I liked the tinga tacos best. We also shared guacamole and black beans which gave three of us plenty of food!,"September 19, 2016",Barcelona_Catalonia,https://www.tripadvisor.com/Restaurant_Review-g187497-d4913325-Reviews-or240-El_Pachuco-Barcelona_Catalonia.html,UID_7376,"{'carnitas tacos': 'neutral', 'tinga tacos': 'positive', 'guacamole': 'neutral', 'black beans': 'neutral', 'portion size': 'positive'}"
333416,333417,Casa_Lola_Rambla_70,3,Negative,review_509102553,"Good, not Great","My family has some picky eaters, so we were going from restaurant to restaurant to find something to please everyone.  Settled here, good, not great - would not go out of my way to track down.","My family has some picky eaters, so we were going from restaurant to restaurant to find something to please everyone.  Settled here, good, not great - would not go out of my way to track down.","August 5, 2017",Barcelona_Catalonia,https://www.tripadvisor.com/Restaurant_Review-g187497-d10233845-Reviews-or130-Casa_Lola_Rambla_70-Barcelona_Catalonia.html,UID_107381,"{'food': 'neutral', 'restaurant choice': 'neutral'}"
235099,235100,Parellada,4,Positive,review_205503071,Good Food Good Value but not cheap.,This restaurant is part of the Hotel Banys but seems to serve many non-residents. It is a very pleasant environment with tables arranged around a central atrium with more tables on the first floor balcony overlooking the tables on the ground floor. We were recommended...,"This restaurant is part of the Hotel Banys but seems to serve many non-residents. It is a very pleasant environment with tables arranged around a central atrium with more tables on the first floor balcony overlooking the tables on the ground floor. We were recommended by a friend who had stayed at the hotel and enjoyed the food, and by a colleague who runs a travel agency. We were seated quickly and given a menu which was not only in Spanish but also sections in English, German, Italian and French. This is not a Tapas place but a conventional international style restaurant.  We had 2 starters and a salad (the tempura vegetables had just an outstanding taste) between the two of us to start, and a bottle of Cava to drink. There were Olives on the table and bread provided at 1 Euro per person. For main courses we had Lamb and Hake, and finished with a Catalan Creme Brûlée and Baked Alaska. Service was prompt and pleasant, and the food was well cooked and tasty. We were a bit put out when the bill was dropped on the table before we had been offered desserts - not good - but we just refused it and asked for the menu, and chose the desserts we wanted. The over eager bill was out of character - service was otherwise excellent and cheerful, and the food was very good. A definite place to go if you've had enough of the ubiquitous Tapas.","May 14, 2014",Barcelona_Catalonia,https://www.tripadvisor.com/Restaurant_Review-g187497-d717406-Reviews-or390-Parellada-Barcelona_Catalonia.html,UID_73095,"{'restaurant atmosphere': 'positive', 'service': 'positive', 'menu': 'positive', 'food': 'positive', 'price': 'neutral', 'billing': 'negative', 'desserts': 'neutral'}"
420487,420488,Milk_Bar_Bistro,5,Positive,review_291538925,Go early.,"The Eggs Benedict were divine, as was my friend's burger. Also, we could make ourselves sick off eating the patatas. Go early--there is a wait and we barely made it in before the kitchen closed (4:30 I believe). It is well worth the wait.","The Eggs Benedict were divine, as was my friend's burger. Also, we could make ourselves sick off eating the patatas. Go early--there is a wait and we barely made it in before the kitchen closed (4:30 I believe). It is well worth the wait.","July 22, 2015",Barcelona_Catalonia,https://www.tripadvisor.com/Restaurant_Review-g187497-d1122768-Reviews-or1370-Milk_Bar_Bistro-Barcelona_Catalonia.html,UID_164973,"{'eggs benedict': 'positive', 'burger': 'positive', 'patatas': 'negative', 'wait time': 'negative', 'overall experience': 'positive'}"
166162,166163,Asador_de_Aranda,1,Negative,review_350711519,Misleading!,I went there with my clients because they were halal certified but it came to my attention that they serve pork! This is misleading..,I went there with my clients because they were halal certified but it came to my attention that they serve pork! This is misleading..,"February 24, 2016",Barcelona_Catalonia,https://www.tripadvisor.com/Restaurant_Review-g187497-d969312-Reviews-or200-Asador_de_Aranda-Barcelona_Catalonia.html,UID_119675,"{'halal certification': 'negative', 'honesty': 'negative'}"
123943,123944,Restaurante_Sesamo,5,Positive,review_133743019,Great vegetarian food,My daughter is a vegetarian and we were concerned about finding places for her to eat in Barcelona.  This place was highly rated in TripAdvisor.  We tried it and had a great experience.  This is a small place and filled up fast.  We had reservations...,"My daughter is a vegetarian and we were concerned about finding places for her to eat in Barcelona. This place was highly rated in TripAdvisor. We tried it and had a great experience. This is a small place and filled up fast. We had reservations at 8. This was on the Wednesday night that Spain played Portugal in football, so that may have contributed. The waiter and cook were both a lot of fun. The food was excellent and we all 3 enjoyed the choices. This is a must do visit in Barcelona.","July 8, 2012",Barcelona_Catalonia,https://www.tripadvisor.com/Restaurant_Review-g187497-d997328-Reviews-or570-Restaurante_Sesamo-Barcelona_Catalonia.html,UID_4127,"{'vegetarian options': 'positive', 'rating': 'positive', 'atmosphere': 'positive', 'reservations': 'neutral', 'service': 'positive', 'food': 'positive', 'variety': 'positive'}"
326766,326767,Tapa_Tapa_C_C_Maremagnum,2,Negative,review_680979215,It´s far from good = touristy,"So - here for lunch - and they serve Bitburger = German beer? In Barcelona? This is the first strange thing I notice - and it´s not cheap either... Food is what it is - pulpo ala galega = ok taste, but very expensive for...","So - here for lunch - and they serve Bitburger = German beer? In Barcelona? This is the first strange thing I notice - and it´s not cheap either... Food is what it is - pulpo ala galega = ok taste, but very expensive for a small portion. Expensive wine as well by the way. So what was good? Pan con tomate, Padron peppers - and the freshly made omelett - but the rest was useless/too expensive,","June 12, 2019",Barcelona_Catalonia,https://www.tripadvisor.com/Restaurant_Review-g187497-d2079639-Reviews-or40-Tapa_Tapa_C_C_Maremagnum-Barcelona_Catalonia.html,UID_3794,"{'beer selection': 'negative', 'price': 'negative', 'food': 'neutral', 'portion size': 'negative', 'wine': 'negative', 'pan con tomate': 'positive', 'padron peppers': 'positive', 'omelette': 'positive'}"
190275,190276,Bilbao_Berria,4,Positive,review_436274863,Excellent service,This was my first time to try tapas.  The food was good but there are no signs stating what things are so that made it difficult.  The waiter we had was great and made the experience better.,This was my first time to try tapas.  The food was good but there are no signs stating what things are so that made it difficult.  The waiter we had was great and made the experience better.,"November 10, 2016",Barcelona_Catalonia,https://www.tripadvisor.com/Restaurant_Review-g187497-d997713-Reviews-or320-Bilbao_Berria-Barcelona_Catalonia.html,UID_132486,"{'tapas': 'positive', 'food': 'positive', 'signage': 'negative', 'service': 'positive'}"
330982,330983,Los_Caracoles,5,Positive,review_577215709,Best snails in Barcelona,"This is the restaurant with the best snails in town. Also the sea food is delicious. With an interesting design, it offers you pleasure to relaxing and have good time. If you like sea food, you should come here.","This is the restaurant with the best snails in town. Also the sea food is delicious. With an interesting design, it offers you pleasure to relaxing and have good time. If you like sea food, you should come here.","May 1, 2018",Barcelona_Catalonia,https://www.tripadvisor.com/Restaurant_Review-g187497-d717325-Reviews-or290-Los_Caracoles-Barcelona_Catalonia.html,UID_68039,"{'snails': 'positive', 'sea food': 'positive', 'atmosphere': 'positive'}"
61653,61654,Son_Hao,5,Positive,review_373916940,Really Good Taiwanese / Chinese Food,We were Malaysians who have quite high standards for Chinese food. During our visit to Barcelona we made sure we had one Chinese food a day so this place turned out to be one of the places we decided to visit after reading the welcoming...,"We were Malaysians who have quite high standards for Chinese food. During our visit to Barcelona we made sure we had one Chinese food a day so this place turned out to be one of the places we decided to visit after reading the welcoming reviews. Indeed, the boss was so welcoming and made us feel at home, in a far away land. He took the time and effort to introduce us to the best dishes. Last but not least, he gave us free coffees and 5 cans of take away - imported herbal tea on the house! Such lovely act. The dishes were really good, so if you are in Barcelona and misses home, look no further to check out this place. You won't go disappointed.","May 17, 2016",Barcelona_Catalonia,https://www.tripadvisor.com/Restaurant_Review-g187497-d1113715-Reviews-or100-Son_Hao-Barcelona_Catalonia.html,UID_51881,"{'chinese food': 'positive', 'service': 'positive', 'atmosphere': 'positive', 'dishes': 'positive', 'price': 'positive'}"
269686,269687,Alsur_Cafe_Backdoor_Bar,3,Negative,review_682625115,Just okay.,Nice little find -  friendly and chilled environment. I ordered the bagel benedict with ham - the bagel isn’t toasted or cut in half which makes the whole meal quite dry and hard to swallow. I haven’t tried anything else on the menu so there...,Nice little find - friendly and chilled environment. I ordered the bagel benedict with ham - the bagel isn’t toasted or cut in half which makes the whole meal quite dry and hard to swallow. I haven’t tried anything else on the menu so there may be better things to order but I would avoid the benedict bagel.,"June 19, 2019",Barcelona_Catalonia,https://www.tripadvisor.com/Restaurant_Review-g187497-d13074055-Reviews-Alsur_Cafe_Backdoor_Bar-Barcelona_Catalonia.html,UID_16520,"{'atmosphere': 'positive', 'service': 'positive', 'bagel benedict': 'negative'}"
168866,168867,Peix_d_or,5,Positive,review_666786350,Very fishy,What a find. This place really is awesome. You walk in the door and right in front of you is a glass cabinet filled with ice and fresh fish and shellfish. You choose what you want and its then cooked and brought straight to your...,What a find. This place really is awesome. You walk in the door and right in front of you is a glass cabinet filled with ice and fresh fish and shellfish. You choose what you want and its then cooked and brought straight to your table.They also serve a very good paella that is served in the pan for two people to share. Definitely give this place a go if your in Barcelona and in the mood for seafood.,"April 15, 2019",Barcelona_Catalonia,https://www.tripadvisor.com/Restaurant_Review-g187497-d1754633-Reviews-or10-Peix_d_or-Barcelona_Catalonia.html,UID_121263,"{'atmosphere': 'positive', 'seafood': 'positive', 'service': 'positive', 'paella': 'positive'}"
412060,412061,L_Antic_Bocoi_del_Gotic,5,Positive,review_478792625,Perfect birthday dinner,I searched on TripAdvisor for this place for my wife's birthday dinner and we enjoyed every minute. The ambience of the place was great and we felt part of Barcelona. We asked the waitress for some recommendations and she told us about the raw fish...,"I searched on TripAdvisor for this place for my wife's birthday dinner and we enjoyed every minute. The ambience of the place was great and we felt part of Barcelona. We asked the waitress for some recommendations and she told us about the raw fish salad which was amazing, you should go for it. The dishes in the restaurant were excellent washed down with a fine bottle of Rioja helped the birthday celebrations tremendously and we finished with the Barcelona version of Creme Brûlée with a birthday candle for my wife which ticked all of the boxes. Prices were very reasonable and the staff very helpful. You will need to book but phone up early to secure your table or go late.","April 25, 2017",Barcelona_Catalonia,https://www.tripadvisor.com/Restaurant_Review-g187497-d1999969-Reviews-or100-L_Antic_Bocoi_del_Gotic-Barcelona_Catalonia.html,UID_48650,"{'ambience': 'positive', 'service': 'positive', 'raw fish salad': 'positive', 'dishes': 'positive', 'wine': 'positive', 'dessert': 'positive', 'price': 'positive', 'booking': 'neutral'}"
402738,402739,Flax_Kale,5,Positive,review_488984684,best brunch,"this restaurant is definitely on of the bests in Barcelona. I went there multiple times, but mostly for brunch. when it's sunny outside the restaurant has an open terrace and it's super cute, with lots of flowers and plants. the food is delicious, everything is...","this restaurant is definitely on of the bests in Barcelona. I went there multiple times, but mostly for brunch. when it's sunny outside the restaurant has an open terrace and it's super cute, with lots of flowers and plants. the food is delicious, everything is super healthy and is vegan / vegetarian ok but you can still find something with fish and eggs in it. I had eggs royale with smoked salmon and my sister the healthy pancakes with fruits and they were both amazing. in the restaurant you can also find all the juices that they have and they're all so good. the restaurant is near Plaça de Catalunya so it's very easy to find. For brunch you can't book a table but for dinner you can do it (only through their website). Amazing restaurant!","May 30, 2017",Barcelona_Catalonia,https://www.tripadvisor.com/Restaurant_Review-g187497-d6996799-Reviews-or1130-Flax_Kale-Barcelona_Catalonia.html,UID_23653,"{'restaurant': 'positive', 'brunch': 'positive', 'atmosphere': 'positive', 'food': 'positive', 'vegan options': 'positive', 'vegetarian options': 'positive', 'fish options': 'positive', 'egg options': 'positive', 'eggs royale with smoked salmon': 'positive', 'healthy pancakes with fruits': 'positive', 'juices': 'positive', 'location': 'positive', 'booking system': 'neutral'}"
369565,369566,Restaurant_Santa_Anna,5,Positive,review_634797806,Food was so nice we went back the next day.,Had a really nice dinner in Santa Anna on our recent visit to Barcelona.  Had a couple of tapas for starter and then both of us had paella - one seafood and one noodle.  Both were very good.  Shared a very nice chocolate brownie with...,Had a really nice dinner in Santa Anna on our recent visit to Barcelona. Had a couple of tapas for starter and then both of us had paella - one seafood and one noodle. Both were very good. Shared a very nice chocolate brownie with ice cream and a couple of glasses of wine. We enjoyed so much we went back the next evening.,"November 21, 2018",Barcelona_Catalonia,https://www.tripadvisor.com/Restaurant_Review-g187497-d2700265-Reviews-or50-Restaurant_Santa_Anna-Barcelona_Catalonia.html,UID_102056,"{'dinner': 'positive', 'location': 'positive', 'tapas': 'positive', 'paella': 'positive', 'dessert': 'positive', 'wine': 'positive', 'return visit': 'positive'}"
303293,303294,Restaurante_Bona_Sort,1,Negative,review_586168007,Terrible service! ,The tapas is poor and over prized. But the worst part is the non-existing service from the staff!Food is served without a word... The waiters seem anoyed by the customers.Cozy sorroundings though...,The tapas is poor and over prized. But the worst part is the non-existing service from the staff!Food is served without a word... The waiters seem anoyed by the customers.Cozy sorroundings though...,"June 9, 2018",Barcelona_Catalonia,https://www.tripadvisor.com/Restaurant_Review-g187497-d997717-Reviews-or50-Restaurante_Bona_Sort-Barcelona_Catalonia.html,UID_497,"{'tapas': 'negative', 'price': 'negative', 'service': 'negative', 'atmosphere': 'positive'}"
258664,258665,Iaia_Cristina,5,Positive,review_377661542,Best Pizza in Barcelona,"We stayed near this restaurant and we found through Tripadvisor. The food was delicious, Pizza like in Napoli. Waitress was very friendly and fine. Really recommend!","We stayed near this restaurant and we found through Tripadvisor. The food was delicious, Pizza like in Napoli. Waitress was very friendly and fine. Really recommend!","May 29, 2016",Barcelona_Catalonia,https://www.tripadvisor.com/Restaurant_Review-g187497-d8083614-Reviews-or60-Iaia_Cristina-Barcelona_Catalonia.html,UID_49415,"{'location': 'positive', 'food': 'positive', 'pizza': 'positive', 'service': 'positive', 'recommendation': 'positive'}"
106097,106098,Garage_Beer_Co,4,Positive,review_558617819,Lots of their own beer for sale,"Brewery and bar, so a large chunk is their beer, which is no bad thing at all.Focus on the hoppy American IPA style but a good dark one as well.Although sat at the bar and had 5 drinks, this was the only place...","Brewery and bar, so a large chunk is their beer, which is no bad thing at all. Focus on the hoppy American IPA style but a good dark one as well. Although sat at the bar and had 5 drinks, this was the only place in Barcelona I was asked to ""pay as I order"", as a visitor from the UK this is fine as that is how we do it, but threw me a bit as nowhere else did. Worth a visit if you are having a beer based walk around!","February 5, 2018",Barcelona_Catalonia,https://www.tripadvisor.com/Restaurant_Review-g187497-d7990129-Reviews-or50-Garage_Beer_Co-Barcelona_Catalonia.html,UID_78529,"{'beer': 'positive', 'variety': 'positive', 'payment system': 'neutral', 'atmosphere': 'positive'}"
376475,376476,Rossini,4,Positive,review_246405127,"Good pizza, good value.",We ended up by accident in Rossini at 10pm on a November Friday because our booked restaurant (Café de l’Academia) had suffered a power cut and was closed. We decided we’d look for a pizza instead and rambled until we came across this place under...,"We ended up by accident in Rossini at 10pm on a November Friday because our booked restaurant (Café de l’Academia) had suffered a power cut and was closed. We decided we’d look for a pizza instead and rambled until we came across this place under the arcade on Plaza Real. We sat outside as it was a balmy night (at least by Irish standards) and ordered 2 ”tapas” portions of calamari (€4.50), followed by 2 pizzas (€13-15). The calamari was very tasty and came as a good sized portion - but the pizzas were enormous and generously topped. My wife could only finish half hers – after a struggle, while I left about a third of mine behind. Both were very good but just too big for us. I noticed that we were not alone among the diners in being unable to eat the lot.  We had a nice bottle of Ribero del Duero (€37), probably a little overpriced. Service was efficient and friendly – the waiter laughed when we had to abandon the effort and suggested that next time we might share a pizza and a salad. Good advice. We had no room for dessert and finished with a couple of ok coffees. The menu had many options other than pizza and the ambience was quite lively. It’s nice to sit outside under the arcade and watch the varied nightlife go by. When we left at about 11.30pm, the locals were still coming in to dine. I'll never fathom how the Spanish/Catalans can eat so late at night.","December 29, 2014",Barcelona_Catalonia,https://www.tripadvisor.com/Restaurant_Review-g187497-d1082035-Reviews-or1570-Rossini-Barcelona_Catalonia.html,UID_16155,"{'rossini': 'neutral', 'café de l’academia': 'negative', 'pizza': 'positive', 'calamari': 'positive', 'portion size': 'negative', 'wine': 'neutral', 'price': 'negative', 'service': 'positive', 'advice': 'positive', 'coffee': 'neutral', 'menu variety': 'positive', 'atmosphere': 'positive', 'dining time': 'neutral'}"
305850,305851,Mussol_Arago,5,Positive,review_245138834,One of the best accidental meals of my life.,"A group of friends and I have been living in Morocco for between a year and two so our goal for our evening in Barcelona was pork, cheese and delicious wine. El Mussol provided all of these and then some. We never even looked at...","A group of friends and I have been living in Morocco for between a year and two so our goal for our evening in Barcelona was pork, cheese and delicious wine. El Mussol provided all of these and then some. We never even looked at the menu, we just asked our waiter for a delicious meal. He was quick to bring us delicious bread with a garlic spread that I will forever be trying to remake. For our meal he presented us with an unreal combination of cheeses and meats that we could not get enough of. On top of the quality of the food, the wine our waiter chose was an excellent compliment The service was also laudable: quick and on-point from sociable staff. If I had only one more evening in Barcelona I would hunt down this place and attempt to recreate this wonderful evening of scrumptious food.","December 19, 2014",Barcelona_Catalonia,https://www.tripadvisor.com/Restaurant_Review-g187497-d3229135-Reviews-or130-Mussol_Arago-Barcelona_Catalonia.html,UID_185820,"{'pork': 'positive', 'cheese': 'positive', 'wine': 'positive', 'service': 'positive', 'bread': 'positive', 'garlic spread': 'positive', 'meal': 'positive', 'atmosphere': 'positive'}"
326562,326563,Koi_Koi,4,Positive,review_443335821,"Nice place, nice people and excellent meals","Nice place, nice people and excellent meals. This is a place where you can taste asian food with a touch of fusion.","Nice place, nice people and excellent meals. This is a place where you can taste asian food with a touch of fusion.","December 10, 2016",Barcelona_Catalonia,https://www.tripadvisor.com/Restaurant_Review-g187497-d11635938-Reviews-or10-Koi_Koi-Barcelona_Catalonia.html,UID_194191,"{'place': 'positive', 'service': 'positive', 'food': 'positive'}"
29191,29192,Restaurante_Arume,1,Negative,review_394483498,"Portions are too small, expensive  a tourist trap!",Everything in this restaurant is the size of the appetiser. So if u think your €60 euro will make u filled and leave with a happy tummy? -you're having a mistake! -like the biggest tourist dinner we had in Spain. Paella is salty for the...,"Everything in this restaurant is the size of the appetiser. So if u think your €60 euro will make u filled and leave with a happy tummy? -you're having a mistake! -like the biggest tourist dinner we had in Spain. Paella is salty for the record, and it's like the size of a kids portion! Never go to this resto it's a tourist trap! Trust me. Service is awful as well u feel that you're being rushed as they take away everything as soon as u had the last drop on your spoon. As if they're watching u from behind! They will just take it away with it even saying ""excuse me"" Such a big disappointment should never expect high on this tripAdvisor ""suggestions""","July 19, 2016",Barcelona_Catalonia,https://www.tripadvisor.com/Restaurant_Review-g187497-d6839857-Reviews-or860-Restaurante_Arume-Barcelona_Catalonia.html,UID_26217,"{'portion size': 'negative', 'price': 'negative', 'paella': 'negative', 'atmosphere': 'negative', 'service': 'negative'}"
318724,318725,Brisa_Sin_Prisa,3,Negative,review_699040436,Loses on closer acquaintance,"When we visited Brisa sin Prisa for the first time I took gnocchi four cheese, my Bf took burger with fries. Food was really good, and service (a bit older waiter was served us) was kind and professional. We came there again about week later,...","When we visited Brisa sin Prisa for the first time I took gnocchi four cheese, my Bf took burger with fries. Food was really good, and service (a bit older waiter was served us) was kind and professional. We came there again about week later, we decided to take Menu del dia and I chose Patatas bravas. In menu del dia was kind of pasta and meat board. Patatas was good but very fatty- too much oil, aioli and hot souces was not too good. Meat board with vegetables from grill was good but cold- they probably prepared meat i first place and then they had to wait for patatas, which need more time. We didn't want to back there but in last day our best restaurant was closed so we decded to visit Brisa Sin Prisa last time. We was waiting for service for years. My Bf got burned paella marisco, it wasn't good in taste and all rice and sea food which was from below and from above was burned. I ordered gnocchi four cheese again and it was good but not that good like we was there first time. I asked for the bill 3 times, we was in hurry cause we had only 15 minutes to get to bus station and get to airport and service was really slow. Actually in Brisa sin Prisa it's all depends on they day. I would recommend Gnocchi i think. There are many better places on Rambla.","August 14, 2019",Barcelona_Catalonia,https://www.tripadvisor.com/Restaurant_Review-g187497-d10461490-Reviews-Brisa_Sin_Prisa-Barcelona_Catalonia.html,UID_109871,"{'gnocchi four cheese': 'neutral', 'burger with fries': 'positive', 'food': 'positive', 'service': 'negative', 'menu del dia': 'neutral', 'patatas bravas': 'negative', 'pasta and meat board': 'neutral', 'vegetables from grill': 'neutral', 'wait time': 'negative', 'paella marisco': 'negative', 'rice and sea food': 'negative', 'bill': 'negative', 'atmosphere': 'neutral'}"
164372,164373,Out_of_China,1,Negative,review_247053961,Avoid,Very disappointing from start to finish.  The lady who served us showed no emotion and looked as if she was bored.  We had the chicken noodle soup which was tasteless.  When we advised the waiter she told us it was supposed to be.  We then...,Very disappointing from start to finish. The lady who served us showed no emotion and looked as if she was bored. We had the chicken noodle soup which was tasteless. When we advised the waiter she told us it was supposed to be. We then had the chicken curry and the kungbao Chicken. Both arrived cold and we're all very oily and lacked flavour. The dishes were over powered by oil bases. Restaurant was busy with diners and had nice decor but no athmosphere or background music. Would advise giving this a miss. Too many other places to enjoy. ,"January 2, 2015",Barcelona_Catalonia,https://www.tripadvisor.com/Restaurant_Review-g187497-d751586-Reviews-or150-Out_of_China-Barcelona_Catalonia.html,UID_118655,"{'overall experience': 'negative', 'service': 'negative', 'chicken noodle soup': 'negative', 'chicken curry': 'negative', 'kungbao chicken': 'negative', 'oiliness': 'negative', 'atmosphere': 'negative', 'music': 'negative', 'recommendation': 'negative'}"
276186,276187,Bestial,3,Negative,review_583328540,"Great place, but rude service","We went for drinks and some food last Sunday, I really love Bestial as a place, but the service was extremely rude not only in relation with our table but to other customers as well. The guy (foreigner) who was ordering drinks before us was...","We went for drinks and some food last Sunday, I really love Bestial as a place, but the service was extremely rude not only in relation with our table but to other customers as well. The guy (foreigner) who was ordering drinks before us was asked double price and the waitress even didn't excuse for her mistake. I was waiting for my drink 10-15 min when there were 3 free barmen and no customers (they looked like they don't want to serve you). I wish the service would be better, since place is very nice.","May 28, 2018",Barcelona_Catalonia,https://www.tripadvisor.com/Restaurant_Review-g187497-d697423-Reviews-or60-Bestial-Barcelona_Catalonia.html,UID_173258,"{'drinks': 'neutral', 'food': 'neutral', 'atmosphere': 'positive', 'service': 'negative', 'price': 'negative', 'wait time': 'negative'}"
384364,384365,La_Fitora,1,Negative,review_675139450,Shamelessly bad. Avoid this place,"I cannot give zero stars, so one star it is. That is for service then, which is not good, but not bad either.This was a good restaurant. Who knows what has happened, but it is really not impressive what they dare to put in...","I cannot give zero stars, so one star it is. That is for service then, which is not good, but not bad either. This was a good restaurant. Who knows what has happened, but it is really not impressive what they dare to put in front of you. There is zero interest to try to prepare something nice for you, to make something appealing. That is what bothered me a lot, that they do not care. The paella was horrible, full of liquid, tasteless. The waiter asked if we liked it and we said no. He was not surprised and did not care. We also had spaghetti with meatball for my daughter. She loves meatballs and did not eat one, horrible. Cheese was not offered with the pasta. A really annoying place and one to avoid. I live in barcelona and looks like this restaurant is made to serve one time tourists, who will not come back. Nothing is done to make the food look nice. I wish i had read the opinions here before. They are restaurant 7000 or so out of 9000. What a shame.","May 19, 2019",Barcelona_Catalonia,https://www.tripadvisor.com/Restaurant_Review-g187497-d986285-Reviews-or20-La_Fitora-Barcelona_Catalonia.html,UID_45128,"{'service': 'neutral', 'food': 'negative', 'paella': 'negative', 'spaghetti with meatball': 'negative', 'cheese': 'negative', 'atmosphere': 'negative', 'restaurant reputation': 'negative'}"
240726,240727,Bar_Lobo,3,Negative,review_255259183,Nice look. Service could be better,"The sister to Luiza only a few doors away.A lovely bright, airy atmosphere. We went for breakfast.It's a cool restaurant and our food was good. I have eggs benedict and my daughter a nice fresh croissant but we had to wait an age...","The sister to Luiza only a few doors away. A lovely bright, airy atmosphere. We went for breakfast. It's a cool restaurant and our food was good. I have eggs benedict and my daughter a nice fresh croissant but we had to wait an age to get the bill from a waitress who was good at avoiding eye contact and was generally quite surly. Shame.","February 19, 2015",Barcelona_Catalonia,https://www.tripadvisor.com/Restaurant_Review-g187497-d907765-Reviews-or790-Bar_Lobo-Barcelona_Catalonia.html,UID_133614,"{'atmosphere': 'positive', 'restaurant': 'positive', 'food': 'positive', 'eggs benedict': 'positive', 'croissant': 'positive', 'wait time': 'negative', 'service': 'negative'}"
156412,156413,Las_Mananitas_Tex_Mex_BCN,4,Positive,review_166970112,"Great Mexican, better Margaritas! ",The only... And I mean ONLY downfall of this deliciouz restaurant is the location (about 1.5 miles from the beach. Take the metro and it will be an easy trip... I walked). The margaritas are amazing (try the REAL or Mango!) and the chicken fajitas...,"The only... And I mean ONLY downfall of this deliciouz restaurant is the location (about 1.5 miles from the beach. Take the metro and it will be an easy trip... I walked). The margaritas are amazing (try the REAL or Mango!) and the chicken fajitas are excellent. Its such a cute little mexican restaurant that has a family feel and great service. Prices are resonable as well! They have english and spanish menus and everyone there speaks english (though that shouldnt be a factor in your decision making). If you LOVE mexican, you will love this restaurant. Enjoy! I highly recommend. ","July 9, 2013",Barcelona_Catalonia,https://www.tripadvisor.com/Restaurant_Review-g187497-d3136985-Reviews-or90-Las_Mananitas_Tex_Mex_BCN-Barcelona_Catalonia.html,UID_47704,"{'location': 'negative', 'margaritas': 'positive', 'chicken fajitas': 'positive', 'atmosphere': 'positive', 'service': 'positive', 'price': 'positive', 'language options': 'positive'}"
297594,297595,Mariscco_Reial0,2,Negative,review_373273974,Desperate,"I was wary before sitting down. this is the Plaza Reial of course and everybody spoke about tourist traps.  Well, this was typical. The location is lovely, well set in a corner of the Plaza with a beautiful view from the terrace. The food and...","I was wary before sitting down. this is the Plaza Reial of course and everybody spoke about tourist traps. Well, this was typical. The location is lovely, well set in a corner of the Plaza with a beautiful view from the terrace. The food and the service were however worse than just plain. The starter salads were barely acceptable. The main dish of ""seafood pasta"" was uneatable. The pasta was totally overcooked to a mush, while the seafood sauce consisted of a broth made of what looked strips of frozen calamar with some clams. It was bitter and must have been made a long time ago. I sent it back.  Service totally indifferent To avoid","May 16, 2016",Barcelona_Catalonia,https://www.tripadvisor.com/Restaurant_Review-g187497-d2374260-Reviews-or180-Mariscco_Reial0-Barcelona_Catalonia.html,UID_62480,"{'location': 'positive', 'view': 'positive', 'food': 'negative', 'service': 'negative', 'salads': 'negative', 'seafood pasta': 'negative'}"
177765,177766,Agut,4,Positive,review_146957184,Catalan to the core....just as it should be,"This got a good write up in the local paper so we thought it was time to try it out.  Alas it wasn't very busy (it was Thursday evening of the puente) so the atmosphere suffered a little, but the quality of the food, wine...","This got a good write up in the local paper so we thought it was time to try it out. Alas it wasn't very busy (it was Thursday evening of the puente) so the atmosphere suffered a little, but the quality of the food, wine and service made up for it.  One of the great things about this place is they do ""media racion"" which means half plate. So if you want to sample a number of small dishes you can, and still have room for dessert. The restaurant has a great selection of wines. Brunus is always a favorite and all good restaurants have it on the wine list. The last time I was in the US I had a taste of kobe beef, incredibly expensive, specially prepared Japanese style. At Agut I had a ""solomillo de buey"". It was equally as good. Cooked to perfection, sliced like butter, melted in the mouth. It's been a while since I had such a great piece of beef for less than 25Eu, (and 1/5th of what the kobe cost!). If you ever decide you want a little bit of traditional Catalan cuisine (not tapas), there are a ton of great restaurants to chose from. This is one of the best value for money.","December 7, 2012",Barcelona_Catalonia,https://www.tripadvisor.com/Restaurant_Review-g187497-d697401-Reviews-or130-Agut-Barcelona_Catalonia.html,UID_193,"{'atmosphere': 'negative', 'food': 'positive', 'wine': 'positive', 'service': 'positive', 'portion size': 'positive', 'beef': 'positive', 'price': 'positive', 'value for money': 'positive', 'cuisine': 'positive'}"
416576,416577,Gusto,5,Positive,review_773003798,Meal with friends,Very good pizza next time try other plates. The service was great and atmosfera excellent. Looking foward to coming back soon,Very good pizza next time try other plates. The service was great and atmosfera excellent. Looking foward to coming back soon,"October 3, 2020",Barcelona_Catalonia,https://www.tripadvisor.com/Restaurant_Review-g187497-d1575800-Reviews-Gusto-Barcelona_Catalonia.html,UID_170242,"{'pizza': 'positive', 'service': 'positive', 'atmosphere': 'positive'}"
287804,287805,Bitacora_Poblenou,4,Positive,review_585005245,Good traditional tapas,"Good, simple place to stop by for some traditional tapas and a cold beer or a local vermouth. Good service and decent prices too. A pleasant lunch experience.","Good, simple place to stop by for some traditional tapas and a cold beer or a local vermouth. Good service and decent prices too. A pleasant lunch experience.","June 4, 2018",Barcelona_Catalonia,https://www.tripadvisor.com/Restaurant_Review-g187497-d11517000-Reviews-or10-Bitacora_Poblenou-Barcelona_Catalonia.html,UID_112350,"{'place': 'positive', 'tapas': 'positive', 'beer': 'positive', 'vermouth': 'positive', 'service': 'positive', 'price': 'positive', 'lunch experience': 'positive'}"
80105,80106,Vic_Braseria,4,Positive,review_393960401,Simple Spanish food at a good price,Visited Barcelona with family and eat here on our first night. Was very impressed after having the cod balls for starter and flattened chicken for a main.Food and service were very good quality and I would highly recommend this place to anyone hunting a...,Visited Barcelona with family and eat here on our first night. Was very impressed after having the cod balls for starter and flattened chicken for a main. Food and service were very good quality and I would highly recommend this place to anyone hunting a good meal in Barcelona.,"July 18, 2016",Barcelona_Catalonia,https://www.tripadvisor.com/Restaurant_Review-g187497-d2364549-Reviews-or150-Vic_Braseria-Barcelona_Catalonia.html,UID_65438,"{'food': 'positive', 'service': 'positive', 'recommendation': 'positive'}"
127670,127671,Irati_Taverna_Basca,5,Positive,review_655305036,Fresh and delicious!,"iRATi was recommended by my OH's colleague. Boy, were we glad we tried it on our last evening. It was the best food we had during our stay in Barcelona. The pinxtos are awesome, and the service is just fantastic! The staff are very friendly...","iRATi was recommended by my OH's colleague. Boy, were we glad we tried it on our last evening. It was the best food we had during our stay in Barcelona. The pinxtos are awesome, and the service is just fantastic! The staff are very friendly and informative.  We enjoyed the atmosphere including the fact that there is no seating around the pinxtos area. It was casual and leisurely where we could eat, drink and chat at our own pace. Did I mention how great the food is? So fresh and delicious! We will definitely be back.","February 27, 2019",Barcelona_Catalonia,https://www.tripadvisor.com/Restaurant_Review-g187497-d717425-Reviews-or50-Irati_Taverna_Basca-Barcelona_Catalonia.html,UID_96781,"{'irati': 'positive', 'food': 'positive', 'pinxtos': 'positive', 'service': 'positive', 'staff': 'positive', 'atmosphere': 'positive', 'seating arrangement': 'positive'}"
337035,337036,UDON_Maremagnum,2,Negative,review_462021406,Don't waste your time,We stopped by here to get a drink and overlook the water.  We were told we couldn't be served outside because they weren't busy enough.  Eventually I found a server and paid extra to ensure she went out of her way to check on us....,We stopped by here to get a drink and overlook the water. We were told we couldn't be served outside because they weren't busy enough. Eventually I found a server and paid extra to ensure she went out of her way to check on us. Everyone else made us uncomfortable so we left after a couple of drinks and went next door.,"February 22, 2017",Barcelona_Catalonia,https://www.tripadvisor.com/Restaurant_Review-g187497-d4600870-Reviews-or30-UDON_Maremagnum-Barcelona_Catalonia.html,UID_198152,"{'drinks': 'neutral', 'view': 'positive', 'service': 'negative', 'price': 'negative', 'atmosphere': 'negative'}"
129457,129458,Irati_Taverna_Basca,3,Negative,review_169063823,"Disappointment in the Restaurant, stick to the tapas","Although some of the food was good, the overall experience was very poor and below any other meal during a week in Barcelona.We ate in the restaurant with a reservation. Our troubles started with a misleading menu that did not explain any on the...","Although some of the food was good, the overall experience was very poor and below any other meal during a week in Barcelona. We ate in the restaurant with a reservation. Our troubles started with a misleading menu that did not explain any on the proportions. When we asked for explanation, it just got harder. It truly appeared that the waitress was pushing whatever they had over whatever we desired. Throughout, we were seeing awesome looking tapas going past our table to the standing room tapas area. Finally, we gave up and just waited for whatever would come... The hake was undercooked, but the cod was well prepared. The salads were poor and not what we tried to order (we do have a fluent Spanish speaker in the group). The dessert has an assortment of 6 dishes, but not sure if that was one order or two. They ranged from good to poor. The wine list was reasonably prices and had good variety. If I had written this the next day, perhaps 4 star, but after meals at PLA and Arcaro, 3 is on target.","July 25, 2013",Barcelona_Catalonia,https://www.tripadvisor.com/Restaurant_Review-g187497-d717425-Reviews-or550-Irati_Taverna_Basca-Barcelona_Catalonia.html,UID_60827,"{'food': 'negative', 'overall experience': 'negative', 'menu': 'negative', 'service': 'negative', 'tapas': 'positive', 'hake': 'negative', 'cod': 'positive', 'salads': 'negative', 'dessert': 'neutral', 'wine list': 'positive', 'price': 'positive'}"
394374,394375,La_Rambla_Restaurant,2,Negative,review_268719667,Tourist trap,"Very expensive, food is a joke and the drinks are just overpriced. Not the best place to go to, you'll find much better places to go to just around the corner.","Very expensive, food is a joke and the drinks are just overpriced. Not the best place to go to, you'll find much better places to go to just around the corner.","April 28, 2015",Barcelona_Catalonia,https://www.tripadvisor.com/Restaurant_Review-g187497-d3364488-Reviews-or40-La_Rambla_Restaurant-Barcelona_Catalonia.html,UID_217535,"{'price': 'negative', 'food': 'negative', 'drinks': 'negative', 'location': 'positive'}"
234275,234276,Skybar,2,Negative,review_702769466,Good atmosphere but bad food!,"Go there for and drink, but not food as it taste and look bad, any how I would recommend Majestically roof top instead.","Go there for and drink, but not food as it taste and look bad, any how I would recommend Majestically roof top instead.","August 25, 2019",Barcelona_Catalonia,https://www.tripadvisor.com/Restaurant_Review-g187497-d6730989-Reviews-or10-Skybar-Barcelona_Catalonia.html,UID_154173,"{'drinks': 'neutral', 'food': 'negative', 'atmosphere': 'positive'}"
165763,165764,Restaurante_Mano_Rota,3,Negative,review_348650782,try a little harder,"Come on you guys. You are in the service biz. Ideas and presentation are not bad at all, but your lack of interest and passion in servicing your clients is quite obvious.You try to take the most while giving the least, and no smiles?","Come on you guys. You are in the service biz. Ideas and presentation are not bad at all, but your lack of interest and passion in servicing your clients is quite obvious.You try to take the most while giving the least, and no smiles?","February 17, 2016",Barcelona_Catalonia,https://www.tripadvisor.com/Restaurant_Review-g187497-d7724365-Reviews-or50-Restaurante_Mano_Rota-Barcelona_Catalonia.html,UID_42291,"{'service': 'negative', 'presentation': 'positive', 'price-value ratio': 'negative'}"
302946,302947,The_Chipiron,3,Negative,review_201558299,good view,Let's be honest : you're purely paying for the view here (especially on a sunny day/evening)  Himself had paella (can't understand why people order this dish in Barcelona) I  had the fish and chips which was lovely. We had good bottle of local wine for...,"Let's be honest : you're purely paying for the view here (especially on a sunny day/evening) Himself had paella (can't understand why people order this dish in Barcelona) I had the fish and chips which was lovely. We had good bottle of local wine for a reasonable price. Service chaotic but friendly. Unless you want the view, go elsewhere.","April 17, 2014",Barcelona_Catalonia,https://www.tripadvisor.com/Restaurant_Review-g187497-d997950-Reviews-or370-The_Chipiron-Barcelona_Catalonia.html,UID_144477,"{'view': 'positive', 'paella': 'neutral', 'fish and chips': 'positive', 'wine': 'positive', 'price': 'positive', 'service': 'negative'}"
397197,397198,Pita_House,1,Negative,review_645182864,I wish I read the tripadvisor review's first?!,"Absolutely agree with the below negative review's.. I was drawn in as there were lot's of people eating here, unsuspecting tourist's lured by the €9.95 for 2 tapas and a main. Worst seafood pasta dish of my life, so bland and no flavour, tapas were...","Absolutely agree with the below negative review's.. I was drawn in as there were lot's of people eating here, unsuspecting tourist's lured by the €9.95 for 2 tapas and a main. Worst seafood pasta dish of my life, so bland and no flavour, tapas were dry. Do not waste your time coming here and go off the beaten track for some authentic Spanish food.","January 11, 2019",Barcelona_Catalonia,https://www.tripadvisor.com/Restaurant_Review-g187497-d2152099-Reviews-or90-Pita_House-Barcelona_Catalonia.html,UID_111803,"{'crowd': 'positive', 'price': 'positive', 'seafood pasta': 'negative', 'tapas': 'negative', 'authenticity': 'negative'}"
182015,182016,Pura_Brasa_Arenas,1,Negative,review_707763470,Awful customer service!,"The service was atrocious. The waiter did not want to come over, didn’t give menus when we asked for English ones (for the second time) and when he did, he threw them at our table. Everyone’s food finally came out except for one person and...","The service was atrocious. The waiter did not want to come over, didn’t give menus when we asked for English ones (for the second time) and when he did, he threw them at our table. Everyone’s food finally came out except for one person and he brought that late dish after the rest of us had already eaten. Would NOT recommend. ","September 8, 2019",Barcelona_Catalonia,https://www.tripadvisor.com/Restaurant_Review-g187497-d2205075-Reviews-or30-Pura_Brasa_Arenas-Barcelona_Catalonia.html,UID_128117,"{'service': 'negative', 'waiter': 'negative', 'food': 'negative', 'recommendation': 'negative'}"
343247,343248,SandwiChez_Amigo,3,Negative,review_487284235,"Cool place for a meeting, reading, quick lunch",an innovative concept compared to old style Spanish coffeeshops this place is nice to spend some time reading over a capuchino o drinking a nice freshly squeezed juice. Prices are moderated or cheap compared to Northern Europe.... The salads are varied...but they don´t look really...,"an innovative concept compared to old style Spanish coffeeshops this place is nice to spend some time reading over a capuchino o drinking a nice freshly squeezed juice. Prices are moderated or cheap compared to Northern Europe.... The salads are varied...but they don´t look really fresh. I like this place a lot, i wish the salads look fresh and alive.","May 24, 2017",Barcelona_Catalonia,https://www.tripadvisor.com/Restaurant_Review-g187497-d2706552-Reviews-SandwiChez_Amigo-Barcelona_Catalonia.html,UID_66977,"{'concept': 'positive', 'atmosphere': 'positive', 'coffee': 'positive', 'juice': 'positive', 'price': 'positive', 'salads': 'negative'}"
424252,424253,Le_Romane,4,Positive,review_695915715,Enjoyed the evening,Great service. Pablo was very engaging.  We asked him for a good wine recommendation based on our meals ordered and I respect the fact that he said he wasn't a wine expert but would consult with the restaurant owner to see what he recommended. We...,Great service. Pablo was very engaging. We asked him for a good wine recommendation based on our meals ordered and I respect the fact that he said he wasn't a wine expert but would consult with the restaurant owner to see what he recommended. We sat outside by the street and really enjoyed the evening.,"August 5, 2019",Barcelona_Catalonia,https://www.tripadvisor.com/Restaurant_Review-g187497-d15589100-Reviews-or150-Le_Romane-Barcelona_Catalonia.html,UID_230854,"{'service': 'positive', 'wine recommendation': 'positive', 'atmosphere': 'positive'}"
226667,226668,Hard_Rock_Cafe,1,Negative,review_276118623,The worst Hard Rock in Europe!,Food was terrible! I went in other Hard Rock all over Europe like Munich and Florence and I never experienced such an awful meal. Bathrooms dirty and service slow and unresponsive. Never again!,Food was terrible! I went in other Hard Rock all over Europe like Munich and Florence and I never experienced such an awful meal. Bathrooms dirty and service slow and unresponsive. Never again!,"May 31, 2015",Barcelona_Catalonia,https://www.tripadvisor.com/Restaurant_Review-g187497-d913500-Reviews-or1140-Hard_Rock_Cafe-Barcelona_Catalonia.html,UID_28251,"{'food': 'negative', 'cleanliness': 'negative', 'service': 'negative'}"
365270,365271,7_Portes,3,Negative,review_172674294,One of the historic restaurants in Barelona,"Nice place, great history, more than 126 years serving paella and other catalan dishes. Forniture is something who helps to feel like in The begining of 1900. The offer non stop kitchen all they long, so if you are in a hurry at tea hour,...","Nice place, great history, more than 126 years serving paella and other catalan dishes. Forniture is something who helps to feel like in The begining of 1900. The offer non stop kitchen all they long, so if you are in a hurry at tea hour, and looks for a good paella, this is the place to go. Prices are ok, quality and service is on the average, just take care on the wine list, too expensive in my opinion....... Next time i,ll have a beer, but i,ll be back. ","August 17, 2013",Barcelona_Catalonia,https://www.tripadvisor.com/Restaurant_Review-g187497-d697396-Reviews-or2320-7_Portes-Barcelona_Catalonia.html,UID_46388,"{'place': 'positive', 'history': 'positive', 'paella': 'positive', 'other catalan dishes': 'positive', 'furniture': 'positive', 'kitchen hours': 'positive', 'price': 'neutral', 'quality': 'neutral', 'service': 'neutral', 'wine list': 'negative', 'beer': 'neutral'}"
306375,306376,La_Terrassa_del_DO,3,Negative,review_391805169,Ordinary ,"Had tapas for four people here for dinner.  Service was very slow, we were virtually ignored.  The sangria was delicious and the food was quite pleasant but very expensive for what you received.  The potato dish was ten tiny cubes of potato, in other restaurants..."," Had tapas for four people here for dinner. Service was very slow, we were virtually ignored. The sangria was delicious and the food was quite pleasant but very expensive for what you received. The potato dish was ten tiny cubes of potato, in other restaurants for a cheaper price we have received large chip shaped wedges with the same delicious sauce. In a city brimming with fantastic food options choose somewhere else.","July 12, 2016",Barcelona_Catalonia,https://www.tripadvisor.com/Restaurant_Review-g187497-d3673250-Reviews-or70-La_Terrassa_del_DO-Barcelona_Catalonia.html,UID_186023,"{'tapas': 'positive', 'service': 'negative', 'sangria': 'positive', 'food': 'positive', 'price': 'negative', 'potato dish': 'negative', 'portion size': 'negative'}"
348595,348596,Fresc_Co,5,Positive,review_630763029,Great little find,"Popped in hear for lunch, fab salad bar, great meat and veg options, a no fuss, very straightforward dining option, will definitely visit here next time in Barcelona, its a must😊","Popped in hear for lunch, fab salad bar, great meat and veg options, a no fuss, very straightforward dining option, will definitely visit here next time in Barcelona, its a must😊","November 4, 2018",Barcelona_Catalonia,https://www.tripadvisor.com/Restaurant_Review-g187497-d1902063-Reviews-or10-Fresc_Co-Barcelona_Catalonia.html,UID_82832,"{'salad bar': 'positive', 'meat': 'positive', 'veg options': 'positive', 'dining experience': 'positive'}"
252912,252913,Lonja_de_Tapas_Pla_de_Palau,5,Positive,review_694020654,Amazing food and drinks,"Between 3 of us we had 6 tapas dishes and were full. We had:Potatas BravasPotato meatballsDeep fried king prawnsSpanish omeletteSpinach and goats cheese croquettes Fried egg, potatoes and chorizo Each dish was so tasty and would also recommend the Mojitos....","Between 3 of us we had 6 tapas dishes and were full. We had: Potatas Bravas Potato meatballs Deep fried king prawns Spanish omelette Spinach and goats cheese croquettes  Fried egg, potatoes and chorizo  Each dish was so tasty and would also recommend the Mojitos. The restaurant itself was also lovely, air conditioned and light. ","July 30, 2019",Barcelona_Catalonia,https://www.tripadvisor.com/Restaurant_Review-g187497-d1192307-Reviews-Lonja_de_Tapas_Pla_de_Palau-Barcelona_Catalonia.html,UID_162952,"{'tapas dishes': 'positive', 'potatas bravas': 'positive', 'potato meatballs': 'positive', 'deep fried king prawns': 'positive', 'spanish omelette': 'positive', 'spinach and goats cheese croquettes': 'positive', 'fried egg, potatoes and chorizo': 'positive', 'mojitos': 'positive', 'restaurant atmosphere': 'positive'}"
230512,230513,L_Ostia,2,Negative,review_483796415,Not really something,"Well, I read the reviews and expected those negative ones was just because people was unfamiliar with the Spanish style which I love. But I have to say Service really really sloppy; happend in high speed - so far so good - yet my main...","Well, I read the reviews and expected those negative ones was just because people was unfamiliar with the Spanish style which I love. But I have to say Service really really sloppy; happend in high speed - so far so good - yet my main was served before my son finished his tapas, my wine was forgotten, dishes for neighbor table was served to us and after several attempts I succeeded making the waiter aware, ... and so on and so on. In the end we skipped desert as we were uncertain of process. Paying: after getting nod several minutes passed and I succeeded by going to the counter. The food .... well not really something when you know what Spanish meal can be like.","May 12, 2017",Barcelona_Catalonia,https://www.tripadvisor.com/Restaurant_Review-g187497-d3641593-Reviews-or80-L_Ostia-Barcelona_Catalonia.html,UID_152478,"{'service': 'negative', 'wait time': 'negative', 'food': 'negative'}"
336158,336159,Mi_Burrito_y_Yo,1,Negative,review_635080704,"Very disappointed, but good luck to you","I have been here on a number of occasions, in and out of season and have really enjoyed the experience, however, this time I was really quite embarrassed by telling my mother that this would be a good place to experience a real sangria and...","I have been here on a number of occasions, in and out of season and have really enjoyed the experience, however, this time I was really quite embarrassed by telling my mother that this would be a good place to experience a real sangria and tapas experience. When we arrived I asked if we could sit at the bar for a few drinks and the response was simply a woman who extended her hand in a stop motion and said ""NO"" ""can't you see we are using the bar to prepare food"" ... I clearly forgot to pack my crystal ball on this holiday, but will remember to do so in the future. Shocking level of customer service, but if you are allowed in, the sangria is very good","November 22, 2018",Barcelona_Catalonia,https://www.tripadvisor.com/Restaurant_Review-g187497-d997829-Reviews-or20-Mi_Burrito_y_Yo-Barcelona_Catalonia.html,UID_9257,"{'service': 'negative', 'sangria': 'positive', 'atmosphere': 'negative'}"
361903,361904,Restaurant_Amaya,1,Negative,review_269739678,Misleading and expensive small snack....,"Stopped for a beer at this place on Las Ramblas...charming staff...offered a small snack we said yes we were on our hols why not? The beer arrived they were massive( too big) €12 and €9 respectively, one plate of ham and bread arrived €21.00...exactly as...","Stopped for a beer at this place on Las Ramblas...charming staff...offered a small snack we said yes we were on our hols why not? The beer arrived they were massive( too big) €12 and €9 respectively, one plate of ham and bread arrived €21.00...exactly as described no frills and Bill came to €42 absolute rip off...avoid....","May 3, 2015",Barcelona_Catalonia,https://www.tripadvisor.com/Restaurant_Review-g187497-d697409-Reviews-or90-Restaurant_Amaya-Barcelona_Catalonia.html,UID_206239,"{'beer': 'neutral', 'staff': 'positive', 'snack': 'neutral', 'price': 'negative'}"
386228,386229,Caruso,3,Negative,review_639195672,Pleasant venue,Not sure where to eat we chose this venue. We both enjoyed our meal (pizza and a wrap type pizza - not a good description by me). A litre of beer go wash the food down. Seating for about 20 downstairs and probably bigger eating...,Not sure where to eat we chose this venue. We both enjoyed our meal (pizza and a wrap type pizza - not a good description by me). A litre of beer go wash the food down. Seating for about 20 downstairs and probably bigger eating area upstairs. Staff were friendly and wasn’t rushed to leave. Would return again. ,"December 12, 2018",Barcelona_Catalonia,https://www.tripadvisor.com/Restaurant_Review-g187497-d5504284-Reviews-or30-Caruso-Barcelona_Catalonia.html,UID_180886,"{'food': 'positive', 'beer': 'neutral', 'seating': 'positive', 'service': 'positive', 'atmosphere': 'positive'}"
347494,347495,Olofson,5,Positive,review_649228797,Smokey!,"Very refreshing gastronomic offer in Barcelona and specially in the eixample neighborhood. Firm concept, high quality products, great selection of craft beers and helpful and smiley service is a great combination. We will definitely come back to try the deserts. Good job!","Very refreshing gastronomic offer in Barcelona and specially in the eixample neighborhood. Firm concept, high quality products, great selection of craft beers and helpful and smiley service is a great combination. We will definitely come back to try the deserts. Good job!","January 30, 2019",Barcelona_Catalonia,https://www.tripadvisor.com/Restaurant_Review-g187497-d15276653-Reviews-Olofson-Barcelona_Catalonia.html,UID_32420,"{'food': 'positive', 'location': 'positive', 'concept': 'positive', 'product quality': 'positive', 'beer selection': 'positive', 'service': 'positive', 'desserts': 'neutral'}"
414031,414032,Ciudad_Condal,4,Positive,review_329017289,Classic place not only for tourists,"Great food. Been there several times and I can tell that service is great, nice people always with a smile and making jokes. Tapas are very good and atmosphere is good. It is the typical place I would avoid just because it may be in...","Great food. Been there several times and I can tell that service is great, nice people always with a smile and making jokes. Tapas are very good and atmosphere is good. It is the typical place I would avoid just because it may be in some tourist guide, it is always full of foreign, anyway love it and recommend it!","November 25, 2015",Barcelona_Catalonia,https://www.tripadvisor.com/Restaurant_Review-g187497-d1059712-Reviews-or2310-Ciudad_Condal-Barcelona_Catalonia.html,UID_55694,"{'food': 'positive', 'service': 'positive', 'staff': 'positive', 'tapas': 'positive', 'atmosphere': 'positive', 'crowd': 'neutral'}"
336313,336314,Restaurante_Salamanca,1,Negative,review_483795676,Not good - touristic - should have expected that..,"Went there targeting seafood. Place was crowded. We got a table outside, where there was a kind of bad smell. Plate of chorizo and a plate of bread arrived. Unfortunately found a hair in our bread.. Ordered their special plate with fish. Nothing really special.....","Went there targeting seafood. Place was crowded. We got a table outside, where there was a kind of bad smell. Plate of chorizo and a plate of bread arrived. Unfortunately found a hair in our bread.. Ordered their special plate with fish. Nothing really special.. On my way to the bathroom saw a guy in the kitchen smoking. Not cool.","May 12, 2017",Barcelona_Catalonia,https://www.tripadvisor.com/Restaurant_Review-g187497-d1007529-Reviews-or450-Restaurante_Salamanca-Barcelona_Catalonia.html,UID_34280,"{'seafood': 'neutral', 'crowdedness': 'neutral', 'atmosphere': 'negative', 'chorizo': 'neutral', 'bread': 'negative', 'fish': 'neutral', 'hygiene': 'negative'}"
301262,301263,Aribau_3,5,Positive,review_437061180,Excellent Service - Must Visit!,Great food Great pricesFantastic serviceFriendly staffVery warm and comfy ambience Tradicional Catalan good Ask for Adolfo y Miguel. They are Amazing!!!Totally recommended,Great food Great pricesFantastic serviceFriendly staffVery warm and comfy ambience Tradicional Catalan good Ask for Adolfo y Miguel. They are Amazing!!!Totally recommended,"November 14, 2016",Barcelona_Catalonia,https://www.tripadvisor.com/Restaurant_Review-g187497-d7651506-Reviews-or20-Aribau_3-Barcelona_Catalonia.html,UID_183974,"{'food': 'positive', 'price': 'positive', 'service': 'positive', 'staff': 'positive', 'ambience': 'positive'}"
319442,319443,El_Rey_de_la_Gamba_2,4,Positive,review_222898078,Lovely fresh seafood served with a smile,I have been there three times so far.We loved the vegetarian paella and grilled king prawns-salivating just thinking about it.Seafood platter looks good will have to give a try...soon.,I have been there three times so far.We loved the vegetarian paella and grilled king prawns-salivating just thinking about it.Seafood platter looks good will have to give a try...soon.,"August 19, 2014",Barcelona_Catalonia,https://www.tripadvisor.com/Restaurant_Review-g187497-d997577-Reviews-or190-El_Rey_de_la_Gamba_2-Barcelona_Catalonia.html,UID_116374,"{'vegetarian paella': 'positive', 'grilled king prawns': 'positive', 'seafood platter': 'neutral'}"
165155,165156,Asador_de_Aranda,2,Negative,review_546987719,Wish I hadn't gone back...,"I previously stumbled upon this restaurant about 12 years ago, and had an truly unforgettable meal in the most beautiful of surroundings, so much so, I have recommended this restaurant to everyone I know who has visited Barcelona since.I was delighted to finally return,...","I previously stumbled upon this restaurant about 12 years ago, and had an truly unforgettable meal in the most beautiful of surroundings, so much so, I have recommended this restaurant to everyone I know who has visited Barcelona since. I was delighted to finally return, this was to be the highlight of my trip, celebrating a [special] birthday with close friends and relatives. The place and surroundings are still absolutely amazing and magical, and they alone would score 5 stars, but sadly the extremely poor service and below par food [we all had the lamb] have detracted from the score and my memories. This turned out to be the lowest point of my trip, the staff were extremely unprofessional and unhelpful leaving me embarrassed to have suggested this as a viable venue.","December 13, 2017",Barcelona_Catalonia,https://www.tripadvisor.com/Restaurant_Review-g187497-d969312-Reviews-or80-Asador_de_Aranda-Barcelona_Catalonia.html,UID_119093,"{'restaurant history': 'positive', 'atmosphere': 'positive', 'service': 'negative', 'food': 'negative', 'staff': 'negative'}"
397268,397269,Pita_House,5,Positive,review_631751121,No idea what the negative reviews are about??,"I am so shocked to see people complaining about this place, myself and my wife went in today and were absolutely NOT disappointed! Great vegetarian options, will also cater for vegans too! The food was prepared in front of us and I’ll be honest, I’ve...","I am so shocked to see people complaining about this place, myself and my wife went in today and were absolutely NOT disappointed! Great vegetarian options, will also cater for vegans too! The food was prepared in front of us and I’ll be honest, I’ve never had such a tasty falafel pita before! Absolutely delicious! Please give it a try, reasonably priced too!","November 7, 2018",Barcelona_Catalonia,https://www.tripadvisor.com/Restaurant_Review-g187497-d2152099-Reviews-or100-Pita_House-Barcelona_Catalonia.html,UID_138461,"{'vegetarian options': 'positive', 'vegan options': 'positive', 'food': 'positive', 'falafel pita': 'positive', 'price': 'positive'}"
194667,194668,Euskal_Etxea,5,Positive,review_340481861,Great place for pinchos,I believe we stopped by this place 3 times while in Barcelona.  It was close to our hotel in El Born and was the perfect place to stop in for a quick bite.  We stayed in the bar area and would usually have a couple...,"I believe we stopped by this place 3 times while in Barcelona. It was close to our hotel in El Born and was the perfect place to stop in for a quick bite. We stayed in the bar area and would usually have a couple pinchos and a glass of wine. If you find yourself near the Picasso Museum and just need to refuel with a quick snack, this place is a perfect option. ","January 16, 2016",Barcelona_Catalonia,https://www.tripadvisor.com/Restaurant_Review-g187497-d778757-Reviews-or240-Euskal_Etxea-Barcelona_Catalonia.html,UID_80390,"{'location': 'positive', 'convenience': 'positive', 'food': 'positive', 'atmosphere': 'positive', 'wine': 'positive'}"
79970,79971,La_Antigua_Cabana,5,Positive,review_536175143,ONE OF THE BEST SERVICES EVER!!!!!!!,We came upon this gleaming restaurant as were taking a walk down the road. Suddenly out of nowhere we felt hunger. We saw the place and it felt as if I was in a old Spanish movie. It provides a lot of nostalgia. Juan Carlos...,We came upon this gleaming restaurant as were taking a walk down the road. Suddenly out of nowhere we felt hunger. We saw the place and it felt as if I was in a old Spanish movie. It provides a lot of nostalgia. Juan Carlos served us and he was a very enjoyable host and waiter.,"October 26, 2017",Barcelona_Catalonia,https://www.tripadvisor.com/Restaurant_Review-g187497-d5449685-Reviews-or170-La_Antigua_Cabana-Barcelona_Catalonia.html,UID_65342,"{'restaurant': 'positive', 'atmosphere': 'positive', 'service': 'positive'}"
244087,244088,Elche,2,Negative,review_546092653,Too slow,I give them a 2 because the paella was ok. But service in this restaurant is awful. It took them like 20 min to bring us the menu and this was just the start. Almost 1:15 min to prepare the rice. And then it was...,I give them a 2 because the paella was ok. But service in this restaurant is awful. It took them like 20 min to bring us the menu and this was just the start. Almost 1:15 min to prepare the rice. And then it was too much cooked. The waiter was so in a hurry that she made fallen the rice dishes she was carrying and it took her 15 min to pick up the rice from the floor. Complete disaster. We wanted to try a desert as they looked good but after 29 min waiting we gave up. The waiter just had to apologize as they realized this was a disaster. 2 hours in that place to have just a plate of rice. Quite long no? I will definitely will not go back.,"December 8, 2017",Barcelona_Catalonia,https://www.tripadvisor.com/Restaurant_Review-g187497-d697573-Reviews-or60-Elche-Barcelona_Catalonia.html,UID_24815,"{'paella': 'neutral', 'service': 'negative', 'wait time': 'negative', 'food preparation': 'negative', 'cleanliness': 'negative', 'dessert': 'neutral', 'returning': 'negative'}"
215397,215398,Xiringuito_Escriba,4,Positive,review_628121173,Excellent service,"We wanted to try something different and went here without a reservation but managed to get a table anyway. Our waiter was really nice and helpful, and he made us feel welcome even if it seemed to be a busy evening. Their “special” paella was...","We wanted to try something different and went here without a reservation but managed to get a table anyway. Our waiter was really nice and helpful, and he made us feel welcome even if it seemed to be a busy evening.  Their “special” paella was really delicious, and their own wine, too. The dessert “menu” was fantastic, although the cakes turned out to be a bit pricey.  The dinner was a total success!","October 25, 2018",Barcelona_Catalonia,https://www.tripadvisor.com/Restaurant_Review-g187497-d718434-Reviews-or120-Xiringuito_Escriba-Barcelona_Catalonia.html,UID_73838,"{'reservation': 'positive', 'service': 'positive', 'food': 'positive', 'wine': 'positive', 'dessert': 'positive', 'price': 'negative', 'atmosphere': 'positive'}"
394400,394401,La_Rambla_Restaurant,1,Negative,review_359223821,Worst food and service  in Barcelona so far,"Overpriced!!!!Food no fresh, bad serviceThe only star given is for sangria which was £15 a cup (not bad)Very very disappointed :(","Overpriced!!!!Food no fresh, bad serviceThe only star given is for sangria which was £15 a cup (not bad)Very very disappointed :(","March 27, 2016",Barcelona_Catalonia,https://www.tripadvisor.com/Restaurant_Review-g187497-d3364488-Reviews-or20-La_Rambla_Restaurant-Barcelona_Catalonia.html,UID_217543,"{'price': 'negative', 'food': 'negative', 'service': 'negative', 'sangria': 'positive'}"
5544,5545,Bodega_Biarritz_1881,5,Positive,review_272283074,Best Tapas in Barcelona?,"This little hole in the wall served the best Tapas we tried in our month long stay in Barcelona.  It is small -- maybe 25 seats -- and there is often a line outside waiting to get in, but it is worth the wait.  Tourists...","This little hole in the wall served the best Tapas we tried in our month long stay in Barcelona. It is small -- maybe 25 seats -- and there is often a line outside waiting to get in, but it is worth the wait. Tourists and locals alike seem to love this place. Very reasonable prices, and the waitress behind the counter -- a Betty Page look-a-like -- is efficient in explaining the rules (there are some) and getting you your food. Plus she speaks Catalan, Spanish, English and French. We pretty much have tried everything they had to offer and there was not a clinker in the bunch. The ""maître d' ""-- who looks a bit like Guy Fawkes -- can be off putting at first, but actually has a sense of humor. I think if would help if you could speak Catalan with him (unfortunately I don't).","May 16, 2015",Barcelona_Catalonia,https://www.tripadvisor.com/Restaurant_Review-g187497-d3832462-Reviews-or1560-Bodega_Biarritz_1881-Barcelona_Catalonia.html,UID_5287,"{'tapas': 'positive', 'atmosphere': 'positive', 'wait time': 'positive', 'price': 'positive', 'service': 'positive', 'food variety': 'positive', 'staff': 'neutral'}"
423052,423053,Milk_Bar_Bistro,5,Positive,review_359174511,Tasty breakfast and dinner!,"We had dinner here one night and breakfast the next morning. Both meals were delicious and the staff is very friendly. They also have an extensive cocktail menu. One small thing to keep in mind is that, while they are open throughout the day without...","We had dinner here one night and breakfast the next morning. Both meals were delicious and the staff is very friendly. They also have an extensive cocktail menu. One small thing to keep in mind is that, while they are open throughout the day without a closing period in the evening, they don't begin serving dinner until 19:00. That is a very small thing and more of just something to keep in mind for planning. We had a drink while we waited for dinner service to start! It was great. ","March 27, 2016",Barcelona_Catalonia,https://www.tripadvisor.com/Restaurant_Review-g187497-d1122768-Reviews-or1160-Milk_Bar_Bistro-Barcelona_Catalonia.html,UID_9434,"{'dinner': 'positive', 'breakfast': 'positive', 'staff': 'positive', 'cocktail menu': 'positive', 'service time': 'neutral', 'waiting experience': 'positive'}"
414980,414981,Buenos_Aires_Grill_Restaurant_Eixample,5,Positive,review_347213281,Amazing Black Pudding,"Everything was ok; meat,service, sprits.But one of them which was called Black Pudding was Amazing!We will be back to taste it again :)","Everything was ok; meat,service, sprits.But one of them which was called Black Pudding was Amazing!We will be back to taste it again :)","February 12, 2016",Barcelona_Catalonia,https://www.tripadvisor.com/Restaurant_Review-g187497-d6413496-Reviews-or920-Buenos_Aires_Grill_Restaurant_Eixample-Barcelona_Catalonia.html,UID_226140,"{'meat': 'neutral', 'service': 'neutral', 'spirits': 'neutral', 'black pudding': 'positive'}"
170830,170831,Cal_Pep,5,Positive,review_46219274,"Not just the food, come for the experience!","You have heard about the dreaded line - well, it moves fast and it is so worth it.  It truly is dinner and a show as you sit at the bar facing the kitchen watching the awesome chefs do their magic. Make friends with your...","You have heard about the dreaded line - well, it moves fast and it is so worth it. It truly is dinner and a show as you sit at the bar facing the kitchen watching the awesome chefs do their magic. Make friends with your neighbors and chat with you tour guide - otherwise known as your waiter - who will tell you what you are eating. Do not go if you are uptight and not open to new experiences - but for everyone else - RUN!","October 8, 2009",Barcelona_Catalonia,https://www.tripadvisor.com/Restaurant_Review-g187497-d697458-Reviews-or1430-Cal_Pep-Barcelona_Catalonia.html,UID_7773,"{'line': 'positive', 'service': 'positive', 'food': 'positive', 'atmosphere': 'positive', 'experience': 'positive'}"
225857,225858,Wok_Dao,2,Negative,review_561833648,Not worth the money,"The food quality is very average, the sushis are some of the worst I've ever had, the service is poor, the price/quality ratio is too high (especially, the evening rate) for such a place. Plus, each client is required to order a drink or you're...","The food quality is very average, the sushis are some of the worst I've ever had, the service is poor, the price/quality ratio is too high (especially, the evening rate) for such a place. Plus, each client is required to order a drink or you're charged a supplement fee of €1 per person. ","February 20, 2018",Barcelona_Catalonia,https://www.tripadvisor.com/Restaurant_Review-g187497-d2387393-Reviews-or40-Wok_Dao-Barcelona_Catalonia.html,UID_83699,"{'food quality': 'neutral', 'sushis': 'negative', 'service': 'negative', 'price/quality ratio': 'negative', 'price': 'negative'}"
329517,329518,Restaurante_Metropolitan_Iradier,1,Negative,review_444065896,Terrible service ,This club  has not got a very high level as owners identify it. The most terrible parking I have ever seen. You have to spend half an hour if you want to park your car. Workers are rude and don't know how to communicate with...,This club has not got a very high level as owners identify it. The most terrible parking I have ever seen. You have to spend half an hour if you want to park your car. Workers are rude and don't know how to communicate with customers. It is just waste of time and money!,"December 13, 2016",Barcelona_Catalonia,https://www.tripadvisor.com/Restaurant_Review-g187497-d7199675-Reviews-Restaurante_Metropolitan_Iradier-Barcelona_Catalonia.html,UID_195331,"{'club quality': 'negative', 'parking': 'negative', 'wait time': 'negative', 'service': 'negative', 'value for money': 'negative'}"
248335,248336,El_Cangrejo_Loco,1,Negative,review_488042782,Please don't waste your money,"Ate here tonight, took a long time to get a drink, and when it did come it was the smallest glass of wine I've ever been served.. I ordered a steak, it came on a big plate with a tiny 'dollop' of potato, the plate...","Ate here tonight, took a long time to get a drink, and when it did come it was the smallest glass of wine I've ever been served.. I ordered a steak, it came on a big plate with a tiny 'dollop' of potato, the plate looked bare, it was 30 euros.. I left this restaurant hungry and frustrated at spending so much on a less tha average meal ","May 26, 2017",Barcelona_Catalonia,https://www.tripadvisor.com/Restaurant_Review-g187497-d1062176-Reviews-or120-El_Cangrejo_Loco-Barcelona_Catalonia.html,UID_160851,"{'wait time': 'negative', 'drink': 'negative', 'steak': 'negative', 'portion size': 'negative', 'price': 'negative', 'overall experience': 'negative'}"
247125,247126,Banna,5,Positive,review_231437473,Fresh spicy and delicious,Wonderful eggplant shrimp and chicken salad #19 Yam Ma Kua with a spicy lime cilantro sauce and #45 Pla Sam Rod fish with thai basil and a spicy vegetable sauce!  Beautiful restaurant and friendly servers who speak English well in a fun neighborhood.,Wonderful eggplant shrimp and chicken salad #19 Yam Ma Kua with a spicy lime cilantro sauce and #45 Pla Sam Rod fish with thai basil and a spicy vegetable sauce!  Beautiful restaurant and friendly servers who speak English well in a fun neighborhood.,"September 28, 2014",Barcelona_Catalonia,https://www.tripadvisor.com/Restaurant_Review-g187497-d6959209-Reviews-or50-Banna-Barcelona_Catalonia.html,UID_144396,"{'eggplant shrimp and chicken salad #19 yam ma kua': 'positive', 'spicy lime cilantro sauce': 'positive', 'pla sam rod fish with thai basil #45': 'positive', 'spicy vegetable sauce': 'positive', 'restaurant': 'positive', 'service': 'positive', 'atmosphere': 'positive'}"
397662,397663,Cerveceria_Colon,1,Negative,review_266425581,There are many better places to eat,"It was our first evening in Barcelona. We wanted somewhere to sit and a light meal. We should have known better than to go to a place which has pictures of the food, but the Plaza Real had some atmosphere and all the restaurants were...","It was our first evening in Barcelona. We wanted somewhere to sit and a light meal. We should have known better than to go to a place which has pictures of the food, but the Plaza Real had some atmosphere and all the restaurants were much of a muchness. My sister had a rubbery omelette and my mussels were very overcooked. They came without bread or fries. The wine came in small individual bottles and the water didn't come at all.","April 18, 2015",Barcelona_Catalonia,https://www.tripadvisor.com/Restaurant_Review-g187497-d2170757-Reviews-or50-Cerveceria_Colon-Barcelona_Catalonia.html,UID_194833,"{'location': 'positive', 'atmosphere': 'positive', 'food': 'negative', 'omelette': 'negative', 'mussels': 'negative', 'bread or fries': 'negative', 'wine': 'neutral', 'water': 'negative', 'service': 'negative'}"
367155,367156,Restaurant_Rene,3,Negative,review_296479806,Not as good as last year,"My wife and I and another couple visited this restaurant last year and loved it – so as we were all passing through Barcelona in July we decided to visit again.We were warmly welcomed, particularly when they found out that we’d come all the...","My wife and I and another couple visited this restaurant last year and loved it – so as we were all passing through Barcelona in July we decided to visit again. We were warmly welcomed, particularly when they found out that we’d come all the way from Australia because we loved their food. Perhaps a slight exaggeration on our part, but we did enjoy our last visit.  The ambiance was similar to last year, although we did notice that the restaurant had some alterations, but these alteration didn’t affect where we sat.  After the meal we were asked by our male waiter what we thought of the food this year, and did we have any suggestions.  We did – our meals were warm at best, and we suggested that they serve the ready dishes as quickly as possible, and not wait for all four meals to be ready (which what happened, making all but one meal warm to cold). We also commented that we didn’t think the meal was as good as last year, and then we found out they had a different chef. Perhaps our memories were at fault, and we remembered last year through rose coloured glasses, but there no getting away that our dishes were cold to warm. Our next visit to Barcelona may or may not include this restaurant.","August 6, 2015",Barcelona_Catalonia,https://www.tripadvisor.com/Restaurant_Review-g187497-d1082268-Reviews-or140-Restaurant_Rene-Barcelona_Catalonia.html,UID_4447,"{'food': 'negative', 'service': 'positive', 'atmosphere': 'neutral', 'wait time': 'negative', 'changes': 'neutral', 'chef': 'negative'}"
224934,224935,L_Arros,4,Positive,review_175099175,I would eat here again!,"We tried the black rice paella, regular seafood paella and the lamb. All were very good. We also had the white sangria. Be careful, it is delicious and packs a punch! This restaurant has modern decor tastefully executed. It Has a lovely  atmosphere and a...","We tried the black rice paella, regular seafood paella and the lamb. All were very good. We also had the white sangria. Be careful, it is delicious and packs a punch! This restaurant has modern decor tastefully executed. It Has a lovely atmosphere and a very friendly staff. ","September 1, 2013",Barcelona_Catalonia,https://www.tripadvisor.com/Restaurant_Review-g187497-d1846852-Reviews-or150-L_Arros-Barcelona_Catalonia.html,UID_149810,"{'black rice paella': 'positive', 'seafood paella': 'positive', 'lamb': 'positive', 'white sangria': 'positive', 'decor': 'positive', 'atmosphere': 'positive', 'service': 'positive'}"
290700,290701,La_Tagliatella_Placa_Catalunya_Barcelona,4,Positive,review_301707507,Convenient ,"Conveniently located near plaza catalunya, it has a large menu with different types of pasta and different sauces. Large portions, even children's pizza is large. There is everything for everyone. Wouldn't disappoint really. Atmosphere is ok. Perfect place for after shopping lunch.","Conveniently located near plaza catalunya, it has a large menu with different types of pasta and different sauces. Large portions, even children's pizza is large. There is everything for everyone. Wouldn't disappoint really. Atmosphere is ok. Perfect place for after shopping lunch.","August 20, 2015",Barcelona_Catalonia,https://www.tripadvisor.com/Restaurant_Review-g187497-d3733190-Reviews-or60-La_Tagliatella_Placa_Catalunya_Barcelona-Barcelona_Catalonia.html,UID_179575,"{'location': 'positive', 'menu variety': 'positive', 'portion size': 'positive', 'pizza': 'positive', 'atmosphere': 'neutral'}"
336002,336003,Republic_Cafe,3,Negative,review_630432064,Breakfast ,Nice little cafe a short distance from the beach. Excellent croissants but crepes need a little more work. Nice friendly staff. I recommend you sit inside as outside smells like sewage.,Nice little cafe a short distance from the beach. Excellent croissants but crepes need a little more work. Nice friendly staff. I recommend you sit inside as outside smells like sewage.,"November 3, 2018",Barcelona_Catalonia,https://www.tripadvisor.com/Restaurant_Review-g187497-d7805969-Reviews-Republic_Cafe-Barcelona_Catalonia.html,UID_173627,"{'location': 'positive', 'croissants': 'positive', 'crepes': 'negative', 'staff': 'positive', 'atmosphere': 'negative'}"
273763,273764,El_Jardi,5,Positive,review_530099184,Courtyard Gem,"We happened on this place off a courtyard and had a small but delicious lunch. The setting is lovely - tables surround a green garden. We had an incredible watermelon tomato gazpacho, tomato bruschetta and a sausage that was delicious and uniquely flavored with fresh...","We happened on this place off a courtyard and had a small but delicious lunch. The setting is lovely - tables surround a green garden. We had an incredible watermelon tomato gazpacho, tomato bruschetta and a sausage that was delicious and uniquely flavored with fresh herbs. All were excellent!","October 4, 2017",Barcelona_Catalonia,https://www.tripadvisor.com/Restaurant_Review-g187497-d2219997-Reviews-or20-El_Jardi-Barcelona_Catalonia.html,UID_75501,"{'location': 'positive', 'lunch': 'positive', 'atmosphere': 'positive', 'watermelon tomato gazpacho': 'positive', 'tomato bruschetta': 'positive', 'sausage': 'positive'}"
145789,145790,Llamber,1,Negative,review_494181023,70 minutes wasted due to terrible communication,We turned up to Llamber around 8.10pm on our final night in Barcelona and thought we would try our luck for a table. We were told that a table was 30 minutes away and to come back at 8.40pm. The manager warned us if we...,"We turned up to Llamber around 8.10pm on our final night in Barcelona and thought we would try our luck for a table. We were told that a table was 30 minutes away and to come back at 8.40pm. The manager warned us if we were not back by 8.40pm they would give away the table - fair enough.  We came back at 8.40pm and were told a table was ""2 minutes"" away. 15 minutes later there was still no table so we asked if there would be one available soon - as from what we could see it didn't look like any were coming up. We were told that no, they were just getting the bill for a table and that they wouldn't be long so we should order a drink while we wait. We ordered 4 glasses of wine which we drank on the side of the street. By 9.15pm we still had no table so I went inside to pay for the drinks and leave. The manger again told me that the table was '2 minutes away' and that they were just paying the bill. I told him that we had been told this 40 minutes ago. He got a bit angry and upset that we were leaving - probably because he knew he knew he had mislead us.  I completely understand that these things happen sometimes. However, no apology was attempted to be made at any stage nor did they try and make us more comfortable at all. We spent over an hour of our evening messing around with this place due to bad communication. From other reviews the food sounds amazing but my experience was quite the opposite and completely disappointing","June 19, 2017",Barcelona_Catalonia,https://www.tripadvisor.com/Restaurant_Review-g187497-d3684577-Reviews-or310-Llamber-Barcelona_Catalonia.html,UID_107588,"{'wait time': 'negative', 'service': 'negative', 'communication': 'negative', 'comfort': 'negative', 'drinks': 'neutral'}"
358883,358884,El_Tunel_del_Port,4,Positive,review_194901518,Nice,Great view. We were nicely welcomed while we were walking around. Since we were hungry we decided to stay. The sea food was very  good. Nice place to stop.,Great view. We were nicely welcomed while we were walking around. Since we were hungry we decided to stay. The sea food was very  good. Nice place to stop.,"February 21, 2014",Barcelona_Catalonia,https://www.tripadvisor.com/Restaurant_Review-g187497-d2027854-Reviews-or20-El_Tunel_del_Port-Barcelona_Catalonia.html,UID_205325,"{'view': 'positive', 'service': 'positive', 'sea food': 'positive', 'atmosphere': 'positive'}"
196373,196374,Bombay_Spicy,5,Positive,review_707619183,Very delicious,"Yum, very delicious. I had chicken tikka. The pieces of chicken were charred, super tender and very tasty. Is it possible to be in love with a food?  My boyfriend had chicken curry, which I found to be good but not awesome.  He ate it...","Yum, very delicious. I had chicken tikka. The pieces of chicken were charred, super tender and very tasty. Is it possible to be in love with a food? My boyfriend had chicken curry, which I found to be good but not awesome. He ate it all. Service was good. We will be back for lunch tomorrow!","September 7, 2019",Barcelona_Catalonia,https://www.tripadvisor.com/Restaurant_Review-g187497-d1747456-Reviews-or40-Bombay_Spicy-Barcelona_Catalonia.html,UID_132105,"{'chicken tikka': 'positive', 'chicken curry': 'neutral', 'service': 'positive'}"
369719,369720,Suculent,1,Negative,review_249850004,Comida aparente y sin sustancia. Caro y tonto .,"Disappointing , absurdly expensive , a place to go if you have no idea on wheres the good stuff in barcelona .","Disappointing , absurdly expensive , a place to go if you have no idea on wheres the good stuff in barcelona .","January 18, 2015",Barcelona_Catalonia,https://www.tripadvisor.com/Restaurant_Review-g187497-d3323789-Reviews-or150-Suculent-Barcelona_Catalonia.html,UID_209037,"{'price': 'negative', 'food quality': 'negative', 'location': 'negative'}"
70102,70103,Restaurante_Lasarte,3,Negative,review_211547888,"Very good, yet underwhelming…..","Let me be clear, this restaurant is good and service is awesome…..Yet, for a 2 star Michelin restaurant ranked number 1 in Barcelona it is completely underwhelming.  Three days after eating there the one thing that I remember is the quality of the service,...","Let me be clear, this restaurant is good and service is awesome….. Yet, for a 2 star Michelin restaurant ranked number 1 in Barcelona it is completely underwhelming. Three days after eating there the one thing that I remember is the quality of the service, which is impeccable. What I can't seem to remember is anything about the food.  While this might be acceptable in most restaurants, it simply is not for a restaurant of this reputation and of this price. The quality of the dishes is good, not great and certainly not memorable. Sadly, I can't recommend this place.","June 22, 2014",Barcelona_Catalonia,https://www.tripadvisor.com/Restaurant_Review-g187497-d809578-Reviews-or290-Restaurante_Lasarte-Barcelona_Catalonia.html,UID_24704,"{'restaurant overall': 'neutral', 'service': 'positive', 'food': 'neutral', 'price': 'negative', 'reputation': 'negative', 'dishes': 'neutral'}"
225266,225267,Bormuth,4,Positive,review_483081541,Nice ,"Took us 3 attempts over 3 days to eat here as this place gets quite busy around lunch, dinner and late evening so if you are wanting to eat here we found the best time to go before the rush was around 5/5:30ish in the...","Took us 3 attempts over 3 days to eat here as this place gets quite busy around lunch, dinner and late evening so if you are wanting to eat here we found the best time to go before the rush was around 5/5:30ish in the evening. The waiter was good the food was good, average price for food anywhere from 3€ euro's to 6.5€ euro's for a tapas dish. If in Barcelona and you can get a table check it out. ","May 9, 2017",Barcelona_Catalonia,https://www.tripadvisor.com/Restaurant_Review-g187497-d4222516-Reviews-or160-Bormuth-Barcelona_Catalonia.html,UID_149959,"{'busy times': 'negative', 'service': 'positive', 'food': 'positive', 'price': 'neutral', 'availability': 'negative'}"
327275,327276,Samoa,3,Negative,review_571527288,Nice. ,"For me everything was normal. The food was not bad, not very good. But the service was nice. The waitress was very friendly. So it was a nice evening for me.","For me everything was normal. The food was not bad, not very good. But the service was nice. The waitress was very friendly. So it was a nice evening for me.","April 6, 2018",Barcelona_Catalonia,https://www.tripadvisor.com/Restaurant_Review-g187497-d1082262-Reviews-or40-Samoa-Barcelona_Catalonia.html,UID_11938,"{'food': 'neutral', 'service': 'positive', 'waitress': 'positive', 'evening': 'positive'}"
370404,370405,Taller_de_Tapas_Argenteria,5,Positive,review_159599891,Excellent and good value,"Ate here with a group of friends. We found there was plenty to choose from on the menu, it was all reasonably priced and restaurant had a great atmosphere. Really enjoyed the experience and would definitely return!","Ate here with a group of friends. We found there was plenty to choose from on the menu, it was all reasonably priced and restaurant had a great atmosphere. Really enjoyed the experience and would definitely return!","May 4, 2013",Barcelona_Catalonia,https://www.tripadvisor.com/Restaurant_Review-g187497-d8017679-Reviews-or740-Taller_de_Tapas_Argenteria-Barcelona_Catalonia.html,UID_209266,"{'menu variety': 'positive', 'price': 'positive', 'atmosphere': 'positive', 'overall experience': 'positive'}"
91960,91961,Restaurante_Addis_Abeba,5,Positive,review_164702653,Amazing Ethiopian Food!,"Being a big foody but never having tried Ethiopian food before, I was keen to visit Addis Abeba from TripAdvisor recommendations.What can I say? I wish there were 6 stars! Amazing amazing food served on a pancakey type bread in lots of flavours to...","Being a big foody but never having tried Ethiopian food before, I was keen to visit Addis Abeba from TripAdvisor recommendations. What can I say? I wish there were 6 stars! Amazing amazing food served on a pancakey type bread in lots of flavours to try a broad range of new foods. The service was impecable - they offered us a free additional vegetable dish, tea and after-dinner liquor, all with a smile! I had to physically stop myself going back there during my trip as there were so many other places in Barcelona to try - a must visit!","June 21, 2013",Barcelona_Catalonia,https://www.tripadvisor.com/Restaurant_Review-g187497-d1832382-Reviews-or180-Restaurante_Addis_Abeba-Barcelona_Catalonia.html,UID_27714,"{'ethiopian food': 'positive', 'food': 'positive', 'service': 'positive', 'variety': 'positive', 'price': 'positive', 'atmosphere': 'positive'}"
245073,245074,Galu,5,Positive,review_656062763,Italian jewel in Barcelona’s eixample,"Small restaurant, founded by two italians friends who just master it. High quality ingredients, and very well finished dishes. Pasta is fresh, meat cooked perfectly and desserts are just from another planet. Try the ‘canolo siciliano’: top!","Small restaurant, founded by two italians friends who just master it. High quality ingredients, and very well finished dishes. Pasta is fresh, meat cooked perfectly and desserts are just from another planet. Try the ‘canolo siciliano’: top!","March 3, 2019",Barcelona_Catalonia,https://www.tripadvisor.com/Restaurant_Review-g187497-d12941009-Reviews-Galu-Barcelona_Catalonia.html,UID_17942,"{'restaurant size': 'neutral', 'founders': 'positive', 'ingredients': 'positive', 'dishes': 'positive', 'pasta': 'positive', 'meat': 'positive', 'desserts': 'positive', 'canolo siciliano': 'positive'}"
20048,20049,Arcano,5,Positive,review_185699791,Great ambiance and a good place to taste the Spanish kitchen,Went there with three colleagues for dinner. When looking for a good restaurant we found this one on Tripadvisor and we were not disappointed.It is a typical small Spanisch restaurant but you need to know where to look for it as it is not...,"Went there with three colleagues for dinner. When looking for a good restaurant we found this one on Tripadvisor and we were not disappointed. It is a typical small Spanisch restaurant but you need to know where to look for it as it is not in a very busy street but a small street with not many other restaurants or shops in the neighborhood. The service is good and the food is of good quality. On top of that the pricing levels were also very reasonable. With my final judgement I am hesitating between 4 and 5 stars and as I am not allowed to give 4,5 stars I have rounded it in their favor and given 5 out of 5 because to the great ambiance.","November 24, 2013",Barcelona_Catalonia,https://www.tripadvisor.com/Restaurant_Review-g187497-d986234-Reviews-or1550-Arcano-Barcelona_Catalonia.html,UID_18449,"{'restaurant discovery': 'positive', 'location': 'neutral', 'service': 'positive', 'food': 'positive', 'price': 'positive', 'atmosphere': 'positive', 'overall rating': 'positive'}"
355948,355949,Sandwich_Friends,4,Positive,review_121778264,Trendy Burger and Sandwich place in fashionable Born neighborhood,Great place to have something to munch on while touring and shopping in the Born neighborhood.  It is a very welcoming place with the decor similar to Big J's Burger but offers more varieties.  If you must have a hamburger or need to eat something...,Great place to have something to munch on while touring and shopping in the Born neighborhood. It is a very welcoming place with the decor similar to Big J's Burger but offers more varieties. If you must have a hamburger or need to eat something and be on your way then this is the place; better than eating a hamburger in McDonald's or Burger King for sure. They do not serve french fries but potato chips instead and the wait staff is nice but very slow like most of places in Spain. The place may get pretty crowded and noisy with the lunch crowd.,"December 15, 2011",Barcelona_Catalonia,https://www.tripadvisor.com/Restaurant_Review-g187497-d785345-Reviews-Sandwich_Friends-Barcelona_Catalonia.html,UID_20188,"{'food variety': 'positive', 'decor': 'positive', 'hamburger': 'positive', 'comparison with other fast food': 'positive', 'french fries': 'negative', 'service': 'negative', 'atmosphere': 'negative', 'crowd': 'negative', 'noise': 'negative'}"
359798,359799,Bar_Nou,4,Positive,review_576139839,Decent food,I stopped by here on my way just walking around my hotel. They offer a lot of differet food items like hamburgers and sandwiches. I got a ham sandwich on a nice roll and an Estrella Cerveza.,I stopped by here on my way just walking around my hotel. They offer a lot of differet food items like hamburgers and sandwiches. I got a ham sandwich on a nice roll and an Estrella Cerveza.,"April 27, 2018",Barcelona_Catalonia,https://www.tripadvisor.com/Restaurant_Review-g187497-d11872984-Reviews-Bar_Nou-Barcelona_Catalonia.html,UID_172976,"{'food variety': 'positive', 'hamburgers': 'neutral', 'sandwiches': 'positive', 'beer': 'neutral'}"
139855,139856,Restaurante_El_Foro,4,Positive,review_376715989,Good steak-house,"Little hard to find, worth the effort if you want a good steak. At the corner of the Princesa street, with a few seats outside and plenty inside. Mostly a place to enjoy a good steak but there are other choices too. Nice interior. Try...","Little hard to find, worth the effort if you want a good steak. At the corner of the Princesa street, with a few seats outside and plenty inside. Mostly a place to enjoy a good steak but there are other choices too. Nice interior. Try the burger filled with goat cheese! A sweet topping blends with the little sour cheese. Sounds strange but tastes great, unless you have a real problem with that kind of cheese. Good price performance over all. Our staff was great and very attentive!","May 26, 2016",Barcelona_Catalonia,https://www.tripadvisor.com/Restaurant_Review-g187497-d806834-Reviews-or220-Restaurante_El_Foro-Barcelona_Catalonia.html,UID_104220,"{'location': 'negative', 'steak': 'positive', 'seating': 'positive', 'interior': 'positive', 'burger': 'positive', 'cheese': 'positive', 'price': 'positive', 'service': 'positive'}"
50172,50173,Bar_Xapako,5,Positive,review_589298260,Excellent tapas and friendly service,Came here for some tapas and a beer while watching Spain play one of the World Cup matches. Staff were friendly and especially attentive. Food was tasty - especially recommend the jamón ración and los pimientos de Padrón. Nice atmosphere and very clean - would...,Came here for some tapas and a beer while watching Spain play one of the World Cup matches. Staff were friendly and especially attentive. Food was tasty - especially recommend the jamón ración and los pimientos de Padrón. Nice atmosphere and very clean - would come again!,"June 20, 2018",Barcelona_Catalonia,https://www.tripadvisor.com/Restaurant_Review-g187497-d7277786-Reviews-or90-Bar_Xapako-Barcelona_Catalonia.html,UID_43185,"{'tapas': 'positive', 'beer': 'positive', 'service': 'positive', 'jamón ración': 'positive', 'los pimientos de padrón': 'positive', 'atmosphere': 'positive', 'cleanliness': 'positive'}"
70908,70909,Bar_La_Plata,5,Positive,review_485168692,Must visit,"This place is a must visit for authentic tapas in Barcelona! Service is exceptional.. the food, wine and beer are out of this world! We went 3 times during our visit! 5stars!","This place is a must visit for authentic tapas in Barcelona! Service is exceptional.. the food, wine and beer are out of this world! We went 3 times during our visit! 5stars!","May 17, 2017",Barcelona_Catalonia,https://www.tripadvisor.com/Restaurant_Review-g187497-d1191525-Reviews-or80-Bar_La_Plata-Barcelona_Catalonia.html,UID_57717,"{'place': 'positive', 'tapas': 'positive', 'service': 'positive', 'food': 'positive', 'wine': 'positive', 'beer': 'positive', 'frequency of visit': 'positive'}"
66733,66734,L_Amfora,5,Positive,review_699326459,Great food great service,"Great service offered by Fabrizio. We ordered Paella which was really good. :-) great location, on the main street many thanks","Great service offered by Fabrizio. We ordered Paella which was really good. :-) great location, on the main street many thanks","August 15, 2019",Barcelona_Catalonia,https://www.tripadvisor.com/Restaurant_Review-g187497-d1379335-Reviews-or100-L_Amfora-Barcelona_Catalonia.html,UID_55668,"{'service': 'positive', 'paella': 'positive', 'location': 'positive'}"
273890,273891,La_Tagliatella_C_Josep_Tarradellas_Barcelona,4,Positive,review_565124837,Italian what can be wrong,"This was the restaurant chosen to hold a working meeting with a colleague.To start the bread basket was a mixture of several types of bread with olive oil, peppers, bruschettaI choose a very tasty Iberico risotto was amazing the taste of the Iberian...","This was the restaurant chosen to hold a working meeting with a colleague. To start the bread basket was a mixture of several types of bread with olive oil, peppers, bruschetta I choose a very tasty Iberico risotto was amazing the taste of the Iberian sausages. I can say very well served. Very helpful staff. Price a bit expensive for Italian but in Barcelona, I think it is normal.","March 7, 2018",Barcelona_Catalonia,https://www.tripadvisor.com/Restaurant_Review-g187497-d806360-Reviews-or70-La_Tagliatella_C_Josep_Tarradellas_Barcelona-Barcelona_Catalonia.html,UID_16709,"{'bread basket': 'positive', 'risotto': 'positive', 'service': 'positive', 'price': 'negative', 'atmosphere': 'neutral'}"
316916,316917,El_Punto,5,Positive,review_430911911,Excellent ,"great food, good prices and friendly staff. 100% recomendable!!!  The main chef is peruvian... Paella is a must!!! delicioso!!!","great food, good prices and friendly staff. 100% recomendable!!!  The main chef is peruvian... Paella is a must!!! delicioso!!!","October 23, 2016",Barcelona_Catalonia,https://www.tripadvisor.com/Restaurant_Review-g187497-d4156554-Reviews-El_Punto-Barcelona_Catalonia.html,UID_190277,"{'food': 'positive', 'price': 'positive', 'staff': 'positive', 'chef': 'neutral', 'paella': 'positive'}"
257478,257479,Granja_Petitbo,4,Positive,review_594061078,Busy place with good eggs benedict,Nice place to go for brunch. Usually it is very crowded so it is pretty hard to find a spot and normally you have to queue for a while.Good food for decent price in a cozy environment.Recommended!,Nice place to go for brunch. Usually it is very crowded so it is pretty hard to find a spot and normally you have to queue for a while.Good food for decent price in a cozy environment.Recommended!,"July 8, 2018",Barcelona_Catalonia,https://www.tripadvisor.com/Restaurant_Review-g187497-d3847498-Reviews-or40-Granja_Petitbo-Barcelona_Catalonia.html,UID_35941,"{'place': 'positive', 'crowded': 'negative', 'wait time': 'negative', 'food': 'positive', 'price': 'positive', 'atmosphere': 'positive'}"
122515,122516,Cerveceria_Catalana,5,Positive,review_560702493,Best tapas ever,"We were very impressed with the great and fast service, but most of all, the absolutely delicious meal. We tried several tapas, including “bogavante’ (bigger than a shrimp, smaller than a lobster) rice which was heavenly. Don’t miss this restaurant when visiting Barcelona. Very busy,...","We were very impressed with the great and fast service, but most of all, the absolutely delicious meal. We tried several tapas, including “bogavante’ (bigger than a shrimp, smaller than a lobster) rice which was heavenly. Don’t miss this restaurant when visiting Barcelona. Very busy, maybe will have to wait a long time to be seated, but worth it. Try to go early, by oneish, since locals eat later.","February 15, 2018",Barcelona_Catalonia,https://www.tripadvisor.com/Restaurant_Review-g187497-d782944-Reviews-or810-Cerveceria_Catalana-Barcelona_Catalonia.html,UID_93646,"{'service': 'positive', 'meal': 'positive', 'tapas': 'positive', 'rice': 'positive', 'wait time': 'negative', 'atmosphere': 'positive'}"
98656,98657,La_Mundana,5,Positive,review_336774669,A gem! ,"We spotted this lovely place when leaving our appartment, totally by chance. Fantastic advanced tapas, attentive service and reasonable rates. 100% local patrons added to the ambience.Worth a few stops on the subway. Just ask the staff to keep em coming (the tapas that...","We spotted this lovely place when leaving our appartment, totally by chance.  Fantastic advanced tapas, attentive service and reasonable rates. 100% local patrons added to the ambience. Worth a few stops on the subway. Just ask the staff to keep em coming (the tapas that is)","January 2, 2016",Barcelona_Catalonia,https://www.tripadvisor.com/Restaurant_Review-g187497-d9554526-Reviews-or70-La_Mundana-Barcelona_Catalonia.html,UID_78410,"{'place': 'positive', 'tapas': 'positive', 'service': 'positive', 'price': 'positive', 'atmosphere': 'positive', 'staff': 'positive'}"
267586,267587,La_Taberna_Gallega,2,Negative,review_398578177,Good paella but the rest a disappointment,"The paella was great but...We got bread and tomatoe straightaway. We told the waiter we didn't order any. He said it was on the house. Well, it wasn't. It showed up on the bill anyway. (The bread was wet and cold.)They charge €3,51...","The paella was great but... We got bread and tomatoe straightaway. We told the waiter we didn't order any. He said it was on the house. Well, it wasn't. It showed up on the bill anyway. (The bread was wet and cold.) They charge €3,51 for a draft which they serve in a small wine glass!  The crema catalana was tasteless and had a powdery structure.","July 28, 2016",Barcelona_Catalonia,https://www.tripadvisor.com/Restaurant_Review-g187497-d2326171-Reviews-or100-La_Taberna_Gallega-Barcelona_Catalonia.html,UID_169351,"{'paella': 'positive', 'bread and tomato': 'negative', 'service': 'negative', 'price': 'negative', 'crema catalana': 'negative', 'beer': 'negative'}"
373881,373882,FA_F,3,Negative,review_648578024,Close to conference center,We stopped by for a couple of drinks and something to eat on our way back from Fira Barcelona.The place is a combined cafeteria and sports club. Its biggest forte is the location to the conference center.The staff aren't well versed in English...,"We stopped by for a couple of drinks and something to eat on our way back from Fira Barcelona. The place is a combined cafeteria and sports club. Its biggest forte is the location to the conference center. The staff aren't well versed in English (as you might expect in Spain), so you may find communicating a bit challenging.","January 27, 2019",Barcelona_Catalonia,https://www.tripadvisor.com/Restaurant_Review-g187497-d8707453-Reviews-FA_F-Barcelona_Catalonia.html,UID_156955,"{'drinks': 'neutral', 'food': 'neutral', 'location': 'positive', 'service': 'negative'}"
28576,28577,El_Xampanyet,5,Positive,review_427072456,BEST FOOD BEST SERVICE,"Literally went here 5 times in a week! Best service, food and wine! Be sure to check them out, you will be happy you did. Super cool atmosphere, excellent food, try their sparkling white wine, oysters and Patatas Bravas!","Literally went here 5 times in a week! Best service, food and wine! Be sure to check them out, you will be happy you did. Super cool atmosphere, excellent food, try their sparkling white wine, oysters and Patatas Bravas!","October 11, 2016",Barcelona_Catalonia,https://www.tripadvisor.com/Restaurant_Review-g187497-d697571-Reviews-or510-El_Xampanyet-Barcelona_Catalonia.html,UID_25724,"{'service': 'positive', 'food': 'positive', 'wine': 'positive', 'atmosphere': 'positive', 'oysters': 'positive', 'patatas bravas': 'positive'}"
237956,237957,Shoko,3,Negative,review_302964481,Dinner with a View at the Beach,"We stopped here for a early dinner on our last night in Barcelona. Must admit, it was more about dining with a waterfront view and people watching.  The 'fusion' menu was ok and our server did a good job explaining everything. Do be careful of...","We stopped here for a early dinner on our last night in Barcelona. Must admit, it was more about dining with a waterfront view and people watching. The 'fusion' menu was ok and our server did a good job explaining everything. Do be careful of the hidden extras as most items are ala carte. We enjoyed our experience and followed up with a walk down the boardwalk where we joined in an impromptu dance with some local folks. ","August 24, 2015",Barcelona_Catalonia,https://www.tripadvisor.com/Restaurant_Review-g187497-d1308839-Reviews-or310-Shoko-Barcelona_Catalonia.html,UID_103869,"{'location': 'positive', 'view': 'positive', 'menu': 'neutral', 'service': 'positive', 'price': 'negative', 'experience': 'positive', 'atmosphere': 'positive'}"
84446,84447,Ciudad_Condal,5,Positive,review_116233291,Best Tapas in Barcelona,"Great atmosphere, amazing food!Stay away from tourist traps on Las Ramblas and go here!","Great atmosphere, amazing food!Stay away from tourist traps on Las Ramblas and go here!","August 3, 2011",Barcelona_Catalonia,https://www.tripadvisor.com/Restaurant_Review-g187497-d1059712-Reviews-or4330-Ciudad_Condal-Barcelona_Catalonia.html,UID_68577,"{'atmosphere': 'positive', 'food': 'positive', 'location': 'positive'}"
265491,265492,El_Rincon_Del_Cava,4,Positive,review_318885975,Spano-spanish tapas bar !,"Really nice experience ! Ideal stop after the Magic Fountain show, we popped in at 22:00 with our three young kids. There was a large group celebrating a birthday but still staff were friendly and helpful. Service was quick and tapas were very good value...","Really nice experience ! Ideal stop after the Magic Fountain show, we popped in at 22:00 with our three young kids. There was a large group celebrating a birthday but still staff were friendly and helpful. Service was quick and tapas were very good value for money (ended up with less than 20€ !)","October 15, 2015",Barcelona_Catalonia,https://www.tripadvisor.com/Restaurant_Review-g187497-d5454351-Reviews-or20-El_Rincon_Del_Cava-Barcelona_Catalonia.html,UID_168439,"{'experience': 'positive', 'service': 'positive', 'tapas': 'positive', 'price': 'positive'}"
82475,82476,Ramen_ya_Hiro,5,Positive,review_399254275,Definitely the best ramen in Barcelona,"We live close to Ramen-ya Hiro. We come here every week usually during week-end. It's true that we always wait long time. Queue depends on the season: min 30min during summer/ max 60 min during winter. From my experience, the queue pays off the ramen...","We live close to Ramen-ya Hiro. We come here every week usually during week-end. It's true that we always wait long time. Queue depends on the season: min 30min during summer/ max 60 min during winter. From my experience, the queue pays off the ramen you're gonna eat. Good quality and not so expensive (7.50€ + extra 0.50€-1€ if you want toppings). Gyozas are awesome. Cha-shu don is also very good. Be advised this restaurant close during holidays (summer time, xmas, Easter...) as well as Sundays.","July 30, 2016",Barcelona_Catalonia,https://www.tripadvisor.com/Restaurant_Review-g187497-d3845663-Reviews-or100-Ramen_ya_Hiro-Barcelona_Catalonia.html,UID_12482,"{'location': 'neutral', 'frequency of visits': 'positive', 'wait time': 'negative', 'seasonal variation': 'neutral', 'food quality': 'positive', 'price': 'positive', 'gyozas': 'positive', 'cha-shu don': 'positive', 'operating hours': 'neutral'}"
359330,359331,Kurz_Gut,1,Negative,review_510203508,Don't bother - the staff don't bother either,"Burgers were OK but we also ordered salmon that appeared to have been microwaved, so the thinner bits were cooked to the texture of cardboard and the thicker bits paradoxically were raw.  We also ordered a sprite but this was just carbonated water with a...","Burgers were OK but we also ordered salmon that appeared to have been microwaved, so the thinner bits were cooked to the texture of cardboard and the thicker bits paradoxically were raw. We also ordered a sprite but this was just carbonated water with a tiny bit of flavouring. They also didn't have any wine glasses (they are a restaurant!). On complaining they offered 10% off the bill which was around €70. We were OK with paying for the bits that were edible and the subsequent debate lasted a good half hour which reduced the bill to €53.55. Advice is to spend your money elsewhere as this restaurant were understaffed (service was incredibly slow) and made so many mistakes on the service and cooking. This is the fifth restaurant visit whilst in Barca and the others have been great and reasonable value, with service from staff that cared what they did. The 2 stars are for the burgers to be fair.","August 8, 2017",Barcelona_Catalonia,https://www.tripadvisor.com/Restaurant_Review-g187497-d1319261-Reviews-or50-Kurz_Gut-Barcelona_Catalonia.html,UID_173511,"{'burgers': 'neutral', 'salmon': 'negative', 'beverages': 'negative', 'utensils': 'negative', 'price': 'neutral', 'service': 'negative', 'cooking': 'negative', 'staff': 'negative'}"
393529,393530,Iboo,1,Negative,review_115099364,Find another place to eat,The service was inconsistent.  There are better tasting food elsewhere.,The service was inconsistent.  There are better tasting food elsewhere.,"July 6, 2011",Barcelona_Catalonia,https://www.tripadvisor.com/Restaurant_Review-g187497-d1153047-Reviews-Iboo-Barcelona_Catalonia.html,UID_197701,"{'service': 'negative', 'food': 'negative'}"
397920,397921,Tapa_i_Apat,1,Negative,review_213903559,Never felt so angry after leaving a restaurant.,We went here after enjoying the stalls at La Rambla on our 6th day in Barceona and it was the worst experience we've had yet in any eatery. We decided to eat here as it was the first restaurant we came to and it looked...,"We went here after enjoying the stalls at La Rambla on our 6th day in Barceona and it was the worst experience we've had yet in any eatery. We decided to eat here as it was the first restaurant we came to and it looked fairly decent. Looks can be deceiving. The waiters were unattentive and seemed more interested in the cigarette they were sharing in the corner. At that point we considered leaving but decided not to as we felt that would be too rude as we had already been handed menus. It would have been nice if they had treated us with the same courtesy. Or any courtesy at all for that matter. After making our order the waiter offered us some bread and ham which we agreed to as we assumed it would be around €10-12, not the €30 we were charged. It's absolutely shameful of them to think that they can take advantage of a group of five 18 year old girls like that. The food itself wasn't awful but not nearly worth the price we payed. And the drinks (we had cola and sprite) were €5.70 each. All in all an awful experience which we very nearly could not even afford. ","July 6, 2014",Barcelona_Catalonia,https://www.tripadvisor.com/Restaurant_Review-g187497-d1989012-Reviews-or130-Tapa_i_Apat-Barcelona_Catalonia.html,UID_219113,"{'atmosphere': 'neutral', 'service': 'negative', 'price': 'negative', 'food': 'neutral', 'drinks': 'negative'}"
231737,231738,Los_Toreros,4,Positive,review_314391631,Good Tapas,"A fine lunch elsewhere in the city meant we needed a few simple tapas and a beer for supper.  Old favourite Los Toreros fitted the bill.  Gambas a la plancha, ham croquettes, fried anchovies, jamon iberico, chicken croquettes and patatas bravas were just the ticket,...","A fine lunch elsewhere in the city meant we needed a few simple tapas and a beer for supper. Old favourite Los Toreros fitted the bill. Gambas a la plancha, ham croquettes, fried anchovies, jamon iberico, chicken croquettes and patatas bravas were just the ticket, washed down with a beer for sir and a white wine for madame. True, some wipes to clean up after the gambas would have been nice, but a wash basin was not that tricky to find and, at €25 a head, it would be a shame to boost the price with fripperies. Oh, and lots of bull-fighting memorabilia to offend the over-sensitive!","September 28, 2015",Barcelona_Catalonia,https://www.tripadvisor.com/Restaurant_Review-g187497-d817153-Reviews-or130-Los_Toreros-Barcelona_Catalonia.html,UID_116832,"{'tapas': 'positive', 'beer': 'positive', 'gambas a la plancha': 'positive', 'ham croquettes': 'positive', 'fried anchovies': 'positive', 'jamon iberico': 'positive', 'chicken croquettes': 'positive', 'patatas bravas': 'positive', 'white wine': 'positive', 'cleanliness': 'negative', 'price': 'positive', 'atmosphere': 'neutral'}"
245748,245749,La_Fonda,3,Negative,review_136728534,Not quite what meets the eye.,"We had plans to go somewhere else and then 4pm hit and of course most places close by then, so we walked and we saw a sign that said that this place had won tripadvisor 2012 something.. So we decided to try it out... Place...","We had plans to go somewhere else and then 4pm hit and of course most places close by then, so we walked and we saw a sign that said that this place had won tripadvisor 2012 something.. So we decided to try it out... Place looks a bit fancy at first, I looked at the menu and it seemed inexpensive. We were sat down rather quickly, service was not bad; nothing to rave about but not bad, food took a bit to arrive ( but to be expected we ordered paella ) we were not given any bread but the table next to us did get theirs... After a while we got our paella and it looked way overcooked. The flavors were very very bland, the shrimp was totally overcooked and dry ( but that had taste ) and even though they call it a fish paella, it had NOT one chunk of fish. The price for each plate was very good though, about $10 per person for a paella... My son order a side order of fries and they were ok, fried in that heavy oil that they seem to fry everything here with so it was very heavy and oily... One odd thing was that they had the glasses, cutlery, table tops and plates in a long table right in the middle of the restaurant, which i thought it was just weird being that the whole feeling of the restaurant was very elegant. Should you visit? Neh, it's definitely not a must...","August 9, 2012",Barcelona_Catalonia,https://www.tripadvisor.com/Restaurant_Review-g187497-d717275-Reviews-or1380-La_Fonda-Barcelona_Catalonia.html,UID_88240,"{'atmosphere': 'positive', 'price': 'positive', 'service': 'neutral', 'wait time': 'neutral', 'paella': 'negative', 'shrimp': 'negative', 'fish': 'negative', 'fries': 'neutral', 'oil': 'negative', 'cutlery': 'neutral', 'table arrangement': 'negative'}"
346402,346403,Beef_Bull_Club,3,Negative,review_715993577,Was ok,"First visit good, burger was very delicious2nd time the waitress wanted us to serve a mixed beer or anything else We ordered beer and got anything tasted of citron or a Type if Radler The were not able to tell us what it exactly...","First visit good, burger was very delicious 2nd time the waitress wanted us to serve a mixed beer or anything else  We ordered beer and got anything tasted of citron or a Type if Radler  The were not able to tell us what it exactly was. But however it was no beer. Bavarians know how beer tastes ","October 7, 2019",Barcelona_Catalonia,https://www.tripadvisor.com/Restaurant_Review-g187497-d13223322-Reviews-Beef_Bull_Club-Barcelona_Catalonia.html,UID_201440,"{'visit': 'positive', 'burger': 'positive', 'service': 'negative', 'beer': 'negative'}"
407176,407177,ElDiset,4,Positive,review_433733746,Excellenta ,Really good food with expert service. They helped us with the meny and match it with good wine. The price was okey.,Really good food with expert service. They helped us with the meny and match it with good wine. The price was okey.,"November 1, 2016",Barcelona_Catalonia,https://www.tripadvisor.com/Restaurant_Review-g187497-d3519054-Reviews-or270-ElDiset-Barcelona_Catalonia.html,UID_127906,"{'food': 'positive', 'service': 'positive', 'menu assistance': 'positive', 'wine': 'positive', 'price': 'neutral'}"
223702,223703,Restaurante_Salero,2,Negative,review_384727164,"Cold food, cold service",Hopped in for a spot of pre-lunch but the food we ordered turned out cold and too salty. Service was pretty crappy too. The only saving grace was the interior and the cup of green tea we ordered (which is difficult to get wrong since...,Hopped in for a spot of pre-lunch but the food we ordered turned out cold and too salty. Service was pretty crappy too. The only saving grace was the interior and the cup of green tea we ordered (which is difficult to get wrong since you only need a teabag and hot water). Will never visit again ,"June 21, 2016",Barcelona_Catalonia,https://www.tripadvisor.com/Restaurant_Review-g187497-d717398-Reviews-or20-Restaurante_Salero-Barcelona_Catalonia.html,UID_19413,"{'food': 'negative', 'service': 'negative', 'interior': 'positive', 'green tea': 'positive'}"
334875,334876,Mussol_Arenas,2,Negative,review_658596687,Poor meal on a Sunday evening.,Me and my partner visited Mussol after process of elimination after going round the restaurants on offer at Las Arenas.We arrived and were seated by a nice lady who gave us our menus. That was about as good as it got.We were never...,"Me and my partner visited Mussol after process of elimination after going round the restaurants on offer at Las Arenas. We arrived and were seated by a nice lady who gave us our menus. That was about as good as it got. We were never approached by a member of staff for our drinks, so when we decided what we were wanting, we waited to be served. A waitress came over to take our orders to which we started off ordering our drinks. When my partner asked for her starter she was replied to with ""I don't have"" so she was a little took aback and whilst she looked for another starter I asked for mine, again a reply of ""I don't have"" Found it quite strange that they had ran out of food for a restaurant!  My partner ended up ordering a leek and potato soup kind of dish which was lukewarm at best, and I ordered some coca bread which was literally dry toast. For our mains, my partner ordered beef medallions ""medium-rare"" well they came rare, practically still with a heartbeat! I ordered steak well done and it came absolutely swimming in blood, had to send it back. Once my meal returned my partner had already nearly finished, so it was disappointing we weren't able to enjoy our meal together.  We ordered puddings and to be fair they weren't so bad. All in all, I would probably recommend trying another restaurant at Las Arenas as this really wasn't all that great.","March 15, 2019",Barcelona_Catalonia,https://www.tripadvisor.com/Restaurant_Review-g187497-d2295507-Reviews-or20-Mussol_Arenas-Barcelona_Catalonia.html,UID_38585,"{'service': 'negative', 'food availability': 'negative', 'leek and potato soup': 'negative', 'coca bread': 'negative', 'beef medallions': 'negative', 'steak': 'negative', 'wait time': 'negative', 'puddings': 'neutral', 'restaurant choice': 'negative'}"
143472,143473,Bodega_1900,5,Positive,review_667452038,"Grab a reservation, lunch and dinner both great!","Grab a reservation as soon as you can! I found this place after looking into the Adria brothers and was wildly impressed by each dish. Beyond the predictable taste and quality of ingredients, the most impressive thing was each dish’s portion sizes. It almost feels...","Grab a reservation as soon as you can!  I found this place after looking into the Adria brothers and was wildly impressed by each dish. Beyond the predictable taste and quality of ingredients, the most impressive thing was each dish’s portion sizes. It almost feels like each dish was small so that you’d slow and appreciate each bite, yet just enough that you don’t get bored of any one dish/taste. We were tempted to order the same thing twice, but we’re glad we didn’t, because everything was special and unique. I’m not sure if the menu changes often, but my recommendations would be to try the stuffed squid, the hake roe, any of the mollettes, and definitely the jamon. I’ve also heard they specialize in vermouth but I didn’t get to try that.  The price is ridiculously affordable too: for 2 people over lunch (without alcohol), it was about 60 euros, which is a steal when you taste the amazing food. Would 100% come back!","April 18, 2019",Barcelona_Catalonia,https://www.tripadvisor.com/Restaurant_Review-g187497-d4876772-Reviews-or50-Bodega_1900-Barcelona_Catalonia.html,UID_106258,"{'reservation': 'positive', 'food': 'positive', 'taste': 'positive', 'ingredients': 'positive', 'portion size': 'positive', 'variety': 'positive', 'stuffed squid': 'positive', 'hake roe': 'positive', 'mollettes': 'positive', 'jamon': 'positive', 'menu': 'neutral', 'price': 'positive', 'atmosphere': 'positive'}"
394211,394212,Tapas_Apat,2,Negative,review_223267395,Go else where,"We were not impressed. The wait staff were condescending. When we asked for tap water, we were told we don't do that here in Barcelona. The food barely tolerable. The shrimp had a really off putting texture. Considering we dropped 70 EUR on tapas they...","We were not impressed. The wait staff were condescending. When we asked for tap water, we were told we don't do that here in Barcelona. The food barely tolerable. The shrimp had a really off putting texture. Considering we dropped 70 EUR on tapas they could have tried harder on the service end. The table cloth looked like it had not been changed in days. By the way I am fluent in Spanish and Catalan and I live here but I was treated like a dumb tourist.","August 20, 2014",Barcelona_Catalonia,https://www.tripadvisor.com/Restaurant_Review-g187497-d1633074-Reviews-or20-Tapas_Apat-Barcelona_Catalonia.html,UID_97085,"{'service': 'negative', 'food': 'negative', 'shrimp': 'negative', 'price': 'negative', 'cleanliness': 'negative'}"
118826,118827,Mayura,5,Positive,review_676223352,Best Indian food in Barcelona and beyond,"We are originally from Chicago and were on Barcelona for a couple of day only. We were craving some Indian food and found this amazing and conveniently located gem of a place. The service, food, atmosphere and presentation were all beyond expected. Loved the prawn...","We are originally from Chicago and were on Barcelona for a couple of day only. We were craving some Indian food and found this amazing and conveniently located gem of a place. The service, food, atmosphere and presentation were all beyond expected. Loved the prawn curry, and the seekh kabab above all. Drinks were very unique as well. If we’re ever in Barcelona again, we will definitely return to Mayura! ","May 24, 2019",Barcelona_Catalonia,https://www.tripadvisor.com/Restaurant_Review-g187497-d1072346-Reviews-or70-Mayura-Barcelona_Catalonia.html,UID_91354,"{'location': 'positive', 'food': 'positive', 'service': 'positive', 'atmosphere': 'positive', 'presentation': 'positive', 'prawn curry': 'positive', 'seekh kabab': 'positive', 'drinks': 'positive'}"
99104,99105,Sindur_Indian_Cuisine,1,Negative,review_651061652,Disappointing Takeaway,Was in Barcelona for the Valencia game on Saturday 2nd Feb 19. Decided to grab an Indian takeaway and the nearest was Sindur. Really wish I hadn’t bothered as this was one of the most expensive and poor Indian takeaways I have ever experienced. Sauce...,Was in Barcelona for the Valencia game on Saturday 2nd Feb 19. Decided to grab an Indian takeaway and the nearest was Sindur. Really wish I hadn’t bothered as this was one of the most expensive and poor Indian takeaways I have ever experienced. Sauce was weak and runny and the chicken was definitely not breast and as such I had to bin most of it as it was uneatable. Wouldn’t recommend.,"February 9, 2019",Barcelona_Catalonia,https://www.tripadvisor.com/Restaurant_Review-g187497-d1081751-Reviews-or10-Sindur_Indian_Cuisine-Barcelona_Catalonia.html,UID_78707,"{'location': 'neutral', 'food': 'negative', 'price': 'negative', 'chicken': 'negative', 'sauce': 'negative', 'recommendation': 'negative'}"
121320,121321,Restaurant_Gut,3,Negative,review_153125978,I am totally not understanding the great reviews here,"Ok, I'm totally not getting the great reviews here. We picked this restaurant based on the raves and we ended up taking friends. No decor, hard seats so not impressive walking in, but who cares if the food's great, right? Well, it's not! Lentil soup...","Ok, I'm totally not getting the great reviews here. We picked this restaurant based on the raves and we ended up taking friends. No decor, hard seats so not impressive walking in, but who cares if the food's great, right? Well, it's not! Lentil soup was fresh, I suppose but watery with little taste. We had the sea bass and again, no taste, rubbery. Vegetables were so overlooked like from a can. Bread was good. Wine was decent but really nothing to brag about. Service was lovely and they were accommodating but for this to be that highly rated is just so astonishing. Truly between 2 and 3 stars.","February 25, 2013",Barcelona_Catalonia,https://www.tripadvisor.com/Restaurant_Review-g187497-d2063308-Reviews-or270-Restaurant_Gut-Barcelona_Catalonia.html,UID_5430,"{'reviews': 'negative', 'restaurant choice': 'negative', 'decor': 'negative', 'seating': 'negative', 'food': 'negative', 'lentil soup': 'negative', 'sea bass': 'negative', 'vegetables': 'negative', 'bread': 'positive', 'wine': 'neutral', 'service': 'positive', 'rating': 'negative'}"
120473,120474,Mayura,5,Positive,review_220671072,The best Indian food in barcelona ,I have been coming to mayura for years since living in BCN and it's time to give a review here. In my opinion it has the best Indian food in the city - and I've tried plenty of other Indian restaurants .Very friendly service...,I have been coming to mayura for years since living in BCN and it's time to give a review here.  In my opinion it has the best Indian food in the city - and I've tried plenty of other Indian restaurants . Very friendly service and very fair prices and best of all - excellent food ! Highly recommend it !! ,"August 9, 2014",Barcelona_Catalonia,https://www.tripadvisor.com/Restaurant_Review-g187497-d1072346-Reviews-or290-Mayura-Barcelona_Catalonia.html,UID_92394,"{'mayura': 'positive', 'indian food': 'positive', 'service': 'positive', 'price': 'positive'}"
197625,197626,Restaurante_Can_Pineda,5,Positive,review_221308047,True Catalan Hospitality,"Are we glad that our hotel concierge recommended Can Pineda.  The food, which was amazing, was served with true Catalan Hospitality by the owners and a lovely young woman.  They doted over all of the details even though the small but comfortable dining room was...","Are we glad that our hotel concierge recommended Can Pineda. The food, which was amazing, was served with true Catalan Hospitality by the owners and a lovely young woman. They doted over all of the details even though the small but comfortable dining room was full. My husband and I shared appetizers of fried green peppers - gently seared - and fried fois gras. The peppers were bursting with flavor and the foie gras was delicate and not overly rich. For a main course, I had ox-tail and my husband had scorpion fish. Each dish was spectacular. Our desserts were terrific and finished by after-dinner liquors that our Catalan hosts provided on-the-house. It is truly worth the trip to Can Pineda. We cannot recommend it more heartily.","August 12, 2014",Barcelona_Catalonia,https://www.tripadvisor.com/Restaurant_Review-g187497-d986333-Reviews-or30-Restaurante_Can_Pineda-Barcelona_Catalonia.html,UID_136299,"{'hotel concierge': 'positive', 'food': 'positive', 'service': 'positive', 'atmosphere': 'positive', 'fried green peppers': 'positive', 'fried fois gras': 'positive', 'ox-tail': 'positive', 'scorpion fish': 'positive', 'desserts': 'positive', 'after-dinner liquors': 'positive'}"
185376,185377,Rosa_Negra_Barcelona,5,Positive,review_397442735,Cheap cocktails and good food,"Visited for dinner one evening, shared the nachos to start and then ordered a main course each. The portions are decent sized and the food was delicious. We also enjoyed a few cocktails, I had 2 mojitos which were only €3.50 each! The restaurant was...","Visited for dinner one evening, shared the nachos to start and then ordered a main course each. The portions are decent sized and the food was delicious. We also enjoyed a few cocktails, I had 2 mojitos which were only €3.50 each! The restaurant was very busy and full of locals so it is obviously very good. Our bill came to just €40 so was extremely good value. Would highly recommend this place for a casual dinner or cocktails","July 26, 2016",Barcelona_Catalonia,https://www.tripadvisor.com/Restaurant_Review-g187497-d800338-Reviews-or240-Rosa_Negra_Barcelona-Barcelona_Catalonia.html,UID_113893,"{'nachos': 'positive', 'main course': 'positive', 'portion size': 'positive', 'food': 'positive', 'cocktails': 'positive', 'mojitos': 'positive', 'price': 'positive', 'atmosphere': 'positive', 'value': 'positive', 'recommendation': 'positive'}"
326685,326686,Just_Royal_BCN,5,Positive,review_555015814,A Must For People Who Love Food ,Had a wonderful time at Just Royal BCN. I’m a chef and already know how to cook but I still learned a few techniques from Alfredo. Also learned a lot about the Spanish culture and people from different parts of their country. The seafood paella...,Had a wonderful time at Just Royal BCN. I’m a chef and already know how to cook but I still learned a few techniques from Alfredo. Also learned a lot about the Spanish culture and people from different parts of their country. The seafood paella we made was one of the best I’ve ever had. Did the market tour with Janella and she was great with explaining different produce etc. It was also a great way to meet people who share the same passion with food. I highly recommend this to people who love food and would like to have a good experience in Barcelona. ,"January 20, 2018",Barcelona_Catalonia,https://www.tripadvisor.com/Restaurant_Review-g187497-d5607454-Reviews-Just_Royal_BCN-Barcelona_Catalonia.html,UID_194242,"{'experience': 'positive', 'knowledge gain': 'positive', 'spanish culture': 'positive', 'seafood paella': 'positive', 'market tour': 'positive', 'service': 'positive', 'socializing': 'positive', 'recommendation': 'positive'}"
350668,350669,Can_Eusebio,3,Negative,review_187067870,Average budget place,"Went there for a dinner with friends after arriving to BCN. As we stayed at Tryp Apollo we looked for something reasonable in the neighbourhood. So we found Can Eusebio,. Dont expect top quality. Just simple food with OK taste good enough to satisfie your...","Went there for a dinner with friends after arriving to BCN. As we stayed at Tryp Apollo we looked for something reasonable in the neighbourhood. So we found Can Eusebio,. Dont expect top quality. Just simple food with OK taste good enough to satisfie your hunger. Jamon had thick slices but tastewise OK. They offer happy hours for drinks.","December 8, 2013",Barcelona_Catalonia,https://www.tripadvisor.com/Restaurant_Review-g187497-d2277296-Reviews-or70-Can_Eusebio-Barcelona_Catalonia.html,UID_97619,"{'dinner': 'neutral', 'location': 'positive', 'price': 'positive', 'food quality': 'neutral', 'taste': 'positive', 'jamon': 'neutral', 'drinks': 'positive'}"
258180,258181,Boca_Grande,1,Negative,review_256534216,Disappointing and expensive,This restaurant is yet another in a queue of restaurants that have a reputation and forget that a reputation and service are things to be constantly maintained and are not indefinite. The interior is beautifully decorated by Lázaro Rosa-Violàn who is a master of light...,"This restaurant is yet another in a queue of restaurants that have a reputation and forget that a reputation and service are things to be constantly maintained and are not indefinite.  The interior is beautifully decorated by Lázaro Rosa-Violàn who is a master of light and almost French colonial interiors which are glamorous and comfortable at the same time. And yet, everything else is oh, so disappointing! The head waiter/maitr d' who takes your order, a certain Dimitri, has got to be THE rudest waiter/maitre d' I have ever come across - maybe he imagines that he is presiding over a Parisian top locale where snootiness is the in-thing? Whatever it may be, my friend and I were appalled at his behaviour in casually dismissing our disappointment at dishes which were no more being served ( he didn't bother telling us why) and showing plainly that he didn't care about us either! The waitress, in turn, was sweet but so brutish for what is supposedly a very good restaurant - she seemed to be under orders to fill up our glasses the millisecond we finished, allowing us no reprieve to enjoy the taste but to hurry and finish the bottle and order another one. And then, the food - I ordered a simple burger with foie and caramelized onions - though well presented, it arrived cool, the caramelized onions were greasy and the pan amb tomaquet we ordered as a starter was stodgy. Pffffff - what a let down! My friend ordered a sole and it was nothing to write home about either. At 50€ per person with only a main each, am definitely not going back or recommending it to anyone!","February 26, 2015",Barcelona_Catalonia,https://www.tripadvisor.com/Restaurant_Review-g187497-d2323566-Reviews-or620-Boca_Grande-Barcelona_Catalonia.html,UID_9327,"{'reputation': 'negative', 'service': 'negative', 'interior': 'positive', 'waiter': 'negative', 'waitress': 'negative', 'food': 'negative', 'burger': 'negative', 'pan amb tomaquet': 'negative', 'sole': 'neutral', 'price': 'negative'}"
113306,113307,Santa_Gula,3,Negative,review_167478498,"Not the greatest place for Vegetarians, but overall quite pleasant.","I recently went to Santa Gula for the first time with a big group for a birthday party.  It's a very tastefully decorated place in a beautiful location, very attractive both for a small group or even a table as big as ours.  It is...","I recently went to Santa Gula for the first time with a big group for a birthday party. It's a very tastefully decorated place in a beautiful location, very attractive both for a small group or even a table as big as ours. It is not spacious, so you will be sitting quite close to the other diners, but the overall atmosphere is quite nice and the service exceptional.  Our group was composed of about 15 people and four of us were vegetarians. They divided up the table so people could share according to eating habits, which I found to be a professional decision. The food that was brought out as starters, a variety of small dishes to share, was fairly tasty. Delicious little cherry tomatoes dressed simply in olive oil, asparagus tempura, a dish of very good bravas, bread, and so on.  However, the main dishes, of which there were two, left much to be desired for those of us that didn't eat meat. The first main was a pasta without sauce, just a small amount of olive oil, with roasted vegetables. The dish was correctly served and cooked, but simply lacked taste. The second main was a dish of sautéed mushrooms, which was tastier than the pasta but, to me, is something that I would serve alongside something more filling. The rest of the diners were served two dishes that were quite a bit more developed and everyone seemed quite pleased. Dessert was a delicious crema catalana/creme brûlée and the wine served throughout the meal was very nice. All for roughly 30€; quite affordable given the location and quality of the meal. Overall, the experience was a very good one-- good food, excellent, attentive service, and a nice location. Perhaps ordering à la carte would reveal some more exciting vegetable based dishes, so I do hope to repeat.","July 14, 2013",Barcelona_Catalonia,https://www.tripadvisor.com/Restaurant_Review-g187497-d2518790-Reviews-or230-Santa_Gula-Barcelona_Catalonia.html,UID_70370,"{'location': 'positive', 'atmosphere': 'positive', 'service': 'positive', 'food': 'mixed', 'vegetarian options': 'negative', 'starters': 'positive', 'main dishes': 'negative', 'dessert': 'positive', 'wine': 'positive', 'price': 'positive'}"
254590,254591,Lomo_Alto,5,Positive,review_485591364,Meat lovers,"Bloody nice!!!!! Excellent service, great quality, tender, tasty, good variarity.Top dollar! Like the place. Good location","Bloody nice!!!!! Excellent service, great quality, tender, tasty, good variarity.Top dollar! Like the place. Good location","May 19, 2017",Barcelona_Catalonia,https://www.tripadvisor.com/Restaurant_Review-g187497-d10275244-Reviews-or90-Lomo_Alto-Barcelona_Catalonia.html,UID_58141,"{'service': 'positive', 'quality': 'positive', 'food': 'positive', 'price': 'negative', 'atmosphere': 'positive', 'location': 'positive'}"
68354,68355,L_Amfora,5,Positive,review_533254715,"Fantastic, fresh seafood!","We ordered the seafood platter, stuffed spider crab, and king prawn and salmon salad. Everything was fresh, tasty and in great portions!!!Some members of staff were a bit inexperienced but everyone was very polite and attentive.Had a fantastic dinner with my parents. Highly...","We ordered the seafood platter, stuffed spider crab, and king prawn and salmon salad. Everything was fresh, tasty and in great portions!!! Some members of staff were a bit inexperienced but everyone was very polite and attentive. Had a fantastic dinner with my parents. Highly recommended!!","October 15, 2017",Barcelona_Catalonia,https://www.tripadvisor.com/Restaurant_Review-g187497-d1379335-Reviews-or280-L_Amfora-Barcelona_Catalonia.html,UID_56905,"{'seafood platter': 'positive', 'stuffed spider crab': 'positive', 'king prawn and salmon salad': 'positive', 'food quality': 'positive', 'portion size': 'positive', 'service': 'neutral', 'staff experience': 'negative', 'staff politeness': 'positive', 'atmosphere': 'positive'}"
149126,149127,Baritimo,1,Negative,review_237611012,Worst experience in Barcelona,"Great view but...frozen lobster with bad smell and bad taste.  Rice in terrible sauce,  waitress really unpolite, dirty toilet and too expensive, in other words : to avoid!!!","Great view but...frozen lobster with bad smell and bad taste.  Rice in terrible sauce,  waitress really unpolite, dirty toilet and too expensive, in other words : to avoid!!!","November 2, 2014",Barcelona_Catalonia,https://www.tripadvisor.com/Restaurant_Review-g187497-d6624079-Reviews-or270-Baritimo-Barcelona_Catalonia.html,UID_109550,"{'view': 'positive', 'lobster': 'negative', 'rice': 'negative', 'service': 'negative', 'cleanliness': 'negative', 'price': 'negative'}"
254554,254555,La_Fonda,3,Negative,review_364401845,Typical Catalan restaurant,"Been here two times.This is not a bad place at all. Don't expect a gastronomical sensation, but enjoy this typically Catalan restaurant.Prices are generally good. Especially the wine is good value for money.Plates are not richly decorated and if you want some...","Been here two times. This is not a bad place at all. Don't expect a gastronomical sensation, but enjoy this typically Catalan restaurant. Prices are generally good. Especially the wine is good value for money. Plates are not richly decorated and if you want some vegetables it is better to order some side dishes. Service is not bad, but they are really busy and easily don't see you for minutes. It is located in a quite shabby street. But you will forget as soon as you are inside!","April 15, 2016",Barcelona_Catalonia,https://www.tripadvisor.com/Restaurant_Review-g187497-d717275-Reviews-or730-La_Fonda-Barcelona_Catalonia.html,UID_6607,"{'restaurant': 'neutral', 'price': 'positive', 'wine': 'positive', 'food presentation': 'negative', 'vegetables': 'neutral', 'service': 'negative', 'location': 'negative', 'atmosphere': 'positive'}"
339275,339276,Bar_Galicia,3,Negative,review_606492910,Teatime visit,"Food was ok. We had mainly burgers, frankfurters etc. Drinks were reasonably priced. Found the staff to be attentive and accommodating. A nice place to visit whilst shopping at the nearby shopping centre.","Food was ok. We had mainly burgers, frankfurters etc. Drinks were reasonably priced. Found the staff to be attentive and accommodating. A nice place to visit whilst shopping at the nearby shopping centre.","August 14, 2018",Barcelona_Catalonia,https://www.tripadvisor.com/Restaurant_Review-g187497-d5223297-Reviews-Bar_Galicia-Barcelona_Catalonia.html,UID_165735,"{'food': 'neutral', 'burgers': 'neutral', 'frankfurters': 'neutral', 'drinks': 'neutral', 'price': 'positive', 'service': 'positive', 'atmosphere': 'positive'}"
371978,371979,Cal_Pep,5,Positive,review_367775394,Tapa blowout at the bar,"Our bill proved we had a lot to eat... or perhaps we were just suckers for the 'recommended set' of tapas which ends up hitting the pocketbook more than expected. Either way, we paid a lot for lunch relative to other meals on our trip,...","Our bill proved we had a lot to eat... or perhaps we were just suckers for the 'recommended set' of tapas which ends up hitting the pocketbook more than expected. Either way, we paid a lot for lunch relative to other meals on our trip, but we really enjoyed the experience and service at the bar. Great food and an authentic, fun, casual vibe. We 'door busted' and went right after it opened. Not long after it was full and soon there were waits, so be prepared. ","April 26, 2016",Barcelona_Catalonia,https://www.tripadvisor.com/Restaurant_Review-g187497-d697458-Reviews-or530-Cal_Pep-Barcelona_Catalonia.html,UID_69482,"{'bill': 'negative', 'tapas': 'neutral', 'price': 'negative', 'service': 'positive', 'food': 'positive', 'atmosphere': 'positive', 'wait time': 'neutral'}"
78136,78137,The_Pharaoh,3,Negative,review_510887471,Average place for a late night meal,"I came here with some friends to watch a soccer match, so my expectations were that it'd be a touristy place with just OK food. Long story short: I was correct. The bar is located near the Sagrada Familia so nearly everyone if not all...","I came here with some friends to watch a soccer match, so my expectations were that it'd be a touristy place with just OK food. Long story short: I was correct. The bar is located near the Sagrada Familia so nearly everyone if not all guests were tourists. The menu is big: salads, pasta, pizza, risotto and tapas. The tapas are around €5 or €6 each, the pizzas are €10 or so. We shared a pizza, eggplant chips and cheese croquettes. The quality of the food isn't great: mostly just blend, but I was prepared for that so it's alright. We had a friendly, young male waiter who was attentive, so we enjoyed the service. It just isn't a great restaurant, but getting a drink here can be fun while watching a match.","August 10, 2017",Barcelona_Catalonia,https://www.tripadvisor.com/Restaurant_Review-g187497-d1869920-Reviews-or70-The_Pharaoh-Barcelona_Catalonia.html,UID_28224,"{'food': 'neutral', 'location': 'neutral', 'menu variety': 'positive', 'price': 'neutral', 'pizza': 'neutral', 'eggplant chips': 'neutral', 'cheese croquettes': 'neutral', 'service': 'positive', 'atmosphere': 'positive'}"
36356,36357,Colom,5,Positive,review_732633276,Delicious !!,Paella was the best paella I ever had!! Service was good. I enjoyed time there!! I will definitely come back this place,Paella was the best paella I ever had!! Service was good. I enjoyed time there!! I will definitely come back this place,"December 14, 2019",Barcelona_Catalonia,https://www.tripadvisor.com/Restaurant_Review-g187497-d3179219-Reviews-or350-Colom-Barcelona_Catalonia.html,UID_32082,"{'paella': 'positive', 'service': 'positive', 'atmosphere': 'positive'}"
182767,182768,Restaurant_Catedra,5,Positive,review_481919381,"Very Nixe staff, great food",The staff was very helpful und friendly. You dont Need to speak spanish.Great tapas and maindishes for reasonable prices.,The staff was very helpful und friendly. You dont Need to speak spanish.Great tapas and maindishes for reasonable prices.,"May 5, 2017",Barcelona_Catalonia,https://www.tripadvisor.com/Restaurant_Review-g187497-d5487537-Reviews-or40-Restaurant_Catedra-Barcelona_Catalonia.html,UID_128495,"{'staff': 'positive', 'language': 'positive', 'tapas': 'positive', 'main dishes': 'positive', 'price': 'positive'}"
67993,67994,Gasterea,4,Positive,review_505250198,Nice and informal,"Very lowkey tapas bar with a very informal atmosphere. We came in at its most busiest, but quickly got seats at the end.Obviously not the place to go if you want to have a long, quiet dinner, but a genimuine experience.The food was...","Very lowkey tapas bar with a very informal atmosphere. We came in at its most busiest, but quickly got seats at the end. Obviously not the place to go if you want to have a long, quiet dinner, but a genimuine experience. The food was very good, the service very efficient and the kids - 15&16- loved the place.","July 24, 2017",Barcelona_Catalonia,https://www.tripadvisor.com/Restaurant_Review-g187497-d2520175-Reviews-or80-Gasterea-Barcelona_Catalonia.html,UID_49818,"{'atmosphere': 'positive', 'wait time': 'positive', 'food': 'positive', 'service': 'positive', 'kid-friendliness': 'positive'}"
106773,106774,El_Quim_de_la_Boqueria,4,Positive,review_150213526,"Expensive, tasty treat",Small tapas bar in the slightly crazy but fascinating environs of Mercat de Sant Josep de la Boqueria. Seeing the cooks working in the slightly cramped space behind the bar makes me wonder what my mum is complaining about when she says her kitchen is...,"Small tapas bar in the slightly crazy but fascinating environs of Mercat de Sant Josep de la Boqueria. Seeing the cooks working in the slightly cramped space behind the bar makes me wonder what my mum is complaining about when she says her kitchen is too small. Inspired by the amazing sights of the fish stalls, we went all-out seafood here. As a result, it was quite expensive but worth it for a treat. The baby squid with young vegetables was amazing. It was busy, but we didn't feel rushed by the freindly staff.","January 21, 2013",Barcelona_Catalonia,https://www.tripadvisor.com/Restaurant_Review-g187497-d1080763-Reviews-or650-El_Quim_de_la_Boqueria-Barcelona_Catalonia.html,UID_54450,"{'location': 'positive', 'atmosphere': 'positive', 'kitchen size': 'positive', 'seafood': 'positive', 'price': 'negative', 'baby squid with young vegetables': 'positive', 'service': 'positive', 'wait time': 'neutral'}"
216068,216069,Hard_Rock_Cafe,4,Positive,review_171038782,"Good food, friendly people!",My family got off one of the bus tours and decided to go to the Hard Rock. It was around lunchtime so the place was packed with people. We had about a fifteen minute wait which wasn't bad. While we were waiting I decided to...,"My family got off one of the bus tours and decided to go to the Hard Rock. It was around lunchtime so the place was packed with people. We had about a fifteen minute wait which wasn't bad. While we were waiting I decided to go to the bathroom. Unfortunately, none of the women's stalls had toilet paper which was annoying, however a staff member brought some after someone complained. We were finally seated and our table was pretty cool. It was under the Micheal Jackson memorabilia! Our waiter Paublito was amazing! He was so friendly and recommended things off the menu. He was so warm and outgoing, it really made our dining experience a good one. I ordered the cheese burger and that was really excellent. Also someone in my party ordered the nachos and those were superb! Overall I would recommend the Hard Rock Barcelona to anyone who likes good food,nice ambiance and is craving that good ol' American food whilst in  Barcelona! ","August 6, 2013",Barcelona_Catalonia,https://www.tripadvisor.com/Restaurant_Review-g187497-d913500-Reviews-or1600-Hard_Rock_Cafe-Barcelona_Catalonia.html,UID_145484,"{'hard rock': 'positive', 'crowd': 'neutral', 'wait time': 'positive', 'bathroom': 'negative', 'service': 'positive', 'atmosphere': 'positive', 'cheese burger': 'positive', 'nachos': 'positive', 'recommendation': 'positive'}"
54479,54480,My_Way,3,Negative,review_89054176,Iffy at best,My friend and I stumbled upon this place after leaving the cathedral and doing a bit of light shopping . We were handed a flyer for a free glass of cava so we decided to check it out. Eating as the spainards      Do had become...,My friend and I stumbled upon this place after leaving the cathedral and doing a bit of light shopping . We were handed a flyer for a free glass of cava so we decided to check it out. Eating as the spainards  Do had become easy to us since we are late diners anyway. We sat down at the bar and were greeted w/ 2 glasses of cava. We ordered one tapa each I the shrimp risotto ( big mistake ) Andy friend the caprese salad. The risotto was awful it had the fishest odor. And taste. The rice way over cooked and I was given two shrimp and these were not gambas or prawns but shrimp. My friend did enjoy her salad and the music and decor were great . Mostly tourists in this restaurant.,"December 5, 2010",Barcelona_Catalonia,https://www.tripadvisor.com/Restaurant_Review-g187497-d1080185-Reviews-or1110-My_Way-Barcelona_Catalonia.html,UID_46462,"{'location': 'neutral', 'promotion': 'positive', 'food culture': 'neutral', 'service': 'positive', 'shrimp risotto': 'negative', 'caprese salad': 'positive', 'atmosphere': 'positive', 'clientele': 'neutral'}"
195907,195908,Nomo_Gracia,4,Positive,review_548746493,Good Sushi and Japanese Food,Nomo was a surprise find near our hotel. This Japanese restaurant served a variety of sushi rolls and Japanese appetizers selected through a novel magnetic box. The seafood from Barcelona is always good and Nomo used it to create very flavorful entrees.,Nomo was a surprise find near our hotel. This Japanese restaurant served a variety of sushi rolls and Japanese appetizers selected through a novel magnetic box. The seafood from Barcelona is always good and Nomo used it to create very flavorful entrees.,"December 22, 2017",Barcelona_Catalonia,https://www.tripadvisor.com/Restaurant_Review-g187497-d1011225-Reviews-or10-Nomo_Gracia-Barcelona_Catalonia.html,UID_28758,"{'restaurant location': 'positive', 'food variety': 'positive', 'ordering system': 'positive', 'seafood quality': 'positive', 'entrees': 'positive'}"
12678,12679,EatMyTrip_Brunch_Bakery_Barcelona,5,Positive,review_713566152,Best brunch in the area,"If you want top quality coffee and Benedict eggs along with an amazing piece cake for the grand finale, this place will  not let you down. They have the best baristas I think their names are Facundo and Imran and they use Familia Osorio Coffee...","If you want top quality coffee and Benedict eggs along with an amazing piece cake for the grand finale, this place will not let you down.  They have the best baristas I think their names are Facundo and Imran and they use Familia Osorio Coffee which is a premium product.","September 28, 2019",Barcelona_Catalonia,https://www.tripadvisor.com/Restaurant_Review-g187497-d14013338-Reviews-or60-EatMyTrip_Brunch_Bakery_Barcelona-Barcelona_Catalonia.html,UID_11873,"{'coffee': 'positive', 'benedict eggs': 'positive', 'cake': 'positive', 'service': 'positive', 'product quality': 'positive'}"
287251,287252,Restaurante_Ferran,1,Negative,review_661202461,Food was terrible ,Don’t come here.Prawns was not cooked......Veal was fat (file mignon)Horrible service Personal is not friendly!!!!,Don’t come here.Prawns was not cooked......Veal was fat (file mignon)Horrible service Personal is not friendly!!!!,"March 25, 2019",Barcelona_Catalonia,https://www.tripadvisor.com/Restaurant_Review-g187497-d3392907-Reviews-or10-Restaurante_Ferran-Barcelona_Catalonia.html,UID_178122,"{'prawns': 'negative', 'veal': 'negative', 'service': 'negative', 'staff': 'negative'}"
238609,238610,Mosquito,5,Positive,review_548217777,Second time here! We love it!,This place is consistently awesome! Every single dish we’ve ordered has been tasty fresh and creative. The prices are great and the ambience quite cozy and grungy at the same time. Definitely recommend it. Especially their Thai fish cakes.,This place is consistently awesome! Every single dish we’ve ordered has been tasty fresh and creative. The prices are great and the ambience quite cozy and grungy at the same time. Definitely recommend it. Especially their Thai fish cakes.,"December 20, 2017",Barcelona_Catalonia,https://www.tripadvisor.com/Restaurant_Review-g187497-d1230332-Reviews-or70-Mosquito-Barcelona_Catalonia.html,UID_156190,"{'food': 'positive', 'price': 'positive', 'atmosphere': 'positive', 'thai fish cakes': 'positive'}"
137758,137759,Murivecchi,5,Positive,review_655844162,Small space but huge heart:-),"Excellent food from all around Napoli, the staff super friendly. Make sure to order the linguine nero di seppia.","Excellent food from all around Napoli, the staff super friendly. Make sure to order the linguine nero di seppia.","March 2, 2019",Barcelona_Catalonia,https://www.tripadvisor.com/Restaurant_Review-g187497-d1007477-Reviews-or30-Murivecchi-Barcelona_Catalonia.html,UID_102928,"{'food': 'positive', 'service': 'positive', 'linguine nero di seppia': 'neutral'}"
349185,349186,La_Cava_Universal,4,Positive,review_455978499,Brackfast ,We eat Brackfast for 3 days. Food was very good capuchino was great. Orang gusse excellent. But more is the service and staff are very nice and very kindly.  Recommended  restaurant,We eat Brackfast for 3 days. Food was very good capuchino was great. Orang gusse excellent. But more is the service and staff are very nice and very kindly.  Recommended  restaurant,"January 30, 2017",Barcelona_Catalonia,https://www.tripadvisor.com/Restaurant_Review-g187497-d3292870-Reviews-or40-La_Cava_Universal-Barcelona_Catalonia.html,UID_202351,"{'breakfast': 'positive', 'food': 'positive', 'cappuccino': 'positive', 'orange juice': 'positive', 'service': 'positive', 'staff': 'positive'}"
22616,22617,Restaurant_Montiel,5,Positive,review_571733956,Fabulous Dinner!,Our B/B landlord recommended this restaurant for a special evening of fine dining on traditional Catalan foods. We were not disappointed! Dinner was unique and every dish was superb.  Make this a 'splurge' night as it is on the more expensive end but well worth...,Our B/B landlord recommended this restaurant for a special evening of fine dining on traditional Catalan foods. We were not disappointed! Dinner was unique and every dish was superb. Make this a 'splurge' night as it is on the more expensive end but well worth it.,"April 7, 2018",Barcelona_Catalonia,https://www.tripadvisor.com/Restaurant_Review-g187497-d1205006-Reviews-or90-Restaurant_Montiel-Barcelona_Catalonia.html,UID_20669,"{'recommendation': 'positive', 'dining experience': 'positive', 'catalan food': 'positive', 'dinner': 'positive', 'dish': 'positive', 'price': 'negative'}"
178081,178082,MEXCLA_Tapas_y_Cocteleria_Mexicana,5,Positive,review_287869747,Phenomenal food...especially the hot sauce!!,This was our first trip to Barcelona...we have been here for almost a month and have eaten out at least once daily if not twice. Out of all the places we have eaten Mexcla is by far our absolute favorite!! We wish we would've found...,"This was our first trip to Barcelona...we have been here for almost a month and have eaten out at least once daily if not twice. Out of all the places we have eaten Mexcla is by far our absolute favorite!! We wish we would've found it sooner!! All of the dishes we have had here have been exceptional but our absolute favorite was the campechano tacos. The flavors in this restaurant are amazing… Especially the hot sauce. We asked if we could buy some to take back to the US with us! That's how good it was!! If you like spicy food, you must try this hot sauce! You will not be disappointed!!  I must also say that the staff was excellent as well. They were very kind and quite patient with our horrible attempt at speaking spanish!!! They even remembered us on subsequent visits.  Much love to Mexcla!!","July 11, 2015",Barcelona_Catalonia,https://www.tripadvisor.com/Restaurant_Review-g187497-d4419361-Reviews-or30-MEXCLA_Tapas_y_Cocteleria_Mexicana-Barcelona_Catalonia.html,UID_174,"{'mexcla': 'positive', 'dishes': 'positive', 'campechano tacos': 'positive', 'flavors': 'positive', 'hot sauce': 'positive', 'spicy food': 'positive', 'staff': 'positive', 'service': 'positive'}"
376310,376311,Pizza_Emporio,1,Negative,review_234722376,Sour waiters and worse food,"We waited for over 20 minutes for our order to be taken. The food arrived relatively quickly but the pizza was less than mediocre. The dishes where dirty. The waiter didn't return after giving us our order, I had to get up a number of...","We waited for over 20 minutes for our order to be taken. The food arrived relatively quickly but the pizza was less than mediocre. The dishes where dirty. The waiter didn't return after giving us our order, I had to get up a number of times and ask at the bar for service. We ordered coffee and waited over a hour for either the coffee or the waiter to arrive to no avail, we never got the coffee but we where charged for it on the bill. The waiters where sour and unfriendly. I wouldn't recommend this restaurant to anyone, there are plenty of far better and friendlier restaurants just a few shops down.","October 16, 2014",Barcelona_Catalonia,https://www.tripadvisor.com/Restaurant_Review-g187497-d3497967-Reviews-or90-Pizza_Emporio-Barcelona_Catalonia.html,UID_211263,"{'wait time': 'negative', 'pizza': 'negative', 'cleanliness': 'negative', 'service': 'negative', 'coffee': 'negative', 'price': 'negative', 'staff attitude': 'negative'}"
368353,368354,7_Portes,2,Negative,review_245001322,Insignificant,"I was not too impressed. Located in an old building which Could have been better kept inside. Furnished with old furniture as Well. Lacks a bit of style. Very traditional Spanish food. I am sure they do this part Well, but I was not too...","I was not too impressed. Located in an old building which Could have been better kept inside. Furnished with old furniture as Well. Lacks a bit of style. Very traditional Spanish food. I am sure they do this part Well, but I was not too impressed with the Arroz negre or paella. E.g. Only a few sausages and not very much sea food in the paella. The starters were not bad but Could have been more elegant.","December 18, 2014",Barcelona_Catalonia,https://www.tripadvisor.com/Restaurant_Review-g187497-d697396-Reviews-or1970-7_Portes-Barcelona_Catalonia.html,UID_208537,"{'location': 'negative', 'interior': 'negative', 'furniture': 'negative', 'style': 'negative', 'food': 'neutral', 'arroz negre': 'negative', 'paella': 'negative', 'starters': 'neutral'}"
419700,419701,Eixampeling_Brunch_Cafe_Bar,5,Positive,review_628686150,"Keep it simple, just try it!","Selected a local spot for brunch and absolutely delightful! Service was friendly and relaxed just what we wanted, lovely decor and the food was superb. A great, great spot for Brunch. The food presentation and menu were outstanding. The portions can be big, but a...","Selected a local spot for brunch and absolutely delightful! Service was friendly and relaxed just what we wanted, lovely decor and the food was superb. A great, great spot for Brunch.  The food presentation and menu were outstanding.  The portions can be big, but a great brunch that set us up for our day! Highly recommended! ","October 26, 2018",Barcelona_Catalonia,https://www.tripadvisor.com/Restaurant_Review-g187497-d12356083-Reviews-or420-Eixampeling_Brunch_Cafe_Bar-Barcelona_Catalonia.html,UID_69698,"{'service': 'positive', 'decor': 'positive', 'food': 'positive', 'menu': 'positive', 'portion size': 'positive'}"
331157,331158,Sabio_Infante,3,Negative,review_700618996,Ok place for a coffee/tea/snack,"The place is very original for it's decoration and style, and kid friendly. I went looking for a place to read, comforatbly sitting on a couch or cushioned seat, and have a tea. The accomodation wasn't extremely comfortable but it served its purpose. I'll go...","The place is very original for it's decoration and style, and kid friendly. I went looking for a place to read, comforatbly sitting on a couch or cushioned seat, and have a tea. The accomodation wasn't extremely comfortable but it served its purpose. I'll go again some day ","August 19, 2019",Barcelona_Catalonia,https://www.tripadvisor.com/Restaurant_Review-g187497-d12965859-Reviews-Sabio_Infante-Barcelona_Catalonia.html,UID_57414,"{'decoration': 'positive', 'kid-friendliness': 'positive', 'seating comfort': 'neutral', 'tea': 'neutral', 'return intent': 'positive'}"
165369,165370,Pla_Restaurant,5,Positive,review_330323061,a talented chef,"we had dinner there last week and were well impressed with the place. A courteous welcome, helpful staff, a wine waiter who knew his job, and above all a chef with the talent to produce fine quality dining. I look forward to my next visit....","we had dinner there last week and were well impressed with the place. A courteous welcome, helpful staff, a wine waiter who knew his job, and above all a chef with the talent to produce fine quality dining. I look forward to my next visit. Thanks La Pla.","December 2, 2015",Barcelona_Catalonia,https://www.tripadvisor.com/Restaurant_Review-g187497-d803281-Reviews-or270-Pla_Restaurant-Barcelona_Catalonia.html,UID_59431,"{'dinner': 'positive', 'place': 'positive', 'welcome': 'positive', 'staff': 'positive', 'wine service': 'positive', 'chef': 'positive', 'food quality': 'positive'}"
90270,90271,Obe_Restaurant,3,Negative,review_351335059,"Nice deco, friendly service, pasta just ok","Stumbled across this place and were totally hungry... can't complain about service or interior, but my dish just wasn't good... Had spaghetti with sea fruits (con marisco fresco). The cook doesn't know ""al dente"" and uses too much salt, the quid was a bit too...","Stumbled across this place and were totally hungry... can't complain about service or interior, but my dish just wasn't good... Had spaghetti with sea fruits (con marisco fresco). The cook doesn't know ""al dente"" and uses too much salt, the quid was a bit too tough and all but one Venus clams empty. The portion was definitely too small for 13,50€. Pity ","February 27, 2016",Barcelona_Catalonia,https://www.tripadvisor.com/Restaurant_Review-g187497-d2486758-Reviews-or50-Obe_Restaurant-Barcelona_Catalonia.html,UID_72636,"{'service': 'positive', 'interior': 'positive', 'food': 'negative', 'spaghetti': 'negative', 'seafood': 'negative', 'portion size': 'negative', 'price': 'negative'}"
93645,93646,Flax_Kale,5,Positive,review_284106436,The best food ever,"The food fits in perfectly to the new healthy living craze that has hit, catering to veggie's and fish lovers alike. It's unusual, specialist and the freshest and most Delicious food I have ever had. I cannot stress enough how good this place is. It's...","The food fits in perfectly to the new healthy living craze that has hit, catering to veggie's and fish lovers alike. It's unusual, specialist and the freshest and most Delicious food I have ever had. I cannot stress enough how good this place is. It's a little pricey, but you definitely get your money's worth.","June 30, 2015",Barcelona_Catalonia,https://www.tripadvisor.com/Restaurant_Review-g187497-d6996799-Reviews-or1890-Flax_Kale-Barcelona_Catalonia.html,UID_74932,"{'food': 'positive', 'healthiness': 'positive', 'variety': 'positive', 'freshness': 'positive', 'taste': 'positive', 'price': 'negative', 'value for money': 'positive'}"
350029,350030,IKI_BARCELONA,2,Negative,review_232819135,Good quality of dishes / Poor service,"I was having a lunch with my friend on Saturday 4th October in the restaurant. Positive Points: - Good quality of sashimi- Good environment- Good locationPoints to improve- Staff knot knowledgeable of the dishes on the menu, asking for help several...","I was having a lunch with my friend on Saturday 4th October in the restaurant.  Positive Points:  - Good quality of sashimi - Good environment - Good location Points to improve - Staff knot knowledgeable of the dishes on the menu, asking for help several times - Staff not knowing how to serve tea (temperature, quantity, type of water) - Staff not knowing the type of sake going well with the dishes - Several basic dishes on the menu were not available (miso soup, tuna – toro, etc.) - etc. Those who know Japanese cuisine and expect good services for the money spent should avoid this restaurant.","October 6, 2014",Barcelona_Catalonia,https://www.tripadvisor.com/Restaurant_Review-g187497-d2706664-Reviews-IKI_BARCELONA-Barcelona_Catalonia.html,UID_90028,"{'sashimi': 'positive', 'environment': 'positive', 'location': 'positive', 'staff knowledge': 'negative', 'tea service': 'negative', 'sake pairing': 'negative', 'menu availability': 'negative', 'value for money': 'negative', 'service': 'negative'}"
223383,223384,Can_Ramonet,3,Negative,review_214063195,Mixed feelings,"We had dinner twice in this restaurant. First time, it was excellent, very good tapas, fresh and tasty, good fish. Even not cheap, it was OK.The service is very friendly.When we came back, two days later, it was very diasppointing.Maybe because it...","We had dinner twice in this restaurant. First time, it was excellent, very good tapas, fresh and tasty, good fish. Even not cheap, it was OK. The service is very friendly. When we came back, two days later, it was very diasppointing. Maybe because it was earlier, nothing was good: the worse sangria, tapas not so fresh, seemed reheated, the steak not so good. Not a good value for money. I would not come back.","July 7, 2014",Barcelona_Catalonia,https://www.tripadvisor.com/Restaurant_Review-g187497-d697465-Reviews-or220-Can_Ramonet-Barcelona_Catalonia.html,UID_54862,"{'dinner': 'neutral', 'tapas': 'mixed', 'fish': 'positive', 'price': 'neutral', 'service': 'positive', 'sangria': 'negative', 'steak': 'negative', 'value for money': 'negative'}"
391564,391565,Restaurante_Ambos_Mundos,1,Negative,review_695232248,Disappointing and a rip off,"Food was average, over expensive and the waiters were very inattentive. We were told our meal cost £11.95 and then they charged us double and wouldn’t change it. Wouldn’t go back and would strongly advise avoiding this place.","Food was average, over expensive and the waiters were very inattentive. We were told our meal cost £11.95 and then they charged us double and wouldn’t change it. Wouldn’t go back and would strongly advise avoiding this place.","August 3, 2019",Barcelona_Catalonia,https://www.tripadvisor.com/Restaurant_Review-g187497-d997738-Reviews-or10-Restaurante_Ambos_Mundos-Barcelona_Catalonia.html,UID_36861,"{'food': 'neutral', 'price': 'negative', 'service': 'negative', 'honesty': 'negative', 'recommendation': 'negative'}"
287697,287698,Negro_rojo,5,Positive,review_214520438,One of the great Barcelona restaurants,"This place gets it right -- the food, the service, and the ambiance. Pretty much everything they serve is delicious. This was one of the few places I went to for dinner more than once when I was in Barcelona last December for three weeks.","This place gets it right -- the food, the service, and the ambiance. Pretty much everything they serve is delicious. This was one of the few places I went to for dinner more than once when I was in Barcelona last December for three weeks.","July 9, 2014",Barcelona_Catalonia,https://www.tripadvisor.com/Restaurant_Review-g187497-d3543210-Reviews-or100-Negro_rojo-Barcelona_Catalonia.html,UID_91030,"{'food': 'positive', 'service': 'positive', 'ambiance': 'positive'}"
197030,197031,Foxy_Bar,5,Positive,review_199690089,Best place in Barcelona for a drink,We found this place by accident and we loved it. It is a place to go back when we go back to Barcelona. Verry good drinks and verry friendly staff.,We found this place by accident and we loved it. It is a place to go back when we go back to Barcelona. Verry good drinks and verry friendly staff.,"April 2, 2014",Barcelona_Catalonia,https://www.tripadvisor.com/Restaurant_Review-g187497-d4060012-Reviews-or90-Foxy_Bar-Barcelona_Catalonia.html,UID_135987,"{'place': 'positive', 'drinks': 'positive', 'service': 'positive'}"
160134,160135,Botafumeiro,2,Negative,review_347660293,Super salty food ,"The seafood paella is super super salty!!! Having seen all those comments, I wonder why nobody has ever mentioned this ??? Do people just put up with it because this restaurant is well known??","The seafood paella is super super salty!!! Having seen all those comments, I wonder why nobody has ever mentioned this ??? Do people just put up with it because this restaurant is well known??","February 14, 2016",Barcelona_Catalonia,https://www.tripadvisor.com/Restaurant_Review-g187497-d697432-Reviews-or880-Botafumeiro-Barcelona_Catalonia.html,UID_116178,"{'seafood paella': 'negative', 'restaurant reputation': 'neutral'}"
355390,355391,Granier,4,Positive,review_681486544,Small prices for being near the Sagrada Familia,"Great coffee and snacks at a small price. Large choice between sandwiches, cakes, sweet and savory snacks. I had the mini calzone and it was lovely. Excellent for a small bite before or after visiting the Sagrada Familia","Great coffee and snacks at a small price. Large choice between sandwiches, cakes, sweet and savory snacks. I had the mini calzone and it was lovely. Excellent for a small bite before or after visiting the Sagrada Familia","June 14, 2019",Barcelona_Catalonia,https://www.tripadvisor.com/Restaurant_Review-g187497-d16704917-Reviews-Granier-Barcelona_Catalonia.html,UID_204361,"{'coffee': 'positive', 'snacks': 'positive', 'price': 'positive', 'choice': 'positive', 'sandwiches': 'neutral', 'cakes': 'neutral', 'sweet and savory snacks': 'neutral', 'mini calzone': 'positive', 'location': 'neutral'}"
98302,98303,Flax_Kale,3,Negative,review_420507877,Vegan cooked and raw options ,"Advertises as a flexatarian eatery . Ordered the spaghattini and taco entrees ... Both vegan. A bit oily , not very remarkable in the seasoning, but it satisfied the hunger.  I'd go with a raw option next time.  The interior is attractive, there are two...","Advertises as a flexatarian eatery . Ordered the spaghattini and taco entrees ... Both vegan. A bit oily , not very remarkable in the seasoning, but it satisfied the hunger. I'd go with a raw option next time. The interior is attractive, there are two levels and outside seating. In house juice and baked goods available. A few vegan baked goods offered. Had the chocolate cake after dinner. Bit pricey at 6 euro. Not remarkable, as far as taste. Took a muffin to go. Much more flavorful than the cake and it had a sweet surprise inside (chocolate chunks). Prices were on par with what I've seen in other cities, in the mid price range.","September 20, 2016",Barcelona_Catalonia,https://www.tripadvisor.com/Restaurant_Review-g187497-d6996799-Reviews-or1480-Flax_Kale-Barcelona_Catalonia.html,UID_78159,"{'food': 'neutral', 'spaghattini': 'neutral', 'taco': 'neutral', 'oiliness': 'negative', 'seasoning': 'negative', 'satisfaction': 'neutral', 'raw option': 'neutral', 'interior': 'positive', 'seating': 'positive', 'juice': 'neutral', 'baked goods': 'neutral', 'vegan options': 'positive', 'chocolate cake': 'neutral', 'price': 'neutral', 'muffin': 'positive'}"
271444,271445,La_Hacienda,3,Negative,review_132520034,Would get a better rating if service was a bit quicker,"We stumbled in here to get a quick drink, use the bathroom and watch some football.  We ended up sitting for 20 mins before anyone came to take an order.  We were on the verge of walking out but then were able to order.  The...","We stumbled in here to get a quick drink, use the bathroom and watch some football. We ended up sitting for 20 mins before anyone came to take an order. We were on the verge of walking out but then were able to order. The drinks came really fast and a few mins. after the food arrived. The portions were a little small but it was quite good so that gave a positive impression. Also the fact that they seem to have ESP and know what you are going to order and have it at the table at some unusual speed made up for the fact we waited so long. We did end up walking out with a positive impression of the place.","June 22, 2012",Barcelona_Catalonia,https://www.tripadvisor.com/Restaurant_Review-g187497-d1999404-Reviews-or150-La_Hacienda-Barcelona_Catalonia.html,UID_48466,"{'service': 'negative', 'wait time': 'negative', 'drinks': 'positive', 'food': 'positive', 'portion size': 'negative', 'speed of service': 'positive', 'atmosphere': 'positive'}"
402160,402161,Flax_Kale,5,Positive,review_476933695,Perfect :-),"Fantastic place, good food and atmosphere!  Great service, thanks waitress Rita! Greatings from Lithuania :)","Fantastic place, good food and atmosphere!  Great service, thanks waitress Rita! Greatings from Lithuania :)","April 18, 2017",Barcelona_Catalonia,https://www.tripadvisor.com/Restaurant_Review-g187497-d6996799-Reviews-or1230-Flax_Kale-Barcelona_Catalonia.html,UID_8059,"{'place': 'positive', 'food': 'positive', 'atmosphere': 'positive', 'service': 'positive'}"
333656,333657,L_Apatzem,5,Positive,review_580472696,Delicious food,While in Barcelona we had dinner here twice (we discovered it at the end of our trip). All the food was delicious and fresh. The spinach and cheese croquetes were amazing.,While in Barcelona we had dinner here twice (we discovered it at the end of our trip). All the food was delicious and fresh. The spinach and cheese croquetes were amazing.,"May 15, 2018",Barcelona_Catalonia,https://www.tripadvisor.com/Restaurant_Review-g187497-d4928130-Reviews-L_Apatzem-Barcelona_Catalonia.html,UID_196827,"{'food': 'positive', 'spinach and cheese croquetes': 'positive'}"
180983,180984,Orio_Gotic,4,Positive,review_326079360,Barcelona plain great,"Quick lunch. Excellent array of tapas to pick from,and even better when things come out of the kitchen hot and the waiter comes along suggesting it, dim sum like. Spanish dim sum.","Quick lunch. Excellent array of tapas to pick from,and even better when things come out of the kitchen hot and the waiter comes along suggesting it, dim sum like. Spanish dim sum.","November 11, 2015",Barcelona_Catalonia,https://www.tripadvisor.com/Restaurant_Review-g187497-d1482725-Reviews-or280-Orio_Gotic-Barcelona_Catalonia.html,UID_69403,"{'lunch': 'positive', 'tapas': 'positive', 'food temperature': 'positive', 'service': 'positive'}"
263602,263603,Taberna_Del_Cura,5,Positive,review_767498127,Amazing! We love it. Service,"Amazing! We love it. Service fantastic, food also amazing. The place is really beautiful, nice music, good vibe. I totally recomend it!!!","Amazing! We love it. Service fantastic, food also amazing. The place is really beautiful, nice music, good vibe. I totally recomend it!!!","August 28, 2020",Barcelona_Catalonia,https://www.tripadvisor.com/Restaurant_Review-g187497-d1799508-Reviews-Taberna_Del_Cura-Barcelona_Catalonia.html,UID_167580,"{'service': 'positive', 'food': 'positive', 'atmosphere': 'positive', 'music': 'positive', 'vibe': 'positive'}"
337645,337646,Restaurante_Salamanca,3,Negative,review_362255912,soso,"I would say that this is a pretty average seafood place. As we sat down, they put a plate of bread and sausages in front of us without saying a word; it didn't look very fresh, so we just decided not to touch it. The...","I would say that this is a pretty average seafood place. As we sat down, they put a plate of bread and sausages in front of us without saying a word; it didn't look very fresh, so we just decided not to touch it. The waiter was over friendly at the beginning, even let us have one paella to share, even though you had to order minimum two (ok, that was really nice). It tasted quite good. But the crema catalana was nothing special. But when we pointed out that we hadn't touched the bread after they charged it in the check, they started getting pretty bad-tempered. We still gave them a generous tip, so I don't understand the reason for their behaviour. And 20 € for a paella, well that's almost Swiss prices... All in all, wouldn't recommend this place because of their weird waiters and the overpriced, average food. If anyone knows of a truly recommendable paella restaurant in Barcelona, I would thank you :-)","April 7, 2016",Barcelona_Catalonia,https://www.tripadvisor.com/Restaurant_Review-g187497-d1007529-Reviews-or750-Restaurante_Salamanca-Barcelona_Catalonia.html,UID_198405,"{'seafood place': 'neutral', 'bread and sausages': 'negative', 'service': 'negative', 'paella': 'positive', 'crema catalana': 'neutral', 'price': 'negative', 'atmosphere': 'negative'}"
78363,78364,Nomm,3,Negative,review_642268042,Medium quality food,We found the restaurant thanks to trip advisor and ate yesterday. The staff is very very kind and gentle but the food is not very good. I ate in other thai restaurant and the variety of dishes and quality was much higher for the same...,"We found the restaurant thanks to trip advisor and ate yesterday. The staff is very very kind and gentle but the food is not very good. I ate in other thai restaurant and the variety of dishes and quality was much higher for the same price. We ended up paying 77,00 euris for three people but the dishes were not tasty. I personally will not go back there.","December 29, 2018",Barcelona_Catalonia,https://www.tripadvisor.com/Restaurant_Review-g187497-d11906510-Reviews-or20-Nomm-Barcelona_Catalonia.html,UID_64204,"{'staff': 'positive', 'food': 'negative', 'variety': 'negative', 'quality': 'negative', 'price': 'neutral', 'taste': 'negative'}"
129223,129224,Paco_Meralgo,5,Positive,review_636981692,Tapas!!!,Probably the best tapas restaurant in the city! Great variety of small delicious Tapas! Very friendly and attentive staff and very reasonable prices!,Probably the best tapas restaurant in the city! Great variety of small delicious Tapas! Very friendly and attentive staff and very reasonable prices!,"December 2, 2018",Barcelona_Catalonia,https://www.tripadvisor.com/Restaurant_Review-g187497-d945264-Reviews-or70-Paco_Meralgo-Barcelona_Catalonia.html,UID_57929,"{'tapas': 'positive', 'variety': 'positive', 'staff': 'positive', 'price': 'positive'}"
188230,188231,Pura_Brasa_Arenas,4,Positive,review_373125836,Quite a nice restaurant,"Good food and wine, friendly stuff, good location on Rambla Catalunya. Nice ambient. Decent restaurant with decent prices.","Good food and wine, friendly stuff, good location on Rambla Catalunya. Nice ambient. Decent restaurant with decent prices.","May 15, 2016",Barcelona_Catalonia,https://www.tripadvisor.com/Restaurant_Review-g187497-d2205075-Reviews-or560-Pura_Brasa_Arenas-Barcelona_Catalonia.html,UID_64113,"{'food': 'positive', 'wine': 'positive', 'service': 'positive', 'location': 'positive', 'atmosphere': 'positive', 'price': 'neutral'}"
6151,6152,Viana,5,Positive,review_440333467,Spanish Elegance ,I visited Viana on the last day of my stay in Barcelona. And I am so glad that I did!I went for a late Sunday afternoon lunch intentionally to avoid the crowd and waiting. The restaurant is small and can seat about 30 people....,"I visited Viana on the last day of my stay in Barcelona. And I am so glad that I did! I went for a late Sunday afternoon lunch intentionally to avoid the crowd and waiting. The restaurant is small and can seat about 30 people. The waiter were friendlier even by the Spanish standards. (Perfectly Bilingual). The most important part- food was mouth wateringly delicious. I had a tenderly cooked chicken with a portion of wedges and peppers, and a tangy sauce. I also asked for the bravas which was definitely unique because of its sauces and a mixture of different kinds of potatoes (suiting its name).  A complementary appetizer and a dessert liquid made it a wholesome experience. The bill was under 20, to my utter surprise!  Maybe if I had to be too critical the only one would be that you will struggle a bit if you were a vegetarian! But otherwise a perfect experience for a celebratory dinner meal. ","November 27, 2016",Barcelona_Catalonia,https://www.tripadvisor.com/Restaurant_Review-g187497-d8531409-Reviews-or1540-Viana-Barcelona_Catalonia.html,UID_5872,"{'restaurant size': 'neutral', 'service': 'positive', 'food': 'positive', 'chicken': 'positive', 'bravas': 'positive', 'appetizer': 'positive', 'dessert': 'positive', 'price': 'positive', 'vegetarian options': 'negative', 'experience': 'positive'}"
236659,236660,Parellada,4,Positive,review_327492143,Last night in Barcelona,This was our last night in Barcelona. We headed to old town to hopefully get some seafood. The restaurant is connected to a hotel and has a very nice ambience. We enjoyed the food although my lamb was a better choice than my husband's fish....,This was our last night in Barcelona. We headed to old town to hopefully get some seafood. The restaurant is connected to a hotel and has a very nice ambience. We enjoyed the food although my lamb was a better choice than my husband's fish. Service was good although our waiter needed help to explain anything in English. I speak German and my husband speaks French...but our lack of Spanish made it difficult (or Catalan). Having said that...it is tough to get a bad meal in Barcelona.,"November 17, 2015",Barcelona_Catalonia,https://www.tripadvisor.com/Restaurant_Review-g187497-d717406-Reviews-or260-Parellada-Barcelona_Catalonia.html,UID_155279,"{'seafood': 'neutral', 'ambience': 'positive', 'food': 'positive', 'lamb': 'positive', 'fish': 'neutral', 'service': 'positive', 'language barrier': 'negative'}"
352022,352023,Rajah,5,Positive,review_186940420,"Excellent food, Went about 5 times to this place","Make sure you get the Lamb Biryani and ask them to make it Pakistani spicy.Make sure to get the Raita (yogurt) as well, you will need it with the insane spice in the biryaniEverything else we tried such as tandoori chicken, Karhai ghost,...","Make sure you get the Lamb Biryani and ask them to make it Pakistani spicy. Make sure to get the Raita (yogurt) as well, you will need it with the insane spice in the biryani Everything else we tried such as tandoori chicken, Karhai ghost, Chicken Karhai were all very good. Some waiter were some were nice, with any restaurant.  I felt it was a little pricy, but not too much considering I went back 5 times. Get the Lamb Biryani !!","December 6, 2013",Barcelona_Catalonia,https://www.tripadvisor.com/Restaurant_Review-g187497-d2348489-Reviews-or40-Rajah-Barcelona_Catalonia.html,UID_203274,"{'lamb biryani': 'positive', 'spice': 'positive', 'raita': 'positive', 'tandoori chicken': 'positive', 'karhai ghost': 'positive', 'chicken karhai': 'positive', 'service': 'neutral', 'price': 'negative'}"
268619,268620,Dr_Zhang,5,Positive,review_596122118,Best dumplings & green curry in the city!!!,"This restaurant is pretty new located close to my place. For weeks I saw it full in the evenings, so one night I went with some friends and we just loved it. The dumplings are amazing, doesn’t matter if steamed ones or fried, you will...","This restaurant is pretty new located close to my place. For weeks I saw it full in the evenings, so one night I went with some friends and we just loved it. The dumplings are amazing, doesn’t matter if steamed ones or fried, you will love all of them. My favourite ones are the duck ones and the shrimps one with curry. The green curry is delicious and the dumplings salat, too. We liked it so much that we repeated on the same week and we bought to take away another day. It’s true that it’s pretty hot inside since it is a small place and the kitchen it’s at the entrance of the restaurant, but the staff is very friendly and the cook takes care of all the details. It won’t disappoint you! ","July 14, 2018",Barcelona_Catalonia,https://www.tripadvisor.com/Restaurant_Review-g187497-d13834622-Reviews-Dr_Zhang-Barcelona_Catalonia.html,UID_41903,"{'location': 'positive', 'popularity': 'positive', 'dumplings': 'positive', 'duck dumplings': 'positive', 'shrimp dumplings': 'positive', 'green curry': 'positive', 'salad': 'positive', 'repeat visit': 'positive', 'takeaway': 'positive', 'atmosphere': 'negative', 'service': 'positive', 'attention to detail': 'positive'}"
331215,331216,Restaurante_Santa_Maria_del_Mar,1,Negative,review_182254336,Utterly disappointed!!!,"My wife and I went to this place and we're utterly disappointed. The worst food and service on our entire three week trip, by a long shot! The waiter sat us down, then it took nearly 15 minutes to get a menu. After that, it...","My wife and I went to this place and we're utterly disappointed. The worst food and service on our entire three week trip, by a long shot! The waiter sat us down, then it took nearly 15 minutes to get a menu. After that, it took another 15 minutes to order. We should have walked out then, but decided to stick it out. My wife's salad had tomatoes that we so not ripe, that they were green! And the cured meats were dry, rubbery, and fatty, as if it was left over from the day before. Then when her Manchego cheese dish came, it was totally wrong and meat on it, no cheese. I finally flagged the waiter down and he changed it, but he basically left everything that was on it there, then put some super dry cheap Manchego on it. It was not edible. I waited nearly 30 minutes before my steak came, and I told the waitress that brought it, that it was very late for the meal. She just looked at me and walked away. By that time, I lost my appetite, but was going to eat it anyways. When I bit into it, it was chewy and dried out meat. The local at the table next to me had the same dish and complained as well. The worst part was the female waitress though! When I called her over to complain about it, she gave me the worst look and she got upset with me! That made me upset, so I told her that I didn't want it and it was not cooked right and I didn't want to pay for it. She basically grabbed my dish, then brought the bill over and basically threw it at me. I never complain about restaurants, as you can see by my past posts, but this place needs to be written up. If she handled the situation differently, I would have been ok with just the bad food, but this truly goes down as one very bad experience.","October 24, 2013",Barcelona_Catalonia,https://www.tripadvisor.com/Restaurant_Review-g187497-d3878566-Reviews-or150-Restaurante_Santa_Maria_del_Mar-Barcelona_Catalonia.html,UID_48456,"{'food': 'negative', 'service': 'negative', 'wait time': 'negative', 'salad': 'negative', 'cured meats': 'negative', 'manchego cheese dish': 'negative', 'steak': 'negative', 'waitress': 'negative'}"
387796,387797,Alta_Galicia,2,Negative,review_517477947,Horrible and overly priced.,Worst place in Spain. Our croquetts arrived cold. We send them back. No apologies from them. We felt like we were imposing. Next our fries arrived 10 min before main course. Fries were half cooked. Then main course arrived. The 3 euro hotdog was under...,Worst place in Spain. Our croquetts arrived cold. We send them back. No apologies from them. We felt like we were imposing. Next our fries arrived 10 min before main course. Fries were half cooked. Then main course arrived. The 3 euro hotdog was under cooked. A plain hotdog. The burger's meat was red. The steak was 1 tenth of picture. A totsl waste of my money. After i paid stop futher up for dessert since we were hungry. A 2 on 5 is generous.,"August 25, 2017",Barcelona_Catalonia,https://www.tripadvisor.com/Restaurant_Review-g187497-d4283628-Reviews-Alta_Galicia-Barcelona_Catalonia.html,UID_50243,"{'place': 'negative', 'croquetts': 'negative', 'service': 'negative', 'fries': 'negative', 'timing': 'negative', 'hotdog': 'negative', 'burger': 'negative', 'steak': 'negative', 'price': 'negative', 'dessert': 'neutral'}"
348041,348042,Yango_Urban_Food,3,Negative,review_317560430,Didn't love it,"Good concept but didn't love their food, I expected a lot more considering who's the chef behind the idea. I may try something different next time or I may pass, not sure...","Good concept but didn't love their food, I expected a lot more considering who's the chef behind the idea. I may try something different next time or I may pass, not sure...","October 10, 2015",Barcelona_Catalonia,https://www.tripadvisor.com/Restaurant_Review-g187497-d7742568-Reviews-Yango_Urban_Food-Barcelona_Catalonia.html,UID_106966,"{'concept': 'positive', 'food': 'negative', 'chef': 'neutral', 'variety': 'neutral'}"
35114,35115,Sato_I_Tanaka,5,Positive,review_598454530,Maz ,One of the best sushi restaurants in Barcelona. Every piece is prepared with attention to details so it can melts in your mouth! Sato I Tanaka has a unique menu prepared by two Japanese chefs. I want to say thank you very much for delicious...,One of the best sushi restaurants in Barcelona. Every piece is prepared with attention to details so it can melts in your mouth! Sato I Tanaka has a unique menu prepared by two Japanese chefs. I want to say thank you very much for delicious food and outstanding service. We will definitely come back! ,"July 22, 2018",Barcelona_Catalonia,https://www.tripadvisor.com/Restaurant_Review-g187497-d13189781-Reviews-or10-Sato_I_Tanaka-Barcelona_Catalonia.html,UID_31021,"{'sushi': 'positive', 'attention to detail': 'positive', 'menu': 'positive', 'food': 'positive', 'service': 'positive', 'return visit': 'positive'}"
14730,14731,Guru_Food_Cocktails,5,Positive,review_577424414,Early evening meal,"Went with the reviews on line. Predominantly goodGood on line very easilyThe de or is lovely and the people were tooThey helped us with our selection, added an additional table so the meal could be accessed easily.Not rushed. Food was lovely...","Went with the reviews on line. Predominantly good Good on line very easily The de or is lovely and the people were too They helped us with our selection, added an additional table so the meal could be accessed easily. Not rushed.  Food was lovely Nachos Patatad bravado Goat cheese salad  Garlic bread All very nice Cocktail Raspberry Mojito x 2 Lovely Couldn't fault it at all ","May 2, 2018",Barcelona_Catalonia,https://www.tripadvisor.com/Restaurant_Review-g187497-d3677956-Reviews-or40-Guru_Food_Cocktails-Barcelona_Catalonia.html,UID_13727,"{'reviews': 'positive', 'online experience': 'positive', 'decor': 'positive', 'staff': 'positive', 'service': 'positive', 'food': 'positive', 'nachos': 'positive', 'patatas bravas': 'positive', 'goat cheese salad': 'positive', 'garlic bread': 'positive', 'cocktails': 'positive', 'raspberry mojito': 'positive'}"
125300,125301,Art_i_sa,4,Positive,review_359008242,Just loved it. ,Made a pit stop here. Was divine. Churos. Hot chocolate. Sandwiches. You name it. We loved it. Will surely be back to try the rest. Grazia Artisa.,Made a pit stop here. Was divine. Churos. Hot chocolate. Sandwiches. You name it. We loved it. Will surely be back to try the rest. Grazia Artisa. ,"March 27, 2016",Barcelona_Catalonia,https://www.tripadvisor.com/Restaurant_Review-g187497-d2386996-Reviews-or360-Art_i_sa-Barcelona_Catalonia.html,UID_49018,"{'churos': 'positive', 'hot chocolate': 'positive', 'sandwiches': 'positive', 'overall experience': 'positive'}"
258937,258938,Pez_Vela_Chiringuito,2,Negative,review_621921187,"Disappointing Service, but with a great view","The Paella was good, but the service was lousy.  We had to remind our waiter three times to get our drinks.  Somewhere between the delivery of our drinks and our food, our waiter completely disappeared.  We never saw him again.  We had to flag down...","The Paella was good, but the service was lousy. We had to remind our waiter three times to get our drinks. Somewhere between the delivery of our drinks and our food, our waiter completely disappeared. We never saw him again. We had to flag down a manager to get our food, and then another waiter to get our bill. I spoke to the Manager who stated that tis was a typical night. Yikes! Best part about the meal was the great view of the beach and Mediterranean.","October 3, 2018",Barcelona_Catalonia,https://www.tripadvisor.com/Restaurant_Review-g187497-d2299241-Reviews-or70-Pez_Vela_Chiringuito-Barcelona_Catalonia.html,UID_165515,"{'paella': 'positive', 'service': 'negative', 'drinks': 'negative', 'food delivery': 'negative', 'billing': 'negative', 'manager': 'negative', 'view': 'positive'}"
317269,317270,Tablao_Cordobes,2,Negative,review_446603565,"See the show, skip the dinner","Save yourself some money and eat elsewhere,  food is terrible here and not worth the extra price. Sad buffet, rushed service to make space for the next batch of tourists, kitch decoration, all in one - overly priced. Go see the show only, you will...","Save yourself some money and eat elsewhere, food is terrible here and not worth the extra price. Sad buffet, rushed service to make space for the next batch of tourists, kitch decoration, all in one - overly priced. Go see the show only, you will not be disappointed.","December 25, 2016",Barcelona_Catalonia,https://www.tripadvisor.com/Restaurant_Review-g187497-d1385092-Reviews-or70-Tablao_Cordobes-Barcelona_Catalonia.html,UID_56894,"{'price': 'negative', 'food': 'negative', 'service': 'negative', 'atmosphere': 'negative', 'show': 'positive'}"
9298,9299,Ziryab_Fusion_Tapas_Bar,5,Positive,review_307559501,Tapas At It's Best,"Prawns on a skewer, the six sauce sampling appetizer and the marinated pork loin tapas....heaven on plates! Oh so tasty! Add the Catalunya Ca N'Estruc house red wine and your meal is complete! The atmosphere is rustic and quaint...translate...romantic!  This place is a winner with...","Prawns on a skewer, the six sauce sampling appetizer and the marinated pork loin tapas....heaven on plates! Oh so tasty! Add the Catalunya Ca N'Estruc house red wine and your meal is complete! The atmosphere is rustic and quaint...translate...romantic! This place is a winner with lovely staff. Excellent tapas at a great price!","September 6, 2015",Barcelona_Catalonia,https://www.tripadvisor.com/Restaurant_Review-g187497-d7302930-Reviews-or620-Ziryab_Fusion_Tapas_Bar-Barcelona_Catalonia.html,UID_8796,"{'prawns': 'positive', 'appetizer': 'positive', 'pork loin tapas': 'positive', 'wine': 'positive', 'atmosphere': 'positive', 'service': 'positive', 'tapas': 'positive', 'price': 'positive'}"
195679,195680,Bar_del_Pla,3,Negative,review_161502522,Pick another tapas bar,"This tapas bar was recommended by a Spanish friend.  However, compared with other local tapas bars, as well as our taste buds, these tapas are just fair.  You won't go wrong eating here, but I would recommend going elsewhere.","This tapas bar was recommended by a Spanish friend.  However, compared with other local tapas bars, as well as our taste buds, these tapas are just fair.  You won't go wrong eating here, but I would recommend going elsewhere.","May 22, 2013",Barcelona_Catalonia,https://www.tripadvisor.com/Restaurant_Review-g187497-d1911643-Reviews-or760-Bar_del_Pla-Barcelona_Catalonia.html,UID_135266,"{'tapas': 'neutral', 'recommendation': 'negative'}"
335672,335673,Les_Quinze_Nits,4,Positive,review_423612984,Located in the popular Plaza Real and good inexpensive foor,This restaurant is located and and end of the popular and busy Plaza Real and is one of many restaurants in this square. the restaurant is very busy and we had to wait for a table outside for a few minutes but it was worth...,"This restaurant is located and and end of the popular and busy Plaza Real and is one of many restaurants in this square. the restaurant is very busy and we had to wait for a table outside for a few minutes but it was worth the wait - thie is a good place for people watching as you eat your meal. The food was good, generous portions and inexpensive and whilst the restaurant was full service was attentive and friendly. Overall a good experience.","September 29, 2016",Barcelona_Catalonia,https://www.tripadvisor.com/Restaurant_Review-g187497-d717319-Reviews-or680-Les_Quinze_Nits-Barcelona_Catalonia.html,UID_284,"{'location': 'positive', 'wait time': 'positive', 'atmosphere': 'positive', 'food': 'positive', 'portion size': 'positive', 'price': 'positive', 'service': 'positive'}"
364029,364030,Taller_de_Tapas_Rambla_Catalunya,3,Negative,review_140129064,Nice on the Ramblas average tapas,Ther restaurant is directly on the Ramblas. It's a quiet place in the crowded Barcelona. The restaurant is modern and comfortable. The waiter was really kind and smiling. Tapas were not bad but nothing special. If you are walking on the Ramblas and you want...,Ther restaurant is directly on the Ramblas. It's a quiet place in the crowded Barcelona. The restaurant is modern and comfortable. The waiter was really kind and smiling. Tapas were not bad but nothing special. If you are walking on the Ramblas and you want to relax you can stop here to have a quick lunch but if you are lloking for a nice Tapas restaurant for sure you can find something better in Barcelona.,"September 12, 2012",Barcelona_Catalonia,https://www.tripadvisor.com/Restaurant_Review-g187497-d814881-Reviews-or1440-Taller_de_Tapas_Rambla_Catalunya-Barcelona_Catalonia.html,UID_99371,"{'location': 'positive', 'atmosphere': 'positive', 'service': 'positive', 'tapas': 'neutral', 'restaurant quality': 'neutral'}"
100996,100997,La_Pepita,5,Positive,review_177977765,Oral pleasure!,"This place is cool, chic, modern, groovy and a fantastic find.It's intimate and because its so so good, expect it to be busy. It's a great vibe though! We hadn't booked but were greeted nicely on entry, asked if we would like to wait...","This place is cool, chic, modern, groovy and a fantastic find. It's intimate and because its so so good, expect it to be busy. It's a great vibe though! We hadn't booked but were greeted nicely on entry, asked if we would like to wait 1/2 an hour and enjoy a drink at the bar and we are so glad we did. We were seated at the bar after about 10 mins and we ordered around 5 mins later and food started coming out 5 - 10 mins after that. Very organized and attentive service. It's not cheap, it's not expensive, you do pay pay for the superb quality but the servings are generous. The flavours were outstanding. The food has a modern and sometimes unique twist. Every dish we ordered was simply amazing and we love good food. We had the beef skewer which had very lean succulent meat, the duck Caesar salad and the fried egg with the ham and chips ( homemade lightly fried crisps and delicious Iberian ham) and the chicken croquettes. Now for a lighter, feeling content stomach we could have stopped here, but as the food was so tasty and it was our last night we ordered another two glasses of Chardonnay, the aubergine fritters with apple, goats cheese and honey and the Mc Pepita which is their take on a tapas style burger which we shared and highly recommend.... I'd eat these all day long! Two of us, 6 dishes and two glasses of Chardonnay for just over 50 euro. We would happily go earlier and spend a 100 and try more but we simply didn't have time. This topped any Tapas styled food we found in Barcelona and we found two other amazing places whilst we were exploring.","September 20, 2013",Barcelona_Catalonia,https://www.tripadvisor.com/Restaurant_Review-g187497-d2151085-Reviews-or1180-La_Pepita-Barcelona_Catalonia.html,UID_80028,"{'atmosphere': 'positive', 'wait time': 'positive', 'service': 'positive', 'price': 'neutral', 'food': 'positive', 'beef skewer': 'positive', 'duck caesar salad': 'positive', 'fried egg with ham and chips': 'positive', 'chicken croquettes': 'positive', 'aubergine fritters': 'positive', 'mc pepita': 'positive', 'chardonnay': 'positive'}"
44824,44825,The_Sopa_Boba,4,Positive,review_521736957,Dinner,Nice staff with excellent food.   Limited menu but plenty of wines to choose from.   Would go back again.,Nice staff with excellent food.   Limited menu but plenty of wines to choose from.   Would go back again.,"September 6, 2017",Barcelona_Catalonia,https://www.tripadvisor.com/Restaurant_Review-g187497-d7724305-Reviews-or140-The_Sopa_Boba-Barcelona_Catalonia.html,UID_39001,"{'staff': 'positive', 'food': 'positive', 'menu': 'negative', 'wine selection': 'positive'}"
228841,228842,Restaurante_Barceloneta,4,Positive,review_524150488,Great dinner and nice service,We wemt with some colleagues and it was great. You xan always ear a fantastic seafood paella with great service.Very recommended.  Specially for business dinners,We wemt with some colleagues and it was great. You xan always ear a fantastic seafood paella with great service.Very recommended.  Specially for business dinners,"September 13, 2017",Barcelona_Catalonia,https://www.tripadvisor.com/Restaurant_Review-g187497-d4972660-Reviews-or190-Restaurante_Barceloneta-Barcelona_Catalonia.html,UID_30095,"{'colleagues': 'positive', 'seafood paella': 'positive', 'service': 'positive', 'business dinners': 'positive'}"
182299,182300,Pura_Brasa_Arenas,2,Negative,review_174326481,Un-organised and unfriendly,Had to constantly move the table about so they could squeeze more tables in then you don't get what you ordered.,Had to constantly move the table about so they could squeeze more tables in then you don't get what you ordered.,"August 27, 2013",Barcelona_Catalonia,https://www.tripadvisor.com/Restaurant_Review-g187497-d2205075-Reviews-or840-Pura_Brasa_Arenas-Barcelona_Catalonia.html,UID_2494,"{'table arrangement': 'negative', 'order accuracy': 'negative'}"
365279,365280,Cinco_Jotas_Rambla,2,Negative,review_735656852,Price Quality ratio is one of the worst,The food is quite ok but the service....You can get the same quality food for much less money. They think the brand alone is enough.Never again,The food is quite ok but the service....You can get the same quality food for much less money. They think the brand alone is enough.Never again,"December 30, 2019",Barcelona_Catalonia,https://www.tripadvisor.com/Restaurant_Review-g187497-d997970-Reviews-Cinco_Jotas_Rambla-Barcelona_Catalonia.html,UID_207337,"{'food': 'neutral', 'service': 'negative', 'price': 'negative', 'brand': 'negative'}"
303887,303888,Indochine,1,Negative,review_244735959,The worst vietnamese food which I tried,"Overprised, we paid more than 50 euros for 2 main dishes and one starter, and it wasn't even tasty (portions were tiny btw). We didnt enjoy the servise too. I would really not recommend to go there, for us it was surprising dissapointment, I'm pretty...","Overprised, we paid more than 50 euros for 2 main dishes and one starter, and it wasn't even tasty (portions were tiny btw). We didnt enjoy the servise too. I would really not recommend to go there, for us it was surprising dissapointment, I'm pretty sure that for that prise you would be easily find something much better than this place.","December 16, 2014",Barcelona_Catalonia,https://www.tripadvisor.com/Restaurant_Review-g187497-d816043-Reviews-or20-Indochine-Barcelona_Catalonia.html,UID_185052,"{'price': 'negative', 'food': 'negative', 'portion size': 'negative', 'service': 'negative', 'recommendation': 'negative'}"
218421,218422,Yashima,2,Negative,review_252666912,Very poor,Went to yashimaVery disappointed in the food Place is tired needs to revamp as there are new japanese restaurants far superior to this in the city,Went to yashima Very disappointed in the food  Place is tired needs to revamp as there are new japanese restaurants far superior to this in the city,"February 4, 2015",Barcelona_Catalonia,https://www.tripadvisor.com/Restaurant_Review-g187497-d950235-Reviews-or30-Yashima-Barcelona_Catalonia.html,UID_4528,"{'food': 'negative', 'atmosphere': 'negative', 'competition': 'positive'}"
28116,28117,Arcano,5,Positive,review_364425830,Arcano Restaurant in Barcelona,Excellent food and atmosphere!  Restaurant is located in the Gothic Quarter and please make a reservation as it is required to ensure you will get a table.,Excellent food and atmosphere!  Restaurant is located in the Gothic Quarter and please make a reservation as it is required to ensure you will get a table.,"April 15, 2016",Barcelona_Catalonia,https://www.tripadvisor.com/Restaurant_Review-g187497-d986234-Reviews-or940-Arcano-Barcelona_Catalonia.html,UID_25362,"{'food': 'positive', 'atmosphere': 'positive', 'location': 'neutral', 'reservation': 'neutral'}"
337907,337908,Restaurante_Salamanca,4,Positive,review_363201277,Very Good!!,"Quite nice seafood place, lots of options in a very charming location in front of the beach, amounts of food in each dish are huge, so order carefully","Quite nice seafood place, lots of options in a very charming location in front of the beach, amounts of food in each dish are huge, so order carefully","April 10, 2016",Barcelona_Catalonia,https://www.tripadvisor.com/Restaurant_Review-g187497-d1007529-Reviews-or740-Restaurante_Salamanca-Barcelona_Catalonia.html,UID_198500,"{'seafood': 'positive', 'options': 'positive', 'location': 'positive', 'portion size': 'positive'}"
119180,119181,Teresa_Carles,5,Positive,review_209168529,One of the finest restaurant,"Great place Also for carnovors. The experience as a whole is elevating, and the prices are very moderate","Great place Also for carnovors. The experience as a whole is elevating, and the prices are very moderate","June 6, 2014",Barcelona_Catalonia,https://www.tripadvisor.com/Restaurant_Review-g187497-d2075668-Reviews-or1640-Teresa_Carles-Barcelona_Catalonia.html,UID_91581,"{'place': 'positive', 'experience': 'positive', 'price': 'positive'}"
408795,408796,Guell_Tapas,5,Positive,review_633268571,Great seafood and paella,"Excellent food at a very reasonable price, friendly staff and great location of this place made our dinner a great experience.","Excellent food at a very reasonable price, friendly staff and great location of this place made our dinner a great experience.","November 13, 2018",Barcelona_Catalonia,https://www.tripadvisor.com/Restaurant_Review-g187497-d3601243-Reviews-or160-Guell_Tapas-Barcelona_Catalonia.html,UID_223500,"{'food': 'positive', 'price': 'positive', 'service': 'positive', 'location': 'positive'}"
201424,201425,Salsalada,4,Positive,review_669860891,Great paella,"Great spot for sea food, paella was really good. If you’re looking for seafood worth a stop but pizza wasn't great! Service was good!","Great spot for sea food, paella was really good. If you’re looking for seafood worth a stop but pizza wasn't great! Service was good!","April 28, 2019",Barcelona_Catalonia,https://www.tripadvisor.com/Restaurant_Review-g187497-d14056676-Reviews-or210-Salsalada-Barcelona_Catalonia.html,UID_4833,"{'sea food': 'positive', 'paella': 'positive', 'pizza': 'negative', 'service': 'positive'}"
179996,179997,Santagustina,5,Positive,review_525967220,Superb experience,"We were enjoying a couple of days in Barcelona prior to attending a conference and found this charming little restaurant by accident.The few outside tables were already taken as were most the those inside but, being just two of us, we were found a...","We were enjoying a couple of days in Barcelona prior to attending a conference and found this charming little restaurant by accident. The few outside tables were already taken as were most the those inside but, being just two of us, we were found a quiet table in the bar area. It would appear that we were lucky as during our visit umpteen groups of all sizes were apologetically declined service as the place was at capacity - 2 couples ate at the bar using stools such was the demand. Whilst some of those eating (or being turned away) were likely first time visitors, it seemed that a number of them were also were locals and/or return visitors which perhaps suggests something. Our own lack of experience of eating out in Spain means that there was some slight puzzlement in terms of what we should order and when it would arrive but that aside we found the meal to be truly superb. The meal, ambience, and setting were all memorable BUT were bested by the staff/owners. I have never seen a team continuously work so hard to attend to the needs of their clientele. Only once was my glass left empty for more than a minute before being refilled with another beer. Whilst other staff were obviously on site, there were three young male staff that seemed to not stop all evening. As I stated to one - if they are not the owners, they should be. Overall a truly great experience.","September 20, 2017",Barcelona_Catalonia,https://www.tripadvisor.com/Restaurant_Review-g187497-d8026826-Reviews-or120-Santagustina-Barcelona_Catalonia.html,UID_61564,"{'location': 'positive', 'restaurant atmosphere': 'positive', 'service': 'positive', 'food': 'positive', 'wait time': 'neutral', 'staff': 'positive'}"
42431,42432,Sensi_Tapas,2,Negative,review_134265627,Disappointing,I'm wondering if they were just having an off night when we were there (on a Sunday) as the food was bland and the paella in particular was very poor. Ambience and service was okay but then we were asked to move tables towards the...,"I'm wondering if they were just having an off night when we were there (on a Sunday) as the food was bland and the paella in particular was very poor. Ambience and service was okay but then we were asked to move tables towards the end of the meal so they could accomodate more people in the restaurant. It felt a bit like a busy MacDonalds where people swoop on a table as soon as the previous occupant gets up, except it was the staff doing the swooping. There are a lot of other better reviews so perhaps we were unlucky, but in my experience I wouldn't bother with this place. Barca has plenty of choice!","July 13, 2012",Barcelona_Catalonia,https://www.tripadvisor.com/Restaurant_Review-g187497-d1099420-Reviews-or1160-Sensi_Tapas-Barcelona_Catalonia.html,UID_37092,"{'food': 'negative', 'paella': 'negative', 'ambience': 'neutral', 'service': 'neutral', 'seating arrangement': 'negative'}"
378302,378303,Palo_Santo,5,Positive,review_242972131,excellent restaurant,Food absolutely excellent and local typical - service excellent especially the waitress was very kind and very explanative - she advised us a special food  of Barcelone which was excelent . The place also is very well decorated and the atmosphere very friendly. We recomment...,Food absolutely excellent and local typical - service excellent especially the waitress was very kind and very explanative - she advised us a special food of Barcelone which was excelent . The place also is very well decorated and the atmosphere very friendly. We recomment warmly.,"December 4, 2014",Barcelona_Catalonia,https://www.tripadvisor.com/Restaurant_Review-g187497-d7021650-Reviews-or140-Palo_Santo-Barcelona_Catalonia.html,UID_211901,"{'food': 'positive', 'service': 'positive', 'waitress': 'positive', 'atmosphere': 'positive', 'decoration': 'positive'}"
160554,160555,Setze_Restaurant,5,Positive,review_377396969,Impressive,"Easily one of the best restaurants in Barcelona. It is located in a quiet street just barely 2-3 minutes walk from Les Corts metro station. The place has a nice ambiance, the staff is very friendly, and best of all, the food is delicious. The...","Easily one of the best restaurants in Barcelona. It is located in a quiet street just barely 2-3 minutes walk from Les Corts metro station. The place has a nice ambiance, the staff is very friendly, and best of all, the food is delicious. The Beef Medallion was such a dream. Me and my wife loves it! We will come back whenever we visit Barcelona.","May 28, 2016",Barcelona_Catalonia,https://www.tripadvisor.com/Restaurant_Review-g187497-d7002305-Reviews-or10-Setze_Restaurant-Barcelona_Catalonia.html,UID_17685,"{'restaurant': 'positive', 'location': 'positive', 'atmosphere': 'positive', 'service': 'positive', 'food': 'positive', 'beef medallion': 'positive'}"
313112,313113,La_Catalana_II,1,Negative,review_621143691,Tourists Trap! Waste of money.,"We went there last Friday without looking up any reviews, we passed by and it looked nice. However it was a mistake. The service wasn’t good, first a part of the food we ordered came within 2 minutes - it seemed they have it ready...","We went there last Friday without looking up any reviews, we passed by and it looked nice. However it was a mistake. The service wasn’t good, first a part of the food we ordered came within 2 minutes - it seemed they have it ready behind the counter or just heated it quickly up. The other part of food came to our table 15 minutes later after we’ve asked twice for it and had eaten up everything else. The Serrano ham was more fat than ham and in the end we found out we had to pay 15% on top because we eat here. Where else would we eat? It was definetly not a take away. Very disappointing. Way overpriced and no good food - we paid 35€ for patatas bravas, serrano ham, tomato bread and croquettes. We drank water only. Don’t go here it’s a classic tourist trap!","October 1, 2018",Barcelona_Catalonia,https://www.tripadvisor.com/Restaurant_Review-g187497-d2339415-Reviews-La_Catalana_II-Barcelona_Catalonia.html,UID_74690,"{'atmosphere': 'positive', 'service': 'negative', 'food': 'negative', 'wait time': 'negative', 'ham': 'negative', 'price': 'negative'}"
131531,131532,La_Flauta,3,Negative,review_433472046,"Good food, but....","Terrible service. When you enter it may be a que, but there is no information telling you that you have to sign up on a list. When we got our table it seems like the waiter is rushing to get our orders as soon as...","Terrible service. When you enter it may be a que, but there is no information telling you that you have to sign up on a list. When we got our table it seems like the waiter is rushing to get our orders as soon as possible to get a high turnover. All the employees seemed really stressed and we dindn't get to relax over a good dinner. We got the food we ordered quick, but it came from two different kitchens so it did not come all at the same time. The food it self was really good, but since it felt like a nonexicting service in an extremly stressed situation it only get ***. ","November 1, 2016",Barcelona_Catalonia,https://www.tripadvisor.com/Restaurant_Review-g187497-d787824-Reviews-or440-La_Flauta-Barcelona_Catalonia.html,UID_10684,"{'service': 'negative', 'wait time': 'positive', 'atmosphere': 'negative', 'food': 'positive'}"
306879,306880,Albi,2,Negative,review_221137456,Bad experience,"We were 4ppl eating at Albi for lunch... Our experience was pretty bad from the beginning until the end. We ordered 4 menu del dia, the pre starters supposed to be a tapas was shredded surimi... Starters were ok. But the main course was really...","We were 4ppl eating at Albi for lunch... Our experience was pretty bad from the beginning until the end. We ordered 4 menu del dia, the pre starters supposed to be a tapas was shredded surimi... Starters were ok. But the main course was really bad: one overcooked steak, hairs in the French fries and the fish was served with rotten lemon. Finally the waitress did not bring us the change and we had to ask for it. Anyway I had to let everyone know that it is not worth the price.","August 11, 2014",Barcelona_Catalonia,https://www.tripadvisor.com/Restaurant_Review-g187497-d1089029-Reviews-or20-Albi-Barcelona_Catalonia.html,UID_186202,"{'service': 'negative', 'food': 'negative', 'price': 'negative', 'waitress': 'negative'}"
420326,420327,La_Gastronomica,3,Negative,review_639305712,very small restaurant and tiny portions,"tunafish dish is just 4 table spoon size at 9.5 Euro price....We were 2., paid 40 Euro for dinner and left the restaurant without feeling full.The main problem is very tiny portions at very high price.","tunafish dish is just 4 table spoon size at 9.5 Euro price....We were 2., paid 40 Euro for dinner and left the restaurant without feeling full.The main problem is very tiny portions at very high price.","December 12, 2018",Barcelona_Catalonia,https://www.tripadvisor.com/Restaurant_Review-g187497-d12702677-Reviews-or220-La_Gastronomica-Barcelona_Catalonia.html,UID_62943,"{'tunafish dish': 'negative', 'price': 'negative', 'portion size': 'negative', 'satisfaction': 'negative'}"
193649,193650,Bar_Celta_Pulperia,4,Positive,review_533386901,Excellent authentic tapas,"Great authentic local tapas restaurant. I saw a mix of tourists and local families with children which is a good sign. Standard traditional tapas fare like octopus, sausages, fish, wine and beer. Has a nice bar to sit at and admire all of the food,...","Great authentic local tapas restaurant. I saw a mix of tourists and local families with children which is a good sign. Standard traditional tapas fare like octopus, sausages, fish, wine and beer. Has a nice bar to sit at and admire all of the food, or you can grab a table. Not a 5 star restaurant but great, authentic local tapas. Wonderful find when wandering around d the gothic quarter. ","October 16, 2017",Barcelona_Catalonia,https://www.tripadvisor.com/Restaurant_Review-g187497-d7708330-Reviews-or120-Bar_Celta_Pulperia-Barcelona_Catalonia.html,UID_134258,"{'restaurant type': 'positive', 'food': 'positive', 'atmosphere': 'positive', 'bar': 'positive', 'location': 'positive'}"
202506,202507,Surya_Pau_Claris,1,Negative,review_413112029,Unhappy staff,"not a pleasant experience if you like to be looked after. Also, check the bill carefully as they tried to charge me twice.  The food was nothing special and a bit pricey","not a pleasant experience if you like to be looked after. Also, check the bill carefully as they tried to charge me twice.  The food was nothing special and a bit pricey","August 31, 2016",Barcelona_Catalonia,https://www.tripadvisor.com/Restaurant_Review-g187497-d5582359-Reviews-or210-Surya_Pau_Claris-Barcelona_Catalonia.html,UID_92699,"{'service': 'negative', 'price': 'negative', 'food': 'neutral', 'billing': 'negative'}"
251243,251244,Loft_Del_Born,5,Positive,review_506487300,Excellent Food and Service,We ate there twice so we had four different meals and all were excellent.  The waitress spoke perfect English.  We ate inside the restaurant and it was very quiet.  Couldn't have asked for more.  If I ever return to Barcelona I will make sure I...,We ate there twice so we had four different meals and all were excellent. The waitress spoke perfect English. We ate inside the restaurant and it was very quiet. Couldn't have asked for more. If I ever return to Barcelona I will make sure I find a place close to this restaurant so I can return there and enjoy their great meals.,"July 28, 2017",Barcelona_Catalonia,https://www.tripadvisor.com/Restaurant_Review-g187497-d4589368-Reviews-or40-Loft_Del_Born-Barcelona_Catalonia.html,UID_162144,"{'food': 'positive', 'service': 'positive', 'atmosphere': 'positive', 'location': 'positive'}"
216018,216019,Xiringuito_Escriba,3,Negative,review_566215888,Great location and vibe,"The location, vibe and paella are really good. But you pay for the location. Rest of the food was ok.","The location, vibe and paella are really good. But you pay for the location. Rest of the food was ok.","March 13, 2018",Barcelona_Catalonia,https://www.tripadvisor.com/Restaurant_Review-g187497-d718434-Reviews-or200-Xiringuito_Escriba-Barcelona_Catalonia.html,UID_145460,"{'location': 'positive', 'vibe': 'positive', 'paella': 'positive', 'price': 'negative', 'food': 'neutral'}"
389344,389345,O_Hara_s_Irish_Bar_Restaurant,2,Negative,review_643494327,"Nice beer, horrible food!","Unless you are microwave heated food fan, do not eat here! The food is terrible and absolutely not edible. The staff is, however, very kind and so is beer.","Unless you are microwave heated food fan, do not eat here! The food is terrible and absolutely not edible. The staff is, however, very kind and so is beer.","January 4, 2019",Barcelona_Catalonia,https://www.tripadvisor.com/Restaurant_Review-g187497-d4225510-Reviews-or10-O_Hara_s_Irish_Bar_Restaurant-Barcelona_Catalonia.html,UID_189795,"{'food': 'negative', 'service': 'positive', 'beer': 'positive'}"
334654,334655,4_Gats,4,Positive,review_398986271,A historical landmark and a must visit in Barcelona!,"The place is an old hangout of poets, painters and great artists of a golden generation in Spain. It is nestled in a quaint street in the Gothic Quarter beyond the old Roman walls. Just walking there From Plaza Catalunya is an experience. The restaurant...","The place is an old hangout of poets, painters and great artists of a golden generation in Spain. It is nestled in a quaint street in the Gothic Quarter beyond the old Roman walls. Just walking there From Plaza Catalunya is an experience. The restaurant itself is a work of art. My wife, 8 year old son and 3 year old daughter were there for lunch and were helped by Romeo, who was an absolute pleasure to talk to and was a true professional in helping us navigate the menu. This place is a true Barcelona landmark and must when spending a few days in town.","July 29, 2016",Barcelona_Catalonia,https://www.tripadvisor.com/Restaurant_Review-g187497-d896759-Reviews-or890-4_Gats-Barcelona_Catalonia.html,UID_197202,"{'place': 'positive', 'atmosphere': 'positive', 'service': 'positive', 'menu': 'positive'}"
149931,149932,Mirandoalmar,3,Negative,review_531826276,Nice Views,Great views and prix fixe menu but be sure to double check your bill. We found that they charged us a fee to sit on the terrace and for bread (which we didn't ask for). The food was average but I think you go to...,Great views and prix fixe menu but be sure to double check your bill. We found that they charged us a fee to sit on the terrace and for bread (which we didn't ask for). The food was average but I think you go to places like this for views more so than food.,"October 10, 2017",Barcelona_Catalonia,https://www.tripadvisor.com/Restaurant_Review-g187497-d3568528-Reviews-or170-Mirandoalmar-Barcelona_Catalonia.html,UID_110052,"{'views': 'positive', 'menu': 'positive', 'bill': 'negative', 'service': 'negative', 'food': 'neutral', 'atmosphere': 'positive'}"
49738,49739,Dona_Rosa,1,Negative,review_683072010,Selective Customer Served,You let white people sit and drink coffee while a person in color who orders the same is treated very bad! Shame.,You let white people sit and drink coffee while a person in color who orders the same is treated very bad! Shame.,"June 20, 2019",Barcelona_Catalonia,https://www.tripadvisor.com/Restaurant_Review-g187497-d10285793-Reviews-or100-Dona_Rosa-Barcelona_Catalonia.html,UID_42843,"{'service': 'negative', 'racial fairness': 'negative'}"
109985,109986,Cerveceria_Catalana,5,Positive,review_722307351,"Gorgeous tapas, consistent quality and service","I have been a patron of Cervesería Catalana for over 10 years now, and can honestly say that their tapas are some of the best in Barcelona. Throughout the time we have been visiting, the food is always consistently good quality and service is excellent....","I have been a patron of Cervesería Catalana for over 10 years now, and can honestly say that their tapas are some of the best in Barcelona. Throughout the time we have been visiting, the food is always consistently good quality and service is excellent.  Don’t be fooled by their lack of website or online presence... this is one of the slickest and best run restaurants in Barcelona. Before you visit, please note that they do not take reservations - be prepared to wait for a table if you turn up at busy times. If you’ve got flexibility, I’d recommend coming for an early midweek lunch (when the restaurant is quietest). We personally love the whitebait, Spanish omelette, crispy Camembert, and calamari. They also have a fabulous selection of desserts on offer.","October 29, 2019",Barcelona_Catalonia,https://www.tripadvisor.com/Restaurant_Review-g187497-d782944-Reviews-or100-Cerveceria_Catalana-Barcelona_Catalonia.html,UID_85787,"{'cervesería catalana': 'positive', 'tapas': 'positive', 'food': 'positive', 'service': 'positive', 'online presence': 'neutral', 'management': 'positive', 'reservations': 'negative', 'wait time': 'negative', 'atmosphere': 'positive', 'whitebait': 'positive', 'spanish omelette': 'positive', 'crispy camembert': 'positive', 'calamari': 'positive', 'desserts': 'positive'}"
262982,262983,Casa_Guinart,5,Positive,review_425536461,Nice lunch on La Rambla,The upstairs dining room was cozy with exposed brick and wood and away from the noise and smoking in the street. The menu had allergy symbols next to the dished that I appreciate having celiac.,The upstairs dining room was cozy with exposed brick and wood and away from the noise and smoking in the street. The menu had allergy symbols next to the dished that I appreciate having celiac.,"October 6, 2016",Barcelona_Catalonia,https://www.tripadvisor.com/Restaurant_Review-g187497-d3650118-Reviews-or150-Casa_Guinart-Barcelona_Catalonia.html,UID_167301,"{'atmosphere': 'positive', 'menu': 'positive'}"
148347,148348,La_Pampa,5,Positive,review_477388613,5/5,"Great food and great service! Go here once, and you are definetly coming back. This restaurant is worth a visit. Driss and the rest of the guys are awesome!","Great food and great service! Go here once, and you are definetly coming back. This restaurant is worth a visit. Driss and the rest of the guys are awesome!","April 20, 2017",Barcelona_Catalonia,https://www.tripadvisor.com/Restaurant_Review-g187497-d7180993-Reviews-or70-La_Pampa-Barcelona_Catalonia.html,UID_109070,"{'food': 'positive', 'service': 'positive', 'restaurant': 'positive'}"
390477,390478,Rosti_Restaurant,2,Negative,review_390767529,Smallest paella ever. ,"We ordered mixed paella for 3 to share with the kids. They could have easily eaten one each and I could have eaten 2. It had one of everything, one squid ring, one bit of chicken, etc. They also had very few smoothies for the...","We ordered mixed paella for 3 to share with the kids. They could have easily eaten one each and I could have eaten 2. It had one of everything, one squid ring, one bit of chicken, etc. They also had very few smoothies for the kids despite having a a large selection on the menu, there were only 3 available.  Very disappointed and almost as hungry as I was when I came in. ","July 9, 2016",Barcelona_Catalonia,https://www.tripadvisor.com/Restaurant_Review-g187497-d3677525-Reviews-or30-Rosti_Restaurant-Barcelona_Catalonia.html,UID_175757,"{'paella': 'negative', 'portion size': 'negative', 'smoothies': 'negative', 'menu variety': 'negative', 'satisfaction': 'negative'}"
245568,245569,Thai_Barcelona_Royal_Cuisine_Restaurant,5,Positive,review_593246755,"Brilliant restaurant , staff and food","This place was just round the corner from our hotel and was superb. The staff (Imelda I think was her name) was very friendly, funny and interactive with our table of 4. Food was excellent and I would definitely come back again. Decor and ambience...","This place was just round the corner from our hotel and was superb. The staff (Imelda I think was her name) was very friendly, funny and interactive with our table of 4. Food was excellent and I would definitely come back again. Decor and ambience was great too.","July 5, 2018",Barcelona_Catalonia,https://www.tripadvisor.com/Restaurant_Review-g187497-d800988-Reviews-or50-Thai_Barcelona_Royal_Cuisine_Restaurant-Barcelona_Catalonia.html,UID_159626,"{'location': 'positive', 'service': 'positive', 'food': 'positive', 'atmosphere': 'positive'}"
323884,323885,Merenda_Sinoira,5,Positive,review_483911779,Enticing visually and the tastebuds excited too!,A small characterful place hiding near the Barcelona arc de triomf. Friendly staff - homemade tasty food - will look forward to my return!,A small characterful place hiding near the Barcelona arc de triomf. Friendly staff - homemade tasty food - will look forward to my return!,"May 13, 2017",Barcelona_Catalonia,https://www.tripadvisor.com/Restaurant_Review-g187497-d10445344-Reviews-Merenda_Sinoira-Barcelona_Catalonia.html,UID_86222,"{'place': 'positive', 'staff': 'positive', 'food': 'positive'}"
334743,334744,Hanami,4,Positive,review_553428917,Good,"I went there with a friend for dinner and as we are students, we do not have that much money. For less than 14 euros, we took the menu del noche which consists of 3 dishes, a beverage and a dessert. It was delicious and...","I went there with a friend for dinner and as we are students, we do not have that much money. For less than 14 euros, we took the menu del noche which consists of 3 dishes, a beverage and a dessert. It was delicious and copious.","January 12, 2018",Barcelona_Catalonia,https://www.tripadvisor.com/Restaurant_Review-g187497-d8590021-Reviews-Hanami-Barcelona_Catalonia.html,UID_75738,"{'price': 'positive', 'food': 'positive', 'quantity': 'positive'}"
373996,373997,La_Torreta_Del_Parc_Guell,1,Negative,review_428715565,Please don't eat here,"This restaurant is not worth your visit. The food is terible, and I don't even want to talk about the toilets.","This restaurant is not worth your visit. The food is terible, and I don't even want to talk about the toilets.","October 17, 2016",Barcelona_Catalonia,https://www.tripadvisor.com/Restaurant_Review-g187497-d2703119-Reviews-or20-La_Torreta_Del_Parc_Guell-Barcelona_Catalonia.html,UID_210471,"{'restaurant': 'negative', 'food': 'negative', 'toilets': 'negative'}"
157396,157397,Jamon_y_vino,3,Negative,review_430968235,"Solid place to eat, but a bit pricey","I really wanted to have paella. On the suggestion of our waiter, I ordered the paella marisco. It was OK. There was enough for my husband and I to split. We also split the Catalan salad which was nice.","I really wanted to have paella. On the suggestion of our waiter, I ordered the paella marisco. It was OK. There was enough for my husband and I to split. We also split the Catalan salad which was nice.","October 23, 2016",Barcelona_Catalonia,https://www.tripadvisor.com/Restaurant_Review-g187497-d7933045-Reviews-or200-Jamon_y_vino-Barcelona_Catalonia.html,UID_97525,"{'paella': 'neutral', 'service': 'positive', 'portion size': 'positive', 'salad': 'positive'}"
363596,363597,Taller_de_Tapas_Rambla_Catalunya,1,Negative,review_448029167,Lunch ,"Based on my experience I do not recommend this restaurant at all what so ever. I have never been disappointed by a so called Argentinian restaurant up until now. The service was bad, sat me in the corner, when I didn't even misbehave while there...","Based on my experience I do not recommend this restaurant at all what so ever. I have never been disappointed by a so called Argentinian restaurant up until now.  The service was bad, sat me in the corner, when I didn't even misbehave while there were more available tables.  The drinks were the two worst drinks I've ever had in my entire life. They either don't have a blender or don't know how to use one. The drinks were a piña colada and a daiquiri. Both of which at the very least should be blended. I understand the strength will vary. But the taste was bad despite that.  Moving on to the food. I began with a handmade Jubugo ham croquette that was not good. Not to mention too mushy and on the creamy side 1,60€. Following that was a dish of Galician style octopus with smoked paprika and extra virgin olive oil Jose Style, 9,95€. If you like octopus as I do, then you will be disappointed. I don't recommend it. It tasted worse than it looks.  I don't mean to appear harsh during this review, however, this was from my experience and my wife.  The only thing in my opinion that wasn't bad was the burger ""La Generosa"" with Goat cheese and caramelized onions 9,80€. The caramelized onions were hardly existent but still not bad.  Overall, I'd avoid this place since there are many other options in the near vicinity. ","December 31, 2016",Barcelona_Catalonia,https://www.tripadvisor.com/Restaurant_Review-g187497-d814881-Reviews-or420-Taller_de_Tapas_Rambla_Catalunya-Barcelona_Catalonia.html,UID_206749,"{'restaurant recommendation': 'negative', 'service': 'negative', 'drinks': 'negative', 'blender usage': 'negative', 'piña colada': 'negative', 'daiquiri': 'negative', 'food': 'negative', 'jubugo ham croquette': 'negative', 'galician style octopus': 'negative', ""burger 'la generosa'"": 'neutral', 'caramelized onions': 'neutral', 'atmosphere': 'negative'}"
154700,154701,ABaC,5,Positive,review_224268523,Amazing service and presentation...food is outstanding!,This gorgeous two-Michelin star restaurant is a seafood lover's dream with delicious cocktails and an amazing gastronomic experience.,This gorgeous two-Michelin star restaurant is a seafood lover's dream with delicious cocktails and an amazing gastronomic experience.,"August 25, 2014",Barcelona_Catalonia,https://www.tripadvisor.com/Restaurant_Review-g187497-d1074448-Reviews-or430-ABaC-Barcelona_Catalonia.html,UID_34156,"{'restaurant': 'positive', 'seafood': 'positive', 'cocktails': 'positive', 'gastronomic experience': 'positive'}"
419613,419614,Billy_Brunch,5,Positive,review_644815203,Kings Brunch,"I found Billybrunch by accident  and it was a good surprise. It’s a very cozy place, not too crowded and with a good service. One of the things that I value more is price vs quality and I’ve to say that the it’s according my...","I found Billybrunch by accident and it was a good surprise. It’s a very cozy place, not too crowded and with a good service. One of the things that I value more is price vs quality and I’ve to say that the it’s according my expectations. The food was quite good although I miss a little more of patatoes on my Benedict’s plate.  The staff very friendly, the environment very cozy and clean with an inviting decoration. I just love the box were they bring us the receipt. I’m not going to tell you, don’t to be a looper. They have some books that you can read while you are there. Interesting.","January 9, 2019",Barcelona_Catalonia,https://www.tripadvisor.com/Restaurant_Review-g187497-d14079258-Reviews-or280-Billy_Brunch-Barcelona_Catalonia.html,UID_158383,"{'billybrunch': 'positive', 'atmosphere': 'positive', 'crowd': 'positive', 'service': 'positive', 'price vs quality': 'positive', 'food': 'positive', 'potatoes': 'negative', 'staff': 'positive', 'cleanliness': 'positive', 'decoration': 'positive', 'receipt presentation': 'positive', 'books': 'neutral'}"
129861,129862,Tickets,5,Positive,review_380983532,Superb!,"Reservation made 2 months in advance. The food is unbelievable and the service is top notch. We asked for a surprise menu, then the server asked for our preferences. I still remember the very first course - the 'olive'. Many more courses follow and they...","Reservation made 2 months in advance. The food is unbelievable and the service is top notch. We asked for a surprise menu, then the server asked for our preferences. I still remember the very first course - the 'olive'. Many more courses follow and they are all great. No one does it like Tickets! Truly innovative, fun and tasty. Will recommend this to anyone who visits Barcelona.","June 8, 2016",Barcelona_Catalonia,https://www.tripadvisor.com/Restaurant_Review-g187497-d2054462-Reviews-or410-Tickets-Barcelona_Catalonia.html,UID_98101,"{'reservation': 'positive', 'food': 'positive', 'service': 'positive', 'menu': 'positive', 'atmosphere': 'positive', 'recommendation': 'positive'}"
80240,80241,CACTUS_CAFE,5,Positive,review_622810687,Nice little spot for breakfast...,"A small but characterful spot with a good selection of reasonably priced breakfast items. They sell good coffee, and the service was efficient and friendly. “Green is the new black!”","A small but characterful spot with a good selection of reasonably priced breakfast items. They sell good coffee, and the service was efficient and friendly. “Green is the new black!”","October 7, 2018",Barcelona_Catalonia,https://www.tripadvisor.com/Restaurant_Review-g187497-d13385766-Reviews-or30-CACTUS_CAFE-Barcelona_Catalonia.html,UID_65531,"{'size': 'neutral', 'atmosphere': 'positive', 'menu variety': 'positive', 'price': 'positive', 'coffee': 'positive', 'service': 'positive'}"
336698,336699,Babilonia,3,Negative,review_379480863,"Unremarkable food, High prices",This restaurant charges some pretty high prices for some unremarkable food. I suppose the main attraction is Gaudi's church of the holy family  which seats right in front of the outdoor seating and distracts you from the food or the bill.,This restaurant charges some pretty high prices for some unremarkable food. I suppose the main attraction is Gaudi's church of the holy family  which seats right in front of the outdoor seating and distracts you from the food or the bill.,"June 3, 2016",Barcelona_Catalonia,https://www.tripadvisor.com/Restaurant_Review-g187497-d1952781-Reviews-or40-Babilonia-Barcelona_Catalonia.html,UID_183137,"{'price': 'negative', 'food': 'negative', 'atmosphere': 'positive'}"
130298,130299,Restaurante_La_Boqueria,5,Positive,review_554266726,Delicious food and lovely atmosphere,We went for dinner to La Boqueria and ordered a variety of tapas which were each delicious. The restaurant is welcoming and obviously popular. The waiter kindly offered free Grappa after our meal- a nice treat. The food quality and atmosphere is better than many...,We went for dinner to La Boqueria and ordered a variety of tapas which were each delicious. The restaurant is welcoming and obviously popular. The waiter kindly offered free Grappa after our meal- a nice treat. The food quality and atmosphere is better than many other places in Barcelona yet the prices are totally reasonable.,"January 16, 2018",Barcelona_Catalonia,https://www.tripadvisor.com/Restaurant_Review-g187497-d8384662-Reviews-or280-Restaurante_La_Boqueria-Barcelona_Catalonia.html,UID_98363,"{'tapas': 'positive', 'atmosphere': 'positive', 'service': 'positive', 'food quality': 'positive', 'price': 'positive'}"
387471,387472,Caruso,3,Negative,review_258257805,Nice but didn't live up to its namesake,Nice pizza's but décor was a little more like a café than a restaurant.Couldn't resist a visit though as we love our local Italian restaurant which goes by the same name.This did put the Barcelona restaurant at a disadvantage as its namesake meant...,Nice pizza's but décor was a little more like a café than a restaurant. Couldn't resist a visit though as we love our local Italian restaurant which goes by the same name. This did put the Barcelona restaurant at a disadvantage as its namesake meant it has a lot to live up to and unfortunately whilst the food was nice it was nothing spectacular. Sorry but I'll be sticking with my local Carusso's,"March 7, 2015",Barcelona_Catalonia,https://www.tripadvisor.com/Restaurant_Review-g187497-d5504284-Reviews-or180-Caruso-Barcelona_Catalonia.html,UID_2605,"{'pizza': 'positive', 'decor': 'negative', 'comparison with local restaurant': 'negative', 'food': 'neutral'}"
70888,70889,Vivo_Tapas,5,Positive,review_568949597,Great food and service ,"Had a great night here, great food and service. We were served by Nuria who was excellent. Would highly recommend","Had a great night here, great food and service. We were served by Nuria who was excellent. Would highly recommend ","March 26, 2018",Barcelona_Catalonia,https://www.tripadvisor.com/Restaurant_Review-g187497-d10901576-Reviews-or430-Vivo_Tapas-Barcelona_Catalonia.html,UID_58809,"{'food': 'positive', 'service': 'positive'}"
12915,12916,Sensi_Bistro_Barcelona,5,Positive,review_714007644,Great Tapas,"Fabulous dinner, attentive and helpful service - really great food strongly recommend but suggest  you make a reservation !","Fabulous dinner, attentive and helpful service - really great food strongly recommend but suggest  you make a reservation !","September 29, 2019",Barcelona_Catalonia,https://www.tripadvisor.com/Restaurant_Review-g187497-d3863259-Reviews-or30-Sensi_Bistro_Barcelona-Barcelona_Catalonia.html,UID_12090,"{'dinner': 'positive', 'service': 'positive', 'food': 'positive', 'reservation': 'neutral'}"
88386,88387,Vinitus,3,Negative,review_422055280,A gem,"I came here twice on my trip to Barcelona! A great place with amazing tapas. They had a great and varied selection - much of it on display. But also everything tasted amazing and the presentation was beautiful. The cod with honey, mussels and grilled...","I came here twice on my trip to Barcelona! A great place with amazing tapas. They had a great and varied selection - much of it on display. But also everything tasted amazing and the presentation was beautiful. The cod with honey, mussels and grilled vegetables were a big hit with the group! It is also incredibly reasonably priced for what you get. I will definitely visit this place again when I return!","September 25, 2016",Barcelona_Catalonia,https://www.tripadvisor.com/Restaurant_Review-g187497-d1228300-Reviews-or1020-Vinitus-Barcelona_Catalonia.html,UID_71313,"{'place': 'positive', 'tapas': 'positive', 'selection': 'positive', 'taste': 'positive', 'presentation': 'positive', 'cod with honey': 'positive', 'mussels': 'positive', 'grilled vegetables': 'positive', 'price': 'positive'}"
287978,287979,Habibi_Restaurant_Shisha_Bar,4,Positive,review_501776865,nice restaurant,we liked the place and the atmosphere was very nice. they provide Halal food. we tried the grill foods with rice and they were awesome. the staff are very friendly and cooperative especially Abo Yasmeen. we would recommend it for others.,we liked the place and the atmosphere was very nice. they provide Halal food. we tried the grill foods with rice and they were awesome. the staff are very friendly and cooperative especially Abo Yasmeen. we would recommend it for others.,"July 13, 2017",Barcelona_Catalonia,https://www.tripadvisor.com/Restaurant_Review-g187497-d11906556-Reviews-or50-Habibi_Restaurant_Shisha_Bar-Barcelona_Catalonia.html,UID_85936,"{'place': 'positive', 'atmosphere': 'positive', 'halal food': 'neutral', 'grill foods': 'positive', 'rice': 'positive', 'staff': 'positive', 'service': 'positive'}"
290793,290794,Orac,5,Positive,review_602996058,Very Friendly,This restaurant was next to where we were staying. The hosts Ricardo and Anna were very friendly and helpful. The food was very good ( priced well ) and the beer very cold. The wives loved there sangria. If you travel to this part of...,This restaurant was next to where we were staying. The hosts Ricardo and Anna were very friendly and helpful. The food was very good ( priced well ) and the beer very cold. The wives loved there sangria. If you travel to this part of Barcelona make sure to drop in.,"August 5, 2018",Barcelona_Catalonia,https://www.tripadvisor.com/Restaurant_Review-g187497-d12981835-Reviews-Orac-Barcelona_Catalonia.html,UID_179617,"{'location': 'positive', 'service': 'positive', 'food': 'positive', 'price': 'positive', 'drinks': 'positive', 'atmosphere': 'positive'}"
336262,336263,Mi_Burrito_y_Yo,4,Positive,review_545826154,great Spatchcock chicken ,had a great time.  music light piano.  rustic food . lovely  flavours . quiet ambience.  attentive service when you want  not pushy,had a great time.  music light piano.  rustic food . lovely  flavours . quiet ambience.  attentive service when you want  not pushy,"December 7, 2017",Barcelona_Catalonia,https://www.tripadvisor.com/Restaurant_Review-g187497-d997829-Reviews-or60-Mi_Burrito_y_Yo-Barcelona_Catalonia.html,UID_197830,"{'time': 'positive', 'music': 'positive', 'food': 'positive', 'flavours': 'positive', 'ambience': 'positive', 'service': 'positive'}"
259229,259230,Boca_Grande,4,Positive,review_350041743,Yum,Apparently this is one of the best restaurants in Barcelona - well with a bottle of wine that we started with - it sure takes the biscuit - more tapas to follow - bring it on,Apparently this is one of the best restaurants in Barcelona - well with a bottle of wine that we started with - it sure takes the biscuit - more tapas to follow - bring it on,"February 22, 2016",Barcelona_Catalonia,https://www.tripadvisor.com/Restaurant_Review-g187497-d2323566-Reviews-or470-Boca_Grande-Barcelona_Catalonia.html,UID_165647,"{'restaurant': 'positive', 'wine': 'positive', 'tapas': 'positive'}"
163381,163382,9_Granados_Restaurant,5,Positive,review_549803941,Twice in a week,"When you return twice in one week in the same restaurant in city like Barcelona it means a lot. So did we. And it was great both times. We had tapas of all different sort, drunk wine and enjoyed the atmosphere. It is very difficult...","When you return twice in one week in the same restaurant in city like Barcelona it means a lot. So did we. And it was great both times. We had tapas of all different sort, drunk wine and enjoyed the atmosphere. It is very difficult to make decision where to eat in Barcelona but this decision was great.","December 28, 2017",Barcelona_Catalonia,https://www.tripadvisor.com/Restaurant_Review-g187497-d3703494-Reviews-or40-9_Granados_Restaurant-Barcelona_Catalonia.html,UID_118073,"{'frequency of visits': 'positive', 'tapas': 'positive', 'wine': 'positive', 'atmosphere': 'positive', 'decision making': 'positive'}"
105960,105961,Mussol_Casp,3,Negative,review_264517571,Simple lunch,"We went here looking for a simple, gluten free lunch. The staff were very accommodating and it was not overpriced.","We went here looking for a simple, gluten free lunch. The staff were very accommodating and it was not overpriced.","April 8, 2015",Barcelona_Catalonia,https://www.tripadvisor.com/Restaurant_Review-g187497-d815668-Reviews-or110-Mussol_Casp-Barcelona_Catalonia.html,UID_82983,"{'food': 'positive', 'service': 'positive', 'price': 'positive'}"
125599,125600,Restaurante_Sesamo,5,Positive,review_216390191,"Have to Agree, Just a must in BCN","Was in our list to things for do in Barcelona, the only thing we regret is not coming sooner! Left it for our last night, went for the tasting menu plus a portion of the organic figs from the specials board a bit too much...","Was in our list to things for do in Barcelona, the only thing we regret is not coming sooner! Left it for our last night, went for the tasting menu plus a portion of the organic figs from the specials board a bit too much food for us but all worth trying and sampling. Great gnocchis and Indian curry. Alfredo, the chef is planning to do an entire week of a vegetarian pop up in London, he was explaining us how he wants to take over an English meat pub and turn it veggie for a week! Perfect excuse to come and try more food!!! Hopefully in September, fingers crossed.","July 20, 2014",Barcelona_Catalonia,https://www.tripadvisor.com/Restaurant_Review-g187497-d997328-Reviews-or390-Restaurante_Sesamo-Barcelona_Catalonia.html,UID_95617,"{'food': 'positive', 'service': 'positive', 'atmosphere': 'positive', 'gnocchis': 'positive', 'indian curry': 'positive', 'organic figs': 'positive', 'tasting menu': 'positive', 'vegetarian options': 'positive'}"
